module,modinfo_name,path,subsystem,in_modules_load,source_built_override,n_versions,n_kmi_pure,n_kmi_extended,n_vendor_internal_resolved,n_vendor_internal_missing,n_crc_mismatch,module_layout_status,verdict,secondary_verdict,sample_failing
adsp_loader_dlkm,adsp_loader_dlkm,device/oneplus/infiniti-kernel/adsp_loader_dlkm.ko,audio,1,0,45,0,0,0,2,43,mismatch(e976b219!=38f960dd),load-fail-module-layout,load-fail-crc,_printk=crc(16b5b21d!=92997ed8);mutex_lock=crc(995658e3!=d5977bfb);ktime_get=crc(ff9a6e5c!=b43f9365);mutex_unlock=crc(995658e3!=ed55cabd);_dev_err=crc(6b10178d!=89c10d29);rproc_shutdown=crc(bef187d1!=e161cbad);system_wq=crc(571c73d5!=2d3385d3);queue_work_on=crc(8f4cd990!=c5b6f236)
adsp_sleepmon,adsp_sleepmon,device/oneplus/infiniti-kernel/adsp_sleepmon.ko,audio,1,0,71,0,0,0,0,71,mismatch(e976b219!=38f960dd),load-fail-module-layout,load-fail-crc,_printk=crc(16b5b21d!=92997ed8);arch_timer_read_counter=crc(36e9bb71!=75fb9062);wait_for_completion=crc(7da92691!=25974000);mutex_lock=crc(995658e3!=d5977bfb);rpmsg_send=crc(9023b26d!=19ecfe44);mutex_unlock=crc(995658e3!=ed55cabd);__stack_chk_fail=crc(d272d446!=f0fdf6cb);__platform_driver_register=crc(26d0cf2d!=dda9df08)
altmode-glink,altmode_glink,device/oneplus/infiniti-kernel/altmode-glink.ko,misc,1,0,42,0,0,0,3,39,mismatch(e976b219!=38f960dd),load-fail-module-layout,load-fail-crc,__of_parse_phandle_with_args=crc(e99699d5!=64cc5fec);mutex_lock=crc(995658e3!=d5977bfb);of_find_device_by_node=crc(65e45ac5!=e3dc67df);mem_alloc_profiling_key=crc(8ee1928d!=0f05f001);kmalloc_caches=crc(d6ce5659!=559b0832);__kmalloc_cache_noprof=crc(6cc46e45!=57abd7cf);mutex_unlock=crc(995658e3!=ed55cabd);_dev_err=crc(6b10178d!=89c10d29)
arm_smmu,arm_smmu,device/oneplus/infiniti-kernel/arm_smmu.ko,misc,0,0,151,0,0,0,0,151,mismatch(e976b219!=38f960dd),load-fail-module-layout,load-fail-crc,_dev_warn=crc(6b10178d!=4860eb3f);of_find_property=crc(9a0c7532!=4d1675b6);of_device_is_compatible=crc(c993f0e5!=9be608c5);devm_krealloc=crc(93eb68a1!=bd19507a);log_read_mmio=crc(f5e9ca2e!=6b722180);log_post_read_mmio=crc(ec62c96b!=0c1a5ee3);log_write_mmio=crc(295b83ed!=c905402b);log_post_write_mmio=crc(295b83ed!=fa4d3c24)
arm_smmu_pmu,arm_smmu_pmu,device/oneplus/infiniti-kernel/arm_smmu_pmu.ko,misc,0,0,35,0,0,0,0,35,mismatch(e976b219!=38f960dd),load-fail-module-layout,load-fail-crc,scnprintf=crc(f4386284!=96848186);__cpuhp_setup_state=crc(d96d6f98!=b66eb73f);__platform_driver_register=crc(26d0cf2d!=dda9df08);platform_driver_unregister=crc(8af50346!=3af3024b);__cpu_online_mask=crc(4e994f70!=ac594e02);nr_cpu_ids=crc(f296206e!=017de3d5);perf_pmu_migrate_context=crc(66c30a1b!=7d535484);cpu_bit_bitmap=crc(6bbc9298!=62ad2053)
atmel_mxt_ts,atmel_mxt_ts,device/oneplus/infiniti-kernel/atmel_mxt_ts.ko,misc,0,0,78,0,0,0,0,78,mismatch(e976b219!=38f960dd),load-fail-module-layout,load-fail-crc,i2c_register_driver=crc(6f0760fb!=b84054a9);i2c_del_driver=crc(ef821497!=938a618b);device_property_present=crc(a83605e2!=892b3546);of_count_phandle_with_args=crc(8144ad5b!=a0ad1501);__of_parse_phandle_with_args=crc(e99699d5!=64cc5fec);of_drm_find_panel=crc(daefb31f!=59de7083);of_property_read_string=crc(fc9f25c0!=27bdd89b);strlen=crc(90d19584!=98cf60b3)
audio_pkt_dlkm,audio_pkt_dlkm,device/oneplus/infiniti-kernel/audio_pkt_dlkm.ko,audio,1,0,60,0,0,0,12,48,mismatch(e976b219!=38f960dd),load-fail-module-layout,load-fail-crc,ipc_log_string=missing;_raw_spin_lock_irqsave=crc(aa615763!=34db050b);__wake_up=crc(f7c60e8b!=e2964344);_raw_spin_unlock_irqrestore=crc(582af1c8!=d35cce70);spf_core_apm_close_all=missing;msm_audio_ion_crash_handler=missing;skb_dequeue=crc(f88e9e04!=1232da58);sk_skb_reason_drop=crc(3334991b!=88ec2462)
audio_prm_dlkm,audio_prm_dlkm,device/oneplus/infiniti-kernel/audio_prm_dlkm.ko,audio,1,0,34,0,0,0,11,23,mismatch(e976b219!=38f960dd),load-fail-module-layout,load-fail-crc,mem_alloc_profiling_key=crc(8ee1928d!=0f05f001);kmalloc_caches=crc(d6ce5659!=559b0832);__kmalloc_cache_noprof=crc(6cc46e45!=57abd7cf);kfree=crc(31359e90!=037a0cba);mutex_lock=crc(995658e3!=d5977bfb);gpr_get_q6_state=missing;gpr_send_pkt=missing;init_wait_entry=crc(6668f05d!=fe487975)
audpkt_ion_dlkm,audpkt_ion_dlkm,device/oneplus/infiniti-kernel/audpkt_ion_dlkm.ko,misc,1,0,48,0,0,0,3,45,mismatch(e976b219!=38f960dd),load-fail-module-layout,load-fail-crc,mutex_lock=crc(995658e3!=d5977bfb);_printk=crc(16b5b21d!=92997ed8);mutex_unlock=crc(995658e3!=ed55cabd);__list_add_valid_or_report=crc(6fabd45b!=7e19152a);kfree=crc(31359e90!=037a0cba);__list_del_entry_valid_or_report=crc(802f8919!=9a835040);qcom_scm_assign_mem=crc(ad9b4ffa!=cdaced8a);__stack_chk_fail=crc(d272d446!=f0fdf6cb)
bam_dma,bam_dma,device/oneplus/infiniti-kernel/bam_dma.ko,misc,1,0,82,0,0,0,3,79,mismatch(e976b219!=38f960dd),load-fail-module-layout,load-fail-crc,strlen=crc(90d19584!=98cf60b3);trace_event_buffer_reserve=crc(40964d00!=ef09c050);memcpy=crc(8a7493b2!=4829a47e);vsnprintf=crc(78dfe782!=00148653);trace_event_buffer_commit=crc(ffe3783c!=f95e6f0d);__trace_trigger_soft_disabled=crc(cb5e01d7!=dd84a68a);__stack_chk_fail=crc(d272d446!=f0fdf6cb);perf_trace_buf_alloc=crc(231ad1b8!=2d2c902f)
bcl_pmic5,bcl_pmic5,device/oneplus/infiniti-kernel/bcl_pmic5.ko,regulator-pmic,0,0,64,0,0,0,2,62,mismatch(e976b219!=38f960dd),load-fail-module-layout,load-fail-crc,trace_event_buffer_reserve=crc(40964d00!=ef09c050);trace_event_buffer_commit=crc(ffe3783c!=f95e6f0d);__trace_trigger_soft_disabled=crc(cb5e01d7!=dd84a68a);__stack_chk_fail=crc(d272d446!=f0fdf6cb);perf_trace_buf_alloc=crc(231ad1b8!=2d2c902f);perf_trace_run_bpf_submit=crc(2a290ade!=1c86eaa7);bpf_trace_run5=crc(df495bd0!=92d33301);blocking_notifier_chain_register=crc(bde3e279!=bb0c86a5)
bcl_soc,bcl_soc,device/oneplus/infiniti-kernel/bcl_soc.ko,misc,1,0,20,0,0,0,0,20,mismatch(e976b219!=38f960dd),load-fail-module-layout,load-fail-crc,__platform_driver_register=crc(26d0cf2d!=dda9df08);platform_driver_unregister=crc(8af50346!=3af3024b);devm_kmalloc=crc(d1263f9d!=9601551a);__mutex_init=crc(81d49dc6!=a571f6b0);power_supply_reg_notifier=crc(0a227d4d!=136209db);devm_thermal_of_zone_register=crc(0a45cfe3!=ed298013);thermal_zone_device_update=crc(defb5df8!=6f6e51f7);system_wq=crc(571c73d5!=2d3385d3)
boot_stats,boot_stats,device/oneplus/infiniti-kernel/boot_stats.ko,misc,1,0,9,0,0,0,0,9,mismatch(e976b219!=38f960dd),load-fail-module-layout,load-fail-crc,of_find_compatible_node=crc(730d7351!=9420f854);of_iomap=crc(e2ff4068!=1e39818e);of_property_read_variable_u32_array=crc(5de0294f!=e46d1c95);__of_get_address=crc(c07a2e81!=d3aef5db);_printk=crc(16b5b21d!=92997ed8);iounmap=crc(fbb66790!=edc03953);log_read_mmio=crc(f5e9ca2e!=6b722180);log_post_read_mmio=crc(ec62c96b!=0c1a5ee3)
bt_fm_swr,bt_fm_swr,device/oneplus/infiniti-kernel/bt_fm_swr.ko,bt,1,0,25,0,0,0,9,16,mismatch(e976b219!=38f960dd),load-fail-module-layout,load-fail-crc,_printk=crc(16b5b21d!=92997ed8);btpower_get_chipset_version=missing;swr_get_logical_dev_num=missing;usleep_range_state=crc(fdbae8c6!=c3055d20);__stack_chk_fail=crc(d272d446!=f0fdf6cb);swr_connect_port=missing;swr_slvdev_datapath_control=missing;swr_disconnect_port=missing
btfm_slim_codec,btfm_slim_codec,device/oneplus/infiniti-kernel/btfm_slim_codec.ko,bt,1,0,38,0,0,0,4,34,mismatch(e976b219!=38f960dd),load-fail-module-layout,load-fail-crc,_printk=crc(16b5b21d!=92997ed8);mutex_lock=crc(995658e3!=d5977bfb);slim_writeb=crc(b1140fe5!=ed6f39be);mutex_unlock=crc(995658e3!=ed55cabd);usleep_range_state=crc(fdbae8c6!=c3055d20);slim_readb=crc(79492c62!=17fab45f);slim_stream_allocate=crc(02c5c827!=ad8b60e0);mem_alloc_profiling_key=crc(8ee1928d!=0f05f001)
btfmcodec,btfmcodec,device/oneplus/infiniti-kernel/btfmcodec.ko,bt,1,0,64,0,0,0,1,63,mismatch(e976b219!=38f960dd),load-fail-module-layout,load-fail-crc,_raw_spin_lock_irqsave=crc(aa615763!=34db050b);__alloc_skb=crc(f9414958!=8a292505);skb_put=crc(7624f2c2!=07d30eb0);memcpy=crc(8a7493b2!=4829a47e);skb_queue_tail=crc(9e3cda57!=924af11d);__wake_up=crc(f7c60e8b!=e2964344);_raw_spin_unlock_irqrestore=crc(582af1c8!=d35cce70);_printk=crc(16b5b21d!=92997ed8)
btpower,btpower,device/oneplus/infiniti-kernel/btpower.ko,bt,1,0,96,0,0,0,1,95,mismatch(e976b219!=38f960dd),load-fail-module-layout,load-fail-crc,_printk=crc(16b5b21d!=92997ed8);mutex_lock=crc(995658e3!=d5977bfb);mutex_unlock=crc(995658e3!=ed55cabd);regulator_set_voltage=crc(0eecf958!=b661fae9);regulator_set_load=crc(bd7848fe!=5c7e8eae);regulator_enable=crc(3d3e5d40!=a76379ed);regulator_get_voltage=crc(3d3e5d40!=d7e60d1a);gpio_free=crc(ebe5da4a!=fe990052)
bwmon,bwmon,device/oneplus/infiniti-kernel/bwmon.ko,misc,1,0,65,0,0,0,11,54,mismatch(e976b219!=38f960dd),load-fail-module-layout,load-fail-crc,__platform_driver_register=crc(26d0cf2d!=dda9df08);platform_driver_unregister=crc(8af50346!=3af3024b);devm_kmalloc=crc(d1263f9d!=9601551a);of_device_get_match_data=crc(be4e2011!=218d268b);of_find_property=crc(9a0c7532!=4d1675b6);platform_get_resource_byname=crc(cc1c0f0f!=ddf84c88);arm64_use_ng_mappings=crc(3239fbdb!=af56600a);ioremap_prot=crc(c948ac44!=40863ba1)
cambistmclkcc-canoe,cambistmclkcc_canoe,device/oneplus/infiniti-kernel/cambistmclkcc-canoe.ko,misc,0,0,25,0,0,0,0,25,mismatch(e976b219!=38f960dd),load-fail-module-layout,load-fail-crc,__platform_driver_register=crc(26d0cf2d!=dda9df08);platform_driver_unregister=crc(8af50346!=3af3024b);qcom_cc_map=crc(60e78d81!=24dcedd6);qcom_cc_runtime_init=crc(40df0093!=b1f1f487);__pm_runtime_resume=crc(cc47d0a5!=0f14191c);of_get_property=crc(25eb83ce!=97bbda8e);strcmp=crc(f5df0401!=e2d5255a);clk_rivian_evo_pll_configure=crc(0d118103!=d8adda42)
camcc-alor,camcc_alor,device/oneplus/infiniti-kernel/camcc-alor.ko,misc,0,0,29,0,0,0,0,29,mismatch(e976b219!=38f960dd),load-fail-module-layout,load-fail-crc,__platform_driver_register=crc(26d0cf2d!=dda9df08);platform_driver_unregister=crc(8af50346!=3af3024b);qcom_cc_map=crc(60e78d81!=24dcedd6);qcom_cc_runtime_init=crc(40df0093!=b1f1f487);__pm_runtime_resume=crc(cc47d0a5!=0f14191c);alt_cb_patch_nops=crc(b8c8345a!=a65c6def);clk_lucid_evo_pll_configure=crc(0d118103!=e9ea1362);regmap_update_bits_base=crc(807ee877!=1ac5d5d4)
camcc-canoe,camcc_canoe,device/oneplus/infiniti-kernel/camcc-canoe.ko,misc,0,0,29,0,0,0,0,29,mismatch(e976b219!=38f960dd),load-fail-module-layout,load-fail-crc,__platform_driver_register=crc(26d0cf2d!=dda9df08);platform_driver_unregister=crc(8af50346!=3af3024b);qcom_cc_map=crc(60e78d81!=24dcedd6);qcom_cc_runtime_init=crc(40df0093!=b1f1f487);__pm_runtime_resume=crc(cc47d0a5!=0f14191c);clk_lucid_evo_pll_configure=crc(0d118103!=e9ea1362);regmap_update_bits_base=crc(807ee877!=1ac5d5d4);regmap_write=crc(8b1835dc!=eab872a6)
camera,camera,device/oneplus/infiniti-kernel/camera.ko,camera,1,0,419,0,0,0,18,401,mismatch(e976b219!=38f960dd),load-fail-module-layout,load-fail-crc,_raw_spin_lock_bh=crc(7c62d7bb!=0c3690fc);_raw_spin_unlock_bh=crc(7c62d7bb!=e46021ca);mutex_lock=crc(995658e3!=d5977bfb);mutex_unlock=crc(995658e3!=ed55cabd);__stack_chk_fail=crc(d272d446!=f0fdf6cb);kvfree=crc(3702a4be!=7aa1756e);__list_del_entry_valid_or_report=crc(802f8919!=9a835040);complete=crc(7da92691!=a6257a2f)
camera_extension,camera_extension,device/oneplus/infiniti-kernel/camera_extension.ko,camera,1,0,188,0,0,0,50,138,mismatch(e976b219!=38f960dd),load-fail-module-layout,load-fail-crc,devm_kmalloc=crc(d1263f9d!=9601551a);__mutex_init=crc(81d49dc6!=a571f6b0);mem_alloc_profiling_key=crc(8ee1928d!=0f05f001);__kmalloc_large_noprof=crc(27865ec7!=441d0de9);devm_kfree=crc(963fe25e!=36aa809e);kernel_kobj=crc(45e1f39a!=253f9cbc);kobject_create_and_add=crc(3e531720!=a8be50c3);sysfs_create_groups=crc(fee2e9dc!=0efa5201)
cdsprm,cdsprm,device/oneplus/infiniti-kernel/cdsprm.ko,misc,1,0,66,0,0,0,0,66,mismatch(e976b219!=38f960dd),load-fail-module-layout,load-fail-crc,_raw_spin_lock_irqsave=crc(aa615763!=34db050b);_raw_spin_unlock_irqrestore=crc(582af1c8!=d35cce70);rpmsg_send=crc(9023b26d!=19ecfe44);__stack_chk_fail=crc(d272d446!=f0fdf6cb);memset=crc(110f4d3a!=dcb764ad);_printk=crc(16b5b21d!=92997ed8);mutex_lock=crc(995658e3!=d5977bfb);mutex_unlock=crc(995658e3!=ed55cabd)
cfg80211,cfg80211,device/oneplus/infiniti-kernel/cfg80211.ko,misc,1,0,195,0,0,0,1,194,mismatch(e976b219!=38f960dd),load-fail-module-layout,load-fail-crc,system_wq=crc(571c73d5!=2d3385d3);queue_work_on=crc(8f4cd990!=c5b6f236);__cpu_online_mask=crc(4e994f70!=ac594e02);preempt_schedule_notrace=crc(d272d446!=f70e4a4d);jiffies=crc(f2a4b08a!=15ba50a6);__stack_chk_fail=crc(d272d446!=f0fdf6cb);rtnl_is_locked=crc(7851be11!=85670f1d);__warn_printk=crc(1127e91b!=56470118)
charger-ulog-glink,charger_ulog_glink,device/oneplus/infiniti-kernel/charger-ulog-glink.ko,charger,1,0,35,0,0,0,4,31,mismatch(e976b219!=38f960dd),load-fail-module-layout,load-fail-crc,__platform_driver_register=crc(26d0cf2d!=dda9df08);platform_driver_unregister=crc(8af50346!=3af3024b);devm_kmalloc=crc(d1263f9d!=9601551a);__mutex_init=crc(81d49dc6!=a571f6b0);__init_swait_queue_head=crc(d4e429b7!=608741b5);delayed_work_timer_fn=crc(b0f9b474!=ffeedf6a);init_timer_key=crc(534026f3!=c6f46339);pmic_glink_register_client=crc(b0110b62!=c34db291)
clk-dummy,clk_dummy,device/oneplus/infiniti-kernel/clk-dummy.ko,misc,0,0,16,0,0,0,0,16,mismatch(e976b219!=38f960dd),load-fail-module-layout,load-fail-crc,__platform_driver_register=crc(26d0cf2d!=dda9df08);platform_driver_unregister=crc(8af50346!=3af3024b);of_property_read_string=crc(fc9f25c0!=27bdd89b);devm_kmalloc=crc(d1263f9d!=9601551a);devm_clk_register=crc(c7d38f09!=53b21af5);_printk=crc(16b5b21d!=92997ed8);devm_reset_controller_register=crc(be6e8a92!=74cfd2c7);pm_genpd_init=crc(921fd077!=9c46e1f9)
clk-qcom,clk_qcom,device/oneplus/infiniti-kernel/clk-qcom.ko,misc,0,0,179,0,0,0,2,177,mismatch(e976b219!=38f960dd),load-fail-module-layout,load-fail-crc,regmap_write=crc(8b1835dc!=eab872a6);regmap_update_bits_base=crc(807ee877!=1ac5d5d4);regmap_read=crc(23aa8f00!=61488f9c);__const_udelay=crc(b7d17430!=eae3dfd6);usleep_range_state=crc(fdbae8c6!=c3055d20);__stack_chk_fail=crc(d272d446!=f0fdf6cb);_printk=crc(16b5b21d!=92997ed8);clk_hw_get_name=crc(e2b77b90!=b4444c91)
clk-rpmh,clk_rpmh,device/oneplus/infiniti-kernel/clk-rpmh.ko,misc,0,0,21,0,0,0,0,21,mismatch(e976b219!=38f960dd),load-fail-module-layout,load-fail-crc,__platform_driver_register=crc(26d0cf2d!=dda9df08);platform_driver_unregister=crc(8af50346!=3af3024b);mutex_lock=crc(995658e3!=d5977bfb);mutex_unlock=crc(995658e3!=ed55cabd);rpmh_write_async=crc(226c0915!=65fddcb3);rpmh_write=crc(226c0915!=5c3a9bab);_dev_err=crc(6b10178d!=89c10d29);__warn_printk=crc(1127e91b!=56470118)
clk-scmi,clk_scmi,device/oneplus/infiniti-kernel/clk-scmi.ko,misc,1,0,12,0,0,0,0,12,mismatch(e976b219!=38f960dd),load-fail-module-layout,load-fail-crc,scmi_driver_register=crc(fe9b3693!=d6aa91f0);scmi_driver_unregister=crc(02bfc607!=240793d7);devm_kmalloc=crc(d1263f9d!=9601551a);devm_kfree=crc(963fe25e!=36aa809e);devm_clk_hw_register=crc(93b85846!=2e3bdf59);clk_hw_set_rate_range=crc(da8aac63!=d0843214);_dev_err=crc(6b10178d!=89c10d29);of_clk_hw_onecell_get=crc(d80b2e10!=7e2770a0)
cmd-db,cmd_db,device/oneplus/infiniti-kernel/cmd-db.ko,misc,0,0,18,0,0,0,0,18,mismatch(e976b219!=38f960dd),load-fail-module-layout,load-fail-crc,__stack_chk_fail=crc(d272d446!=f0fdf6cb);strnlen=crc(b5bedffb!=a916b694);memcpy_and_pad=crc(9fbeab29!=697ed5f0);__fortify_panic=crc(31b67631!=75ca79b5);__platform_driver_register=crc(26d0cf2d!=dda9df08);of_reserved_mem_lookup=crc(1dec9274!=8d5ece04);memremap=crc(0521dd20!=4d924f20);debugfs_create_file=crc(d0616c24!=fcb58d19)
cnss2,cnss2,device/oneplus/infiniti-kernel/cnss2.ko,wlan,1,0,389,0,0,0,104,285,mismatch(e976b219!=38f960dd),load-fail-module-layout,load-fail-crc,of_property_read_variable_u32_array=crc(5de0294f!=e46d1c95);__stack_chk_fail=crc(d272d446!=f0fdf6cb);snprintf=crc(f4386284!=656e4a6e);debugfs_create_dir=crc(85212c97!=bee3c24c);debugfs_create_file=crc(d0616c24!=fcb58d19);ipc_log_string=missing;_printk=crc(16b5b21d!=92997ed8);_raw_spin_lock_irqsave=crc(aa615763!=34db050b)
cnss_nl,cnss_nl,device/oneplus/infiniti-kernel/cnss_nl.ko,wlan,1,0,7,0,0,0,0,7,mismatch(e976b219!=38f960dd),load-fail-module-layout,load-fail-crc,of_find_node_with_property=crc(8896e902!=cb16c19d);of_device_is_available=crc(7a32b0be!=8dcaefd7);memset=crc(110f4d3a!=dcb764ad);_printk=crc(16b5b21d!=92997ed8);genl_register_family=crc(576db919!=47c36fbe);genl_unregister_family=crc(66601109!=6cb2a46a);module_layout=crc(e976b219!=38f960dd)
cnss_plat_ipc_qmi_svc,cnss_plat_ipc_qmi_svc,device/oneplus/infiniti-kernel/cnss_plat_ipc_qmi_svc.ko,wlan,1,0,36,0,0,0,3,33,mismatch(e976b219!=38f960dd),load-fail-module-layout,load-fail-crc,scnprintf=crc(f4386284!=96848186);qmi_send_indication=crc(1419ad0a!=0bbcc96f);wait_for_completion_timeout=crc(6dc35028!=4a3ad70e);mutex_lock=crc(995658e3!=d5977bfb);idr_remove=crc(d5070956!=7665a95b);mutex_unlock=crc(995658e3!=ed55cabd);kfree=crc(31359e90!=037a0cba);__stack_chk_fail=crc(d272d446!=f0fdf6cb)
cnss_prealloc,cnss_prealloc,device/oneplus/infiniti-kernel/cnss_prealloc.ko,wlan,1,0,19,0,0,0,0,19,mismatch(e976b219!=38f960dd),load-fail-module-layout,load-fail-crc,_printk=crc(16b5b21d!=92997ed8);mempool_alloc_slab=crc(db3d8074!=c972449f);mempool_free_slab=crc(5d728774!=8a99a016);__kmem_cache_create_args=crc(41f900f7!=2d22bcc6);mem_alloc_profiling_key=crc(8ee1928d!=0f05f001);mempool_create_node_noprof=crc(60933297!=2213aa1f);kmem_cache_destroy=crc(743a59c5!=5faf0983);__kmalloc_noprof=crc(27865ec7!=52c5c991)
cnss_utils,cnss_utils,device/oneplus/infiniti-kernel/cnss_utils.ko,wlan,1,0,35,0,0,0,4,31,mismatch(e976b219!=38f960dd),load-fail-module-layout,load-fail-crc,mutex_lock=crc(995658e3!=d5977bfb);memcpy=crc(8a7493b2!=4829a47e);mutex_unlock=crc(995658e3!=ed55cabd);_printk=crc(16b5b21d!=92997ed8);mem_alloc_profiling_key=crc(8ee1928d!=0f05f001);kmemdup_noprof=crc(473b50c9!=a8ade12b);_raw_spin_lock_bh=crc(7c62d7bb!=0c3690fc);_raw_spin_unlock_bh=crc(7c62d7bb!=e46021ca)
coresight-csr,coresight_csr,device/oneplus/infiniti-kernel/coresight-csr.ko,usb,1,0,37,0,0,0,0,37,mismatch(e976b219!=38f960dd),load-fail-module-layout,load-fail-crc,_raw_spin_lock_irqsave=crc(aa615763!=34db050b);_raw_spin_unlock_irqrestore=crc(582af1c8!=d35cce70);coresight_get_path=crc(9d6da4a6!=1e932457);coresight_get_sink=crc(bd1299bc!=301989d3);__of_parse_phandle_with_args=crc(e99699d5!=64cc5fec);of_property_read_string=crc(fc9f25c0!=27bdd89b);strcmp=crc(f5df0401!=e2d5255a);of_property_read_variable_u32_array=crc(5de0294f!=e46d1c95)
coresight-cti,coresight_cti,device/oneplus/infiniti-kernel/coresight-cti.ko,usb,1,0,84,0,0,0,0,84,mismatch(e976b219!=38f960dd),load-fail-module-layout,load-fail-crc,log_write_mmio=crc(295b83ed!=c905402b);log_post_write_mmio=crc(295b83ed!=fa4d3c24);_raw_spin_lock=crc(7c62d7bb!=ba8fbd64);_raw_spin_unlock=crc(7c62d7bb!=b5b54b34);__bitmap_or=crc(fcab812c!=a084749a);devm_kstrdup=crc(63b8d0f8!=50860ba0);__list_add_valid_or_report=crc(6fabd45b!=7e19152a);devm_kmalloc=crc(d1263f9d!=9601551a)
coresight-dummy,coresight_dummy,device/oneplus/infiniti-kernel/coresight-dummy.ko,usb,1,0,29,0,0,0,0,29,mismatch(e976b219!=38f960dd),load-fail-module-layout,load-fail-crc,__platform_driver_register=crc(26d0cf2d!=dda9df08);platform_driver_unregister=crc(8af50346!=3af3024b);of_device_is_compatible=crc(c993f0e5!=9be608c5);coresight_alloc_device_name=crc(33049551!=b3d6280a);coresight_get_platform_data=crc(92ac5fc1!=51ddc177);devm_kmalloc=crc(d1263f9d!=9601551a);coresight_register=crc(6e922ca6!=1a4e111d);pm_runtime_enable=crc(5255a8ce!=9c1b72c4)
coresight-funnel,coresight_funnel,device/oneplus/infiniti-kernel/coresight-funnel.ko,usb,1,0,59,0,0,0,0,59,mismatch(e976b219!=38f960dd),load-fail-module-layout,load-fail-crc,__platform_driver_register=crc(26d0cf2d!=dda9df08);__amba_driver_register=crc(d6571cd8!=69607bd8);_printk=crc(16b5b21d!=92997ed8);platform_driver_unregister=crc(8af50346!=3af3024b);amba_driver_unregister=crc(96a8ed1e!=2f30f668);cpu_pm_register_notifier=crc(0a227d4d!=444f1735);__cpuhp_setup_state=crc(d96d6f98!=b66eb73f);cpu_pm_unregister_notifier=crc(0a227d4d!=4f98d766)
coresight-qmi,coresight_qmi,device/oneplus/infiniti-kernel/coresight-qmi.ko,usb,1,0,23,0,0,0,0,23,mismatch(e976b219!=38f960dd),load-fail-module-layout,load-fail-crc,mutex_lock=crc(995658e3!=d5977bfb);qmi_txn_init=crc(f0cd9030!=477da840);_dev_err=crc(6b10178d!=89c10d29);mutex_unlock=crc(995658e3!=ed55cabd);qmi_send_request=crc(e4ad36b0!=30951377);qmi_txn_cancel=crc(01f951b1!=715726df);qmi_txn_wait=crc(db001aa5!=f6a116ac);_dev_info=crc(6b10178d!=8dacace4)
coresight-remote-etm,coresight_remote_etm,device/oneplus/infiniti-kernel/coresight-remote-etm.ko,usb,1,0,34,0,0,0,0,34,mismatch(e976b219!=38f960dd),load-fail-module-layout,load-fail-crc,__platform_driver_register=crc(26d0cf2d!=dda9df08);platform_driver_unregister=crc(8af50346!=3af3024b);coresight_alloc_device_name=crc(33049551!=b3d6280a);coresight_get_platform_data=crc(92ac5fc1!=51ddc177);devm_kmalloc=crc(d1263f9d!=9601551a);__mutex_init=crc(81d49dc6!=a571f6b0);coresight_register=crc(6e922ca6!=1a4e111d);of_property_count_elems_of_size=crc(a657ffb0!=2b5749ee)
coresight-replicator,coresight_replicator,device/oneplus/infiniti-kernel/coresight-replicator.ko,usb,1,0,54,0,0,0,0,54,mismatch(e976b219!=38f960dd),load-fail-module-layout,load-fail-crc,__platform_driver_register=crc(26d0cf2d!=dda9df08);__amba_driver_register=crc(d6571cd8!=69607bd8);_printk=crc(16b5b21d!=92997ed8);platform_driver_unregister=crc(8af50346!=3af3024b);amba_driver_unregister=crc(96a8ed1e!=2f30f668);cpu_pm_register_notifier=crc(0a227d4d!=444f1735);__cpuhp_setup_state=crc(d96d6f98!=b66eb73f);cpu_pm_unregister_notifier=crc(0a227d4d!=4f98d766)
coresight-stm,coresight_stm,device/oneplus/infiniti-kernel/coresight-stm.ko,usb,1,0,54,0,0,0,0,54,mismatch(e976b219!=38f960dd),load-fail-module-layout,load-fail-crc,coresight_init_driver=crc(dee70440!=51ec5155);coresight_remove_driver=crc(4525eb6e!=4a2fd1d3);__pm_runtime_idle=crc(cc47d0a5!=1aec739d);coresight_trace_id_put_system_id=crc(87697d5a!=eb3542a2);coresight_unregister=crc(19925e8d!=e54ac32f);stm_unregister_device=crc(c4f22e18!=c06d629e);coresight_disable_sysfs=crc(19925e8d!=037f4cdc);__pm_runtime_suspend=crc(cc47d0a5!=ccb244ca)
coresight-tgu,coresight_tgu,device/oneplus/infiniti-kernel/coresight-tgu.ko,usb,1,0,17,0,0,0,0,17,mismatch(e976b219!=38f960dd),load-fail-module-layout,load-fail-crc,__amba_driver_register=crc(d6571cd8!=69607bd8);coresight_alloc_device_name=crc(33049551!=b3d6280a);coresight_get_platform_data=crc(92ac5fc1!=51ddc177);devm_kmalloc=crc(d1263f9d!=9601551a);devm_ioremap_resource=crc(fc3a1f89!=12cfb69d);of_property_read_variable_u32_array=crc(5de0294f!=e46d1c95);coresight_register=crc(6e922ca6!=1a4e111d);__pm_runtime_idle=crc(cc47d0a5!=1aec739d)
coresight-tmc-sec,coresight_tmc_sec,device/oneplus/infiniti-kernel/coresight-tmc-sec.ko,usb,1,0,57,0,0,0,1,56,mismatch(e976b219!=38f960dd),load-fail-module-layout,load-fail-crc,__platform_driver_register=crc(26d0cf2d!=dda9df08);platform_driver_unregister=crc(8af50346!=3af3024b);mutex_lock=crc(995658e3!=d5977bfb);hashlen_string=crc(f32d9438!=162893fd);bus_find_device=crc(aba5547a!=7c6af303);clk_prepare=crc(6b710bab!=7c9a7371);clk_enable=crc(6b710bab!=815588a6);clk_unprepare=crc(97ab43c4!=b077e70a)
coresight-tmc,coresight_tmc,device/oneplus/infiniti-kernel/coresight-tmc.ko,usb,1,0,141,0,0,0,2,139,mismatch(e976b219!=38f960dd),load-fail-module-layout,load-fail-crc,mutex_lock=crc(995658e3!=d5977bfb);mutex_unlock=crc(995658e3!=ed55cabd);__wake_up=crc(f7c60e8b!=e2964344);coresight_csr_set_byte_cntr=crc(fe1f5719!=b437edd3);of_irq_get_byname=crc(2e70b08b!=6f76a35e);devm_kmalloc=crc(d1263f9d!=9601551a);devm_request_threaded_irq=crc(4683501f!=3f92ce93);of_property_read_variable_u32_array=crc(5de0294f!=e46d1c95)
coresight-tpda,coresight_tpda,device/oneplus/infiniti-kernel/coresight-tpda.ko,usb,1,0,34,0,0,0,0,34,mismatch(e976b219!=38f960dd),load-fail-module-layout,load-fail-crc,__amba_driver_register=crc(d6571cd8!=69607bd8);amba_driver_unregister=crc(96a8ed1e!=2f30f668);coresight_get_platform_data=crc(92ac5fc1!=51ddc177);devm_kmalloc=crc(d1263f9d!=9601551a);devm_clk_get_optional_enabled=crc(f92eae1a!=957541e3);devm_ioremap_resource=crc(fc3a1f89!=12cfb69d);coresight_alloc_device_name=crc(33049551!=b3d6280a);coresight_register=crc(6e922ca6!=1a4e111d)
coresight-tpdm,coresight_tpdm,device/oneplus/infiniti-kernel/coresight-tpdm.ko,usb,1,0,41,0,0,0,0,41,mismatch(e976b219!=38f960dd),load-fail-module-layout,load-fail-crc,__platform_driver_register=crc(26d0cf2d!=dda9df08);__amba_driver_register=crc(d6571cd8!=69607bd8);_printk=crc(16b5b21d!=92997ed8);platform_driver_unregister=crc(8af50346!=3af3024b);amba_driver_unregister=crc(96a8ed1e!=2f30f668);coresight_alloc_device_name=crc(33049551!=b3d6280a);coresight_get_platform_data=crc(92ac5fc1!=51ddc177);devm_kmalloc=crc(d1263f9d!=9601551a)
coresight-trace-noc,coresight_trace_noc,device/oneplus/infiniti-kernel/coresight-trace-noc.ko,usb,1,0,24,0,0,0,0,24,mismatch(e976b219!=38f960dd),load-fail-module-layout,load-fail-crc,__amba_driver_register=crc(d6571cd8!=69607bd8);amba_driver_unregister=crc(96a8ed1e!=2f30f668);coresight_alloc_device_name=crc(33049551!=b3d6280a);coresight_get_platform_data=crc(92ac5fc1!=51ddc177);devm_kmalloc=crc(d1263f9d!=9601551a);devm_ioremap_resource=crc(fc3a1f89!=12cfb69d);of_find_property=crc(9a0c7532!=4d1675b6);coresight_register=crc(6e922ca6!=1a4e111d)
coresight-uetm,coresight_uetm,device/oneplus/infiniti-kernel/coresight-uetm.ko,usb,1,0,24,0,0,0,1,23,mismatch(e976b219!=38f960dd),load-fail-module-layout,load-fail-crc,get_qcom_scmi_device=missing;__platform_driver_register=crc(26d0cf2d!=dda9df08);_printk=crc(16b5b21d!=92997ed8);__stack_chk_fail=crc(d272d446!=f0fdf6cb);platform_driver_unregister=crc(8af50346!=3af3024b);_raw_spin_lock=crc(7c62d7bb!=ba8fbd64);memset=crc(110f4d3a!=dcb764ad);_raw_spin_unlock=crc(7c62d7bb!=b5b54b34)
coresight,coresight,device/oneplus/infiniti-kernel/coresight.ko,usb,1,0,113,0,0,0,0,113,mismatch(e976b219!=38f960dd),load-fail-module-layout,load-fail-crc,_raw_spin_unlock_irqrestore=crc(582af1c8!=d35cce70);_raw_spin_lock_irqsave=crc(aa615763!=34db050b);__per_cpu_offset=crc(0de4cab5!=280f9f14);mutex_lock=crc(995658e3!=d5977bfb);__dev_fwnode=crc(a67611e0!=a8ed60db);fwnode_handle_get=crc(17ff5098!=39d6c5c0);mutex_unlock=crc(995658e3!=ed55cabd);__stack_chk_fail=crc(d272d446!=f0fdf6cb)
cpu_hotplug,cpu_hotplug,device/oneplus/infiniti-kernel/cpu_hotplug.ko,misc,0,0,28,0,0,0,0,28,mismatch(e976b219!=38f960dd),load-fail-module-layout,load-fail-crc,__platform_driver_register=crc(26d0cf2d!=dda9df08);platform_driver_unregister=crc(8af50346!=3af3024b);of_get_next_available_child=crc(f2308994!=65f0b02d);__cpu_possible_mask=crc(4e994f70!=de7ece30);devm_kmalloc=crc(d1263f9d!=9601551a);__of_parse_phandle_with_args=crc(e99699d5!=64cc5fec);get_cpu_device=crc(b4584f16!=71dacc98);of_property_read_string=crc(fc9f25c0!=27bdd89b)
cpu_mpam,cpu_mpam,device/oneplus/infiniti-kernel/cpu_mpam.ko,misc,1,0,46,0,0,0,4,42,mismatch(e976b219!=38f960dd),load-fail-module-layout,load-fail-crc,__platform_driver_register=crc(26d0cf2d!=dda9df08);platform_driver_unregister=crc(8af50346!=3af3024b);qcom_mpam_get_version=missing;of_get_next_child=crc(f2308994!=63cc3e7d);devm_kmalloc=crc(d1263f9d!=9601551a);of_property_read_variable_u32_array=crc(5de0294f!=e46d1c95);of_property_read_string=crc(fc9f25c0!=27bdd89b);qcom_mpam_get_cache_partition=missing
cpucp_fast,cpucp_fast,device/oneplus/infiniti-kernel/cpucp_fast.ko,misc,0,0,15,0,0,0,1,14,mismatch(e976b219!=38f960dd),load-fail-module-layout,load-fail-crc,__platform_driver_register=crc(26d0cf2d!=dda9df08);platform_driver_unregister=crc(8af50346!=3af3024b);mbox_request_channel=crc(85106c3a!=03f82344);of_property_read_variable_u32_array=crc(5de0294f!=e46d1c95);nr_cpu_ids=crc(f296206e!=017de3d5);__cpu_present_mask=crc(4e994f70!=b3055449);_dev_err=crc(6b10178d!=89c10d29);mbox_free_channel=crc(087b6e13!=6fac4c07)
cpucp_log,cpucp_log,device/oneplus/infiniti-kernel/cpucp_log.ko,misc,1,0,60,0,0,0,1,59,mismatch(e976b219!=38f960dd),load-fail-module-layout,load-fail-crc,strlen=crc(90d19584!=98cf60b3);trace_event_buffer_reserve=crc(40964d00!=ef09c050);memcpy=crc(8a7493b2!=4829a47e);trace_event_buffer_commit=crc(ffe3783c!=f95e6f0d);__trace_trigger_soft_disabled=crc(cb5e01d7!=dd84a68a);__stack_chk_fail=crc(d272d446!=f0fdf6cb);perf_trace_buf_alloc=crc(231ad1b8!=2d2c902f);perf_trace_run_bpf_submit=crc(2a290ade!=1c86eaa7)
cpufreq_bouncing,cpufreq_bouncing,device/oneplus/infiniti-kernel/cpufreq_bouncing.ko,sched-pm,0,0,33,0,0,0,0,33,mismatch(e976b219!=38f960dd),load-fail-module-layout,load-fail-crc,__per_cpu_offset=crc(0de4cab5!=280f9f14);freq_qos_update_request=crc(a67dc0a1!=5aa683b8);_printk=crc(16b5b21d!=92997ed8);queue_work_on=crc(8f4cd990!=c5b6f236);cpufreq_cpu_get_raw=crc(742e40ff!=f2ba259c);__cpu_active_mask=crc(4e994f70!=15db3b99);__sw_hweight64=crc(be1fa9a4!=9f46ced8);get_cpu_device=crc(b4584f16!=71dacc98)
cpuss_telemetry,cpuss_telemetry,device/oneplus/infiniti-kernel/cpuss_telemetry.ko,misc,0,0,35,0,0,0,0,35,mismatch(e976b219!=38f960dd),load-fail-module-layout,load-fail-crc,scmi_driver_register=crc(fe9b3693!=d6aa91f0);scmi_driver_unregister=crc(02bfc607!=240793d7);pfn_is_map_memory=crc(220e0761!=6da467cb);memstart_addr=crc(c9a2f5d2!=9688de8b);arm64_use_ng_mappings=crc(3239fbdb!=af56600a);ioremap_prot=crc(c948ac44!=40863ba1);mem_alloc_profiling_key=crc(8ee1928d!=0f05f001);__kmalloc_noprof=crc(27865ec7!=52c5c991)
cqhci,cqhci,device/oneplus/infiniti-kernel/cqhci.ko,misc,0,0,37,0,0,0,0,37,mismatch(e976b219!=38f960dd),load-fail-module-layout,load-fail-crc,__wake_up=crc(f7c60e8b!=e2964344);_raw_spin_lock=crc(7c62d7bb!=ba8fbd64);_find_next_bit=crc(1400a461!=53a1e8d9);mmc_cqe_request_done=crc(b247d8aa!=c3d54873);__warn_printk=crc(1127e91b!=56470118);_raw_spin_unlock=crc(7c62d7bb!=b5b54b34);_printk=crc(16b5b21d!=92997ed8);__stack_chk_fail=crc(d272d446!=f0fdf6cb)
crm-v2,crm_v2,device/oneplus/infiniti-kernel/crm-v2.ko,misc,0,0,65,0,0,0,2,63,mismatch(e976b219!=38f960dd),load-fail-module-layout,load-fail-crc,strlen=crc(90d19584!=98cf60b3);trace_event_buffer_reserve=crc(40964d00!=ef09c050);memcpy=crc(8a7493b2!=4829a47e);trace_event_buffer_commit=crc(ffe3783c!=f95e6f0d);__trace_trigger_soft_disabled=crc(cb5e01d7!=dd84a68a);__stack_chk_fail=crc(d272d446!=f0fdf6cb);perf_trace_buf_alloc=crc(231ad1b8!=2d2c902f);perf_trace_run_bpf_submit=crc(2a290ade!=1c86eaa7)
dcc_v2,dcc_v2,device/oneplus/infiniti-kernel/dcc_v2.ko,misc,0,0,51,0,0,0,1,50,mismatch(e976b219!=38f960dd),load-fail-module-layout,load-fail-crc,__platform_driver_register=crc(26d0cf2d!=dda9df08);platform_driver_unregister=crc(8af50346!=3af3024b);devm_kmalloc=crc(d1263f9d!=9601551a);platform_get_resource_byname=crc(cc1c0f0f!=ddf84c88);devm_ioremap=crc(6d7dac4a!=6e24b6a0);of_property_read_variable_u32_array=crc(5de0294f!=e46d1c95);of_property_count_elems_of_size=crc(a657ffb0!=2b5749ee);__mutex_init=crc(81d49dc6!=a571f6b0)
dcvs_fp,dcvs_fp,device/oneplus/infiniti-kernel/dcvs_fp.ko,misc,0,0,14,0,0,0,0,14,mismatch(e976b219!=38f960dd),load-fail-module-layout,load-fail-crc,mutex_lock=crc(995658e3!=d5977bfb);mutex_unlock=crc(995658e3!=ed55cabd);rpmh_update_fast_path=crc(733d0e2c!=7f212b25);_dev_err=crc(6b10178d!=89c10d29);__platform_driver_register=crc(26d0cf2d!=dda9df08);platform_driver_unregister=crc(8af50346!=3af3024b);devm_kmalloc=crc(d1263f9d!=9601551a);rpmh_init_fast_path=crc(8d39c67f!=d95ea6d6)
ddr_cdev,ddr_cdev,device/oneplus/infiniti-kernel/ddr_cdev.ko,misc,1,0,12,0,0,0,0,12,mismatch(e976b219!=38f960dd),load-fail-module-layout,load-fail-crc,__platform_driver_register=crc(26d0cf2d!=dda9df08);platform_driver_unregister=crc(8af50346!=3af3024b);devm_kmalloc=crc(d1263f9d!=9601551a);of_icc_get=crc(74b94212!=8115d4ba);of_find_property=crc(9a0c7532!=4d1675b6);of_property_read_variable_u32_array=crc(5de0294f!=e46d1c95);icc_set_bw=crc(14a7a969!=fceb125e);devm_thermal_of_cooling_device_register=crc(484fd7ab!=4c223cb2)
debug-regulator,debug_regulator,device/oneplus/infiniti-kernel/debug-regulator.ko,regulator-pmic,0,0,58,0,0,0,1,57,mismatch(e976b219!=38f960dd),load-fail-module-layout,load-fail-crc,mem_alloc_profiling_key=crc(8ee1928d!=0f05f001);kmalloc_caches=crc(d6ce5659!=559b0832);__kmalloc_cache_noprof=crc(6cc46e45!=57abd7cf);mutex_lock=crc(995658e3!=d5977bfb);mutex_unlock=crc(995658e3!=ed55cabd);debugfs_create_file_unsafe=crc(d0616c24!=badcc205);debugfs_create_file=crc(d0616c24!=fcb58d19);_printk=crc(16b5b21d!=92997ed8)
debug_symbol,debug_symbol,device/oneplus/infiniti-kernel/debug_symbol.ko,misc,0,0,10,0,0,0,0,10,mismatch(e976b219!=38f960dd),load-fail-module-layout,load-fail-crc,kimage_voffset=crc(7f175992!=e4bbc1dd);memset=crc(110f4d3a!=dcb764ad);strcmp=crc(f5df0401!=e2d5255a);__stack_chk_fail=crc(d272d446!=f0fdf6cb);of_find_compatible_node=crc(730d7351!=9420f854);__of_parse_phandle_with_args=crc(e99699d5!=64cc5fec);of_reserved_mem_lookup=crc(1dec9274!=8d5ece04);memremap=crc(0521dd20!=4d924f20)
debugcc-alor,debugcc_alor,device/oneplus/infiniti-kernel/debugcc-alor.ko,misc,0,0,12,0,0,0,0,12,mismatch(e976b219!=38f960dd),load-fail-module-layout,load-fail-crc,__platform_driver_register=crc(26d0cf2d!=dda9df08);devm_clk_get=crc(f92eae1a!=4177572f);map_debug_bases=crc(53edd1ac!=9f7f9293);devm_clk_register=crc(c7d38f09!=53b21af5);devm_clk_register_debug_mux=crc(fce71402!=6b642ea0);clk_debug_measure_register=crc(1a957651!=419d123f);_dev_info=crc(6b10178d!=8dacace4);_dev_err=crc(6b10178d!=89c10d29)
debugcc-canoe,debugcc_canoe,device/oneplus/infiniti-kernel/debugcc-canoe.ko,misc,0,0,12,0,0,0,0,12,mismatch(e976b219!=38f960dd),load-fail-module-layout,load-fail-crc,__platform_driver_register=crc(26d0cf2d!=dda9df08);devm_clk_get=crc(f92eae1a!=4177572f);map_debug_bases=crc(53edd1ac!=9f7f9293);devm_clk_register=crc(c7d38f09!=53b21af5);devm_clk_register_debug_mux=crc(fce71402!=6b642ea0);clk_debug_measure_register=crc(1a957651!=419d123f);_dev_info=crc(6b10178d!=8dacace4);_dev_err=crc(6b10178d!=89c10d29)
deferred-free-helper,deferred_free_helper,device/oneplus/infiniti-kernel/deferred-free-helper.ko,misc,0,0,18,0,0,0,0,18,mismatch(e976b219!=38f960dd),load-fail-module-layout,load-fail-crc,_raw_spin_lock_irqsave=crc(aa615763!=34db050b);_raw_spin_unlock_irqrestore=crc(582af1c8!=d35cce70);__wake_up=crc(f7c60e8b!=e2964344);__list_add_valid_or_report=crc(6fabd45b!=7e19152a);__init_waitqueue_head=crc(de463212!=d9a5ea54);kthread_create_on_node=crc(7672ba8d!=d3bb11aa);wake_up_process=crc(b40d9875!=c6fb9341);sched_set_normal=crc(22433bac!=e8487ac9)
device_info,device_info,device/oneplus/infiniti-kernel/device_info.ko,boot-deviceinfo,0,0,49,0,0,0,0,49,mismatch(e976b219!=38f960dd),load-fail-module-layout,load-fail-crc,strcasecmp=crc(5fbe872b!=aafdc258);mem_alloc_profiling_key=crc(8ee1928d!=0f05f001);kmalloc_caches=crc(d6ce5659!=559b0832);__kmalloc_cache_noprof=crc(6cc46e45!=57abd7cf);proc_create_data=crc(a7a03b02!=e3ac8466);_printk=crc(16b5b21d!=92997ed8);__list_add_valid_or_report=crc(6fabd45b!=7e19152a);strlen=crc(90d19584!=98cf60b3)
dispcc-canoe,dispcc_canoe,device/oneplus/infiniti-kernel/dispcc-canoe.ko,misc,0,0,38,0,0,0,0,38,mismatch(e976b219!=38f960dd),load-fail-module-layout,load-fail-crc,__platform_driver_register=crc(26d0cf2d!=dda9df08);platform_driver_unregister=crc(8af50346!=3af3024b);qcom_cc_map=crc(60e78d81!=24dcedd6);qcom_cc_runtime_init=crc(40df0093!=b1f1f487);__pm_runtime_resume=crc(cc47d0a5!=0f14191c);of_get_property=crc(25eb83ce!=97bbda8e);strcmp=crc(f5df0401!=e2d5255a);clk_lucid_evo_pll_configure=crc(0d118103!=e9ea1362)
dmesg_dumper,dmesg_dumper,device/oneplus/infiniti-kernel/dmesg_dumper.ko,misc,1,0,63,0,0,0,1,62,mismatch(e976b219!=38f960dd),load-fail-module-layout,load-fail-crc,__platform_driver_register=crc(26d0cf2d!=dda9df08);platform_driver_unregister=crc(8af50346!=3af3024b);devm_kmalloc=crc(d1263f9d!=9601551a);of_property_read_variable_u32_array=crc(5de0294f!=e46d1c95);of_find_property=crc(9a0c7532!=4d1675b6);of_find_compatible_node=crc(730d7351!=9420f854);__of_parse_phandle_with_args=crc(e99699d5!=64cc5fec);of_address_to_resource=crc(192350c6!=8b255845)
drm_display_helper,drm_display_helper,device/oneplus/infiniti-kernel/drm_display_helper.ko,misc,1,0,89,0,0,0,0,89,mismatch(e976b219!=38f960dd),load-fail-module-layout,load-fail-crc,mem_alloc_profiling_key=crc(8ee1928d!=0f05f001);__kmalloc_noprof=crc(27865ec7!=52c5c991);i2c_transfer=crc(a293b777!=5a43ffe8);memcpy=crc(8a7493b2!=4829a47e);kfree=crc(31359e90!=037a0cba);__fortify_panic=crc(31b67631!=75ca79b5);__stack_chk_fail=crc(d272d446!=f0fdf6cb);__drm_dev_dbg=crc(290d4e5f!=0e535551)
dwc3-msm,dwc3_msm,device/oneplus/infiniti-kernel/dwc3-msm.ko,usb,1,0,204,0,0,0,12,192,mismatch(e976b219!=38f960dd),load-fail-module-layout,load-fail-crc,mem_alloc_profiling_key=crc(8ee1928d!=0f05f001);kmalloc_caches=crc(d6ce5659!=559b0832);__kmalloc_cache_noprof=crc(6cc46e45!=57abd7cf);usb_decode_ctrl=crc(63df2db6!=4531624f);ipc_log_string=missing;kfree=crc(31359e90!=037a0cba);scnprintf=crc(f4386284!=96848186);snprintf=crc(f4386284!=656e4a6e)
eud,eud,device/oneplus/infiniti-kernel/eud.ko,misc,1,0,60,0,0,0,0,60,mismatch(e976b219!=38f960dd),load-fail-module-layout,load-fail-crc,uart_register_driver=crc(18828f89!=a1dce838);__platform_driver_register=crc(26d0cf2d!=dda9df08);_printk=crc(16b5b21d!=92997ed8);uart_unregister_driver=crc(571b7ba4!=c1277654);platform_driver_unregister=crc(8af50346!=3af3024b);sscanf=crc(f5197fd4!=bcab6ee6);phy_init=crc(be5086e9!=19941d26);phy_power_on=crc(be5086e9!=e84bed05)
evacc-canoe,evacc_canoe,device/oneplus/infiniti-kernel/evacc-canoe.ko,misc,0,0,27,0,0,0,0,27,mismatch(e976b219!=38f960dd),load-fail-module-layout,load-fail-crc,__platform_driver_register=crc(26d0cf2d!=dda9df08);platform_driver_unregister=crc(8af50346!=3af3024b);qcom_cc_map=crc(60e78d81!=24dcedd6);qcom_cc_runtime_init=crc(40df0093!=b1f1f487);__pm_runtime_resume=crc(cc47d0a5!=0f14191c);of_get_property=crc(25eb83ce!=97bbda8e);strcmp=crc(f5df0401!=e2d5255a);clk_lucid_evo_pll_configure=crc(0d118103!=e9ea1362)
f_fs_ipc_log,f_fs_ipc_log,device/oneplus/infiniti-kernel/f_fs_ipc_log.ko,misc,1,0,21,0,0,0,3,18,mismatch(e976b219!=38f960dd),load-fail-module-layout,load-fail-crc,alloc_workqueue=crc(c531e61f!=49cd25ed);register_kretprobe=crc(2a38fe47!=bc1e15ff);_printk=crc(16b5b21d!=92997ed8);destroy_workqueue=crc(c3325950!=8c03d20c);ipc_log_context_destroy=missing;unregister_kretprobe=crc(3d5e2716!=476a0f09);ipc_log_string=missing;mem_alloc_profiling_key=crc(8ee1928d!=0f05f001)
frpc-adsprpc,frpc_adsprpc,device/oneplus/infiniti-kernel/frpc-adsprpc.ko,misc,1,0,183,0,0,0,1,182,mismatch(e976b219!=38f960dd),load-fail-module-layout,load-fail-crc,trace_event_buffer_reserve=crc(40964d00!=ef09c050);trace_event_buffer_commit=crc(ffe3783c!=f95e6f0d);__trace_trigger_soft_disabled=crc(cb5e01d7!=dd84a68a);__stack_chk_fail=crc(d272d446!=f0fdf6cb);perf_trace_buf_alloc=crc(231ad1b8!=2d2c902f);perf_trace_run_bpf_submit=crc(2a290ade!=1c86eaa7);strlen=crc(90d19584!=98cf60b3);memcpy=crc(8a7493b2!=4829a47e)
gcc-alor,gcc_alor,device/oneplus/infiniti-kernel/gcc-alor.ko,misc,0,0,20,0,0,0,0,20,mismatch(e976b219!=38f960dd),load-fail-module-layout,load-fail-crc,__platform_driver_register=crc(26d0cf2d!=dda9df08);platform_driver_unregister=crc(8af50346!=3af3024b);qcom_cc_map=crc(60e78d81!=24dcedd6);qcom_cc_register_rcg_dfs=crc(180238fd!=30bbf1ba);regmap_update_bits_base=crc(807ee877!=1ac5d5d4);qcom_cc_really_probe=crc(91741fe0!=cd7ea79e);_dev_info=crc(6b10178d!=8dacace4);_dev_err=crc(6b10178d!=89c10d29)
gcc-canoe,gcc_canoe,device/oneplus/infiniti-kernel/gcc-canoe.ko,misc,0,0,19,0,0,0,0,19,mismatch(e976b219!=38f960dd),load-fail-module-layout,load-fail-crc,__platform_driver_register=crc(26d0cf2d!=dda9df08);platform_driver_unregister=crc(8af50346!=3af3024b);qcom_cc_map=crc(60e78d81!=24dcedd6);qcom_cc_register_rcg_dfs=crc(180238fd!=30bbf1ba);regmap_update_bits_base=crc(807ee877!=1ac5d5d4);qcom_cc_really_probe=crc(91741fe0!=cd7ea79e);dev_err_probe=crc(de026a97!=3083bbb7);_dev_info=crc(6b10178d!=8dacace4)
gdsc-regulator,gdsc_regulator,device/oneplus/infiniti-kernel/gdsc-regulator.ko,regulator-pmic,0,0,70,0,0,0,3,67,mismatch(e976b219!=38f960dd),load-fail-module-layout,load-fail-crc,strlen=crc(90d19584!=98cf60b3);trace_event_buffer_reserve=crc(40964d00!=ef09c050);memcpy=crc(8a7493b2!=4829a47e);trace_event_buffer_commit=crc(ffe3783c!=f95e6f0d);__trace_trigger_soft_disabled=crc(cb5e01d7!=dd84a68a);__stack_chk_fail=crc(d272d446!=f0fdf6cb);perf_trace_buf_alloc=crc(231ad1b8!=2d2c902f);perf_trace_run_bpf_submit=crc(2a290ade!=1c86eaa7)
gh_arm_drv,gh_arm_drv,device/oneplus/infiniti-kernel/gh_arm_drv.ko,firmware-virt,0,0,10,0,0,0,0,10,mismatch(e976b219!=38f960dd),load-fail-module-layout,load-fail-crc,irq_create_fwspec_mapping=crc(36a8b27e!=cd381de5);__warn_printk=crc(1127e91b!=56470118);_printk=crc(16b5b21d!=92997ed8);__stack_chk_fail=crc(d272d446!=f0fdf6cb);idr_alloc=crc(031ca02e!=b8f11603);idr_find=crc(03512ca4!=20978fb9);idr_remove=crc(d5070956!=7665a95b);irq_get_irq_data=crc(e95f7496!=42031238)
gh_ctrl,gh_ctrl,device/oneplus/infiniti-kernel/gh_ctrl.ko,firmware-virt,1,0,18,0,0,0,0,18,mismatch(e976b219!=38f960dd),load-fail-module-layout,load-fail-crc,sched_clock_read_begin=crc(0083ea76!=e8447b09);sched_clock_read_retry=crc(4f78ccdf!=5d608fe5);__stack_chk_fail=crc(d272d446!=f0fdf6cb);_printk=crc(16b5b21d!=92997ed8);debugfs_remove=crc(608c0df3!=ab0f296e);hypervisor_kobj=crc(eb6ca898!=22c687ea);sysfs_create_file_ns=crc(73909de4!=35efb410);sysfs_create_group=crc(3ee3b24e!=00ef1eb0)
gh_dbl,gh_dbl,device/oneplus/infiniti-kernel/gh_dbl.ko,firmware-virt,0,0,19,0,0,0,0,19,mismatch(e976b219!=38f960dd),load-fail-module-layout,load-fail-crc,_printk=crc(16b5b21d!=92997ed8);__stack_chk_fail=crc(d272d446!=f0fdf6cb);_raw_spin_lock=crc(7c62d7bb!=ba8fbd64);_raw_spin_unlock=crc(7c62d7bb!=b5b54b34);init_wait_entry=crc(6668f05d!=fe487975);prepare_to_wait_event=crc(a29be00c!=8c26d495);schedule=crc(d272d446!=01000e51);finish_wait=crc(3d03c2e0!=92540fbf)
gh_irq_lend,gh_irq_lend,device/oneplus/infiniti-kernel/gh_irq_lend.ko,firmware-virt,1,0,21,0,0,0,0,21,mismatch(e976b219!=38f960dd),load-fail-module-layout,load-fail-crc,gh_rm_irq_to_virq=crc(9b16af5a!=71ebefc5);_raw_spin_lock_irqsave=crc(aa615763!=34db050b);_raw_spin_unlock_irqrestore=crc(582af1c8!=d35cce70);ghd_rm_get_vmid=crc(7d5243e3!=c425a31f);gh_rm_vm_irq_lend=crc(461c823d!=f6a937b4);__stack_chk_fail=crc(d272d446!=f0fdf6cb);gh_rm_vm_irq_lend_notify=crc(1725233f!=c9206468);gh_rm_vm_irq_reclaim=crc(9a197aae!=312f9fb3)
gh_mem_notifier,gh_mem_notifier,device/oneplus/infiniti-kernel/gh_mem_notifier.ko,firmware-virt,1,0,6,0,0,0,0,6,mismatch(e976b219!=38f960dd),load-fail-module-layout,load-fail-crc,mutex_lock=crc(995658e3!=d5977bfb);mutex_unlock=crc(995658e3!=ed55cabd);gh_rm_register_notifier=crc(0a227d4d!=7cf771df);_printk=crc(16b5b21d!=92997ed8);gh_rm_unregister_notifier=crc(0a227d4d!=4fd830d5);module_layout=crc(e976b219!=38f960dd)
gh_msgq,gh_msgq,device/oneplus/infiniti-kernel/gh_msgq.ko,firmware-virt,0,0,24,0,0,0,0,24,mismatch(e976b219!=38f960dd),load-fail-module-layout,load-fail-crc,mem_alloc_profiling_key=crc(8ee1928d!=0f05f001);kmalloc_caches=crc(d6ce5659!=559b0832);__kmalloc_cache_noprof=crc(6cc46e45!=57abd7cf);__init_waitqueue_head=crc(de463212!=d9a5ea54);kasprintf=crc(ee6b5fe5!=fb384d37);kfree=crc(31359e90!=037a0cba);__list_add_valid_or_report=crc(6fabd45b!=7e19152a);_raw_spin_lock=crc(7c62d7bb!=ba8fbd64)
gh_panic_notifier,gh_panic_notifier,device/oneplus/infiniti-kernel/gh_panic_notifier.ko,firmware-virt,1,0,58,0,0,0,0,58,mismatch(e976b219!=38f960dd),load-fail-module-layout,load-fail-crc,srcu_notifier_chain_register=crc(032feba8!=517b5440);srcu_notifier_chain_unregister=crc(032feba8!=70049d00);__platform_driver_register=crc(26d0cf2d!=dda9df08);platform_driver_unregister=crc(8af50346!=3af3024b);devm_kmalloc=crc(d1263f9d!=9601551a);of_property_read_variable_u32_array=crc(5de0294f!=e46d1c95);of_find_property=crc(9a0c7532!=4d1675b6);dma_set_mask=crc(b49a38f6!=33e5b5be)
gh_rm_booster,gh_rm_booster,device/oneplus/infiniti-kernel/gh_rm_booster.ko,firmware-virt,1,0,30,0,0,0,0,30,mismatch(e976b219!=38f960dd),load-fail-module-layout,load-fail-crc,__platform_driver_register=crc(26d0cf2d!=dda9df08);platform_driver_unregister=crc(8af50346!=3af3024b);kstrtouint=crc(afb18b07!=3b6c41ea);__cpu_possible_mask=crc(4e994f70!=de7ece30);__sw_hweight64=crc(be1fa9a4!=9f46ced8);param_set_int=crc(dca2caff!=4d3a8101);smp_call_function_single=crc(70c855e3!=6228c21f);__stack_chk_fail=crc(d272d446!=f0fdf6cb)
gh_rm_drv,gh_rm_drv,device/oneplus/infiniti-kernel/gh_rm_drv.ko,firmware-virt,0,0,85,0,0,0,0,85,mismatch(e976b219!=38f960dd),load-fail-module-layout,load-fail-crc,strcmp=crc(f5df0401!=e2d5255a);_printk=crc(16b5b21d!=92997ed8);srcu_notifier_chain_register=crc(032feba8!=517b5440);srcu_notifier_chain_unregister=crc(032feba8!=70049d00);gh_get_irq=crc(27b867d0!=e5ea82d3);irq_domain_get_irq_data=crc(1b8ac2e8!=dc0a2220);mem_alloc_profiling_key=crc(8ee1928d!=0f05f001);__kmalloc_noprof=crc(27865ec7!=52c5c991)
gh_rm_heap_manager,gh_rm_heap_manager,device/oneplus/infiniti-kernel/gh_rm_heap_manager.ko,firmware-virt,0,0,19,0,0,0,0,19,mismatch(e976b219!=38f960dd),load-fail-module-layout,load-fail-crc,gh_rm_heap_query=crc(172e1a0b!=974721b1);kfree=crc(31359e90!=037a0cba);_printk=crc(16b5b21d!=92997ed8);__stack_chk_fail=crc(d272d446!=f0fdf6cb);mutex_lock=crc(995658e3!=d5977bfb);mutex_unlock=crc(995658e3!=ed55cabd);kmalloc_caches=crc(d6ce5659!=559b0832);mem_prot_pool_free=crc(b5ddfb2e!=eabe78c6)
gh_tlmm_vm_mem_access,gh_tlmm_vm_mem_access,device/oneplus/infiniti-kernel/gh_tlmm_vm_mem_access.ko,firmware-virt,1,0,34,0,0,0,0,34,mismatch(e976b219!=38f960dd),load-fail-module-layout,load-fail-crc,__platform_driver_register=crc(26d0cf2d!=dda9df08);platform_driver_unregister=crc(8af50346!=3af3024b);devm_kmalloc=crc(d1263f9d!=9601551a);of_find_property=crc(9a0c7532!=4d1675b6);of_get_next_available_child=crc(f2308994!=65f0b02d);of_property_read_variable_u32_array=crc(5de0294f!=e46d1c95);__list_add_valid_or_report=crc(6fabd45b!=7e19152a);of_find_compatible_node=crc(730d7351!=9420f854)
gh_vcpu_mgr,gh_vcpu_mgr,device/oneplus/infiniti-kernel/gh_vcpu_mgr.ko,firmware-virt,0,0,63,0,0,0,0,63,mismatch(e976b219!=38f960dd),load-fail-module-layout,load-fail-crc,trace_event_buffer_reserve=crc(40964d00!=ef09c050);trace_event_buffer_commit=crc(ffe3783c!=f95e6f0d);__trace_trigger_soft_disabled=crc(cb5e01d7!=dd84a68a);__stack_chk_fail=crc(d272d446!=f0fdf6cb);perf_trace_buf_alloc=crc(231ad1b8!=2d2c902f);perf_trace_run_bpf_submit=crc(2a290ade!=1c86eaa7);bpf_trace_run6=crc(77b07a73!=a1a9ee70);gh_rm_get_vm_name=crc(dabeed4a!=bffea94c)
gic_intr_routing,gic_intr_routing,device/oneplus/infiniti-kernel/gic_intr_routing.ko,misc,0,0,63,0,0,0,1,62,mismatch(e976b219!=38f960dd),load-fail-module-layout,load-fail-crc,log_write_mmio=crc(295b83ed!=c905402b);log_post_write_mmio=crc(295b83ed!=fa4d3c24);_raw_spin_lock=crc(7c62d7bb!=ba8fbd64);_raw_spin_unlock=crc(7c62d7bb!=b5b54b34);log_read_mmio=crc(f5e9ca2e!=6b722180);log_post_read_mmio=crc(ec62c96b!=0c1a5ee3);irq_to_desc=crc(a39da802!=05ab43d0);strcmp=crc(f5df0401!=e2d5255a)
glink_pkt,glink_pkt,device/oneplus/infiniti-kernel/glink_pkt.ko,misc,1,0,98,0,0,0,3,95,mismatch(e976b219!=38f960dd),load-fail-module-layout,load-fail-crc,__platform_driver_register=crc(26d0cf2d!=dda9df08);___ratelimit=crc(a3384a5c!=f5edea2e);ipc_log_string=missing;ipc_log_context_create=missing;_printk=crc(16b5b21d!=92997ed8);class_destroy=crc(0eaa09a8!=9b827076);unregister_chrdev_region=crc(0bc5fb0d!=6091b333);platform_driver_unregister=crc(8af50346!=3af3024b)
glink_probe,glink_probe,device/oneplus/infiniti-kernel/glink_probe.ko,misc,1,0,27,0,0,0,3,24,mismatch(e976b219!=38f960dd),load-fail-module-layout,load-fail-crc,ipc_log_context_create=missing;__platform_driver_register=crc(26d0cf2d!=dda9df08);_printk=crc(16b5b21d!=92997ed8);ipc_log_context_destroy=missing;platform_driver_unregister=crc(8af50346!=3af3024b);of_get_next_available_child=crc(f2308994!=65f0b02d);_dev_err=crc(6b10178d!=89c10d29);ipc_log_string=missing
goodix_ts,goodix_ts,device/oneplus/infiniti-kernel/goodix_ts.ko,touch,0,0,124,0,0,0,2,122,mismatch(e976b219!=38f960dd),load-fail-module-layout,load-fail-crc,_printk=crc(16b5b21d!=92997ed8);memcpy=crc(8a7493b2!=4829a47e);usleep_range_state=crc(fdbae8c6!=c3055d20);__stack_chk_fail=crc(d272d446!=f0fdf6cb);kthread_create_on_node=crc(7672ba8d!=d3bb11aa);wake_up_process=crc(b40d9875!=c6fb9341);ktime_get=crc(ff9a6e5c!=b43f9365);mutex_lock=crc(995658e3!=d5977bfb)
governor_gpubw_mon,governor_gpubw_mon,device/oneplus/infiniti-kernel/governor_gpubw_mon.ko,misc,1,0,15,0,0,0,0,15,mismatch(e976b219!=38f960dd),load-fail-module-layout,load-fail-crc,devfreq_add_governor=crc(37c2a55c!=0c3d2582);devfreq_remove_governor=crc(37c2a55c!=8c182406);_printk=crc(16b5b21d!=92997ed8);__stack_chk_fail=crc(d272d446!=f0fdf6cb);strcmp=crc(f5df0401!=e2d5255a);mutex_lock=crc(995658e3!=d5977bfb);mem_alloc_profiling_key=crc(8ee1928d!=0f05f001);__kmalloc_noprof=crc(27865ec7!=52c5c991)
governor_msm_adreno_ro,governor_msm_adreno_ro,device/oneplus/infiniti-kernel/governor_msm_adreno_ro.ko,misc,0,0,4,0,0,0,0,4,mismatch(e976b219!=38f960dd),load-fail-module-layout,load-fail-crc,devfreq_add_governor=crc(37c2a55c!=0c3d2582);devfreq_remove_governor=crc(37c2a55c!=8c182406);_printk=crc(16b5b21d!=92997ed8);module_layout=crc(e976b219!=38f960dd)
governor_msm_adreno_tz,governor_msm_adreno_tz,device/oneplus/infiniti-kernel/governor_msm_adreno_tz.ko,misc,1,0,34,0,0,0,0,34,mismatch(e976b219!=38f960dd),load-fail-module-layout,load-fail-crc,ktime_get=crc(ff9a6e5c!=b43f9365);_raw_spin_lock=crc(7c62d7bb!=ba8fbd64);_raw_spin_unlock=crc(7c62d7bb!=b5b54b34);qcom_scm_dcvs_core_available=crc(5e505530!=3ba7797d);qtee_shmbridge_is_enabled=crc(5e505530!=99367cb2);qtee_shmbridge_allocate_shm=crc(8c00d5f5!=79123a12);mem_alloc_profiling_key=crc(8ee1928d!=0f05f001);kmalloc_caches=crc(d6ce5659!=559b0832)
gpr_dlkm,gpr_dlkm,device/oneplus/infiniti-kernel/gpr_dlkm.ko,misc,1,0,55,0,0,0,7,48,mismatch(e976b219!=38f960dd),load-fail-module-layout,load-fail-crc,audio_notifier_register=missing;___ratelimit=crc(a3384a5c!=f5edea2e);memset=crc(110f4d3a!=dcb764ad);scnprintf=crc(f4386284!=96848186);dev_driver_string=crc(b24ae2ee!=fbe99e5b);upload_mm_fb_kevent_limit=missing;_dev_err=crc(6b10178d!=89c10d29);__stack_chk_fail=crc(d272d446!=f0fdf6cb)
gpucc-canoe,gpucc_canoe,device/oneplus/infiniti-kernel/gpucc-canoe.ko,gpu,0,0,25,0,0,0,0,25,mismatch(e976b219!=38f960dd),load-fail-module-layout,load-fail-crc,__platform_driver_register=crc(26d0cf2d!=dda9df08);platform_driver_unregister=crc(8af50346!=3af3024b);qcom_cc_map=crc(60e78d81!=24dcedd6);of_get_property=crc(25eb83ce!=97bbda8e);strcmp=crc(f5df0401!=e2d5255a);clk_lucid_evo_pll_configure=crc(0d118103!=e9ea1362);regmap_update_bits_base=crc(807ee877!=1ac5d5d4);qcom_cc_really_probe=crc(91741fe0!=cd7ea79e)
gsim,gsim,device/oneplus/infiniti-kernel/gsim.ko,misc,1,0,77,0,0,0,1,76,mismatch(e976b219!=38f960dd),load-fail-module-layout,load-fail-crc,trace_event_buffer_reserve=crc(40964d00!=ef09c050);trace_event_buffer_commit=crc(ffe3783c!=f95e6f0d);__trace_trigger_soft_disabled=crc(cb5e01d7!=dd84a68a);__stack_chk_fail=crc(d272d446!=f0fdf6cb);perf_trace_buf_alloc=crc(231ad1b8!=2d2c902f);perf_trace_run_bpf_submit=crc(2a290ade!=1c86eaa7);bpf_trace_run5=crc(df495bd0!=92d33301);_raw_spin_lock_irqsave=crc(aa615763!=34db050b)
gunyah_trace,gunyah_trace,device/oneplus/infiniti-kernel/gunyah_trace.ko,firmware-virt,0,0,42,0,0,0,1,41,mismatch(e976b219!=38f960dd),load-fail-module-layout,load-fail-crc,memset=crc(110f4d3a!=dcb764ad);gunyah_get_info=crc(8534b449!=9612dde3);pfn_is_map_memory=crc(220e0761!=6da467cb);memstart_addr=crc(c9a2f5d2!=9688de8b);arm64_use_ng_mappings=crc(3239fbdb!=af56600a);ioremap_prot=crc(c948ac44!=40863ba1);of_root=crc(b2e1801c!=6d867179);of_irq_find_parent=crc(0369f0f5!=cc22b13e)
hdcp_qseecom_dlkm,hdcp_qseecom_dlkm,device/oneplus/infiniti-kernel/hdcp_qseecom_dlkm.ko,secure,1,0,22,0,0,0,5,17,mismatch(e976b219!=38f960dd),load-fail-module-layout,load-fail-crc,_printk=crc(16b5b21d!=92997ed8);mutex_lock=crc(995658e3!=d5977bfb);mutex_unlock=crc(995658e3!=ed55cabd);kfree=crc(31359e90!=037a0cba);of_find_compatible_node=crc(730d7351!=9420f854);of_find_property=crc(9a0c7532!=4d1675b6);mem_alloc_profiling_key=crc(8ee1928d!=0f05f001);kmalloc_caches=crc(d6ce5659!=559b0832)
hdmi_dlkm,hdmi_dlkm,device/oneplus/infiniti-kernel/hdmi_dlkm.ko,audio,1,0,24,0,0,0,2,22,mismatch(e976b219!=38f960dd),load-fail-module-layout,load-fail-crc,__platform_driver_register=crc(26d0cf2d!=dda9df08);_printk=crc(16b5b21d!=92997ed8);platform_driver_unregister=crc(8af50346!=3af3024b);snd_soc_register_component=crc(61a945c4!=2454ae99);snd_soc_unregister_component=crc(4ee10116!=8f003d02);mem_alloc_profiling_key=crc(8ee1928d!=0f05f001);kmalloc_caches=crc(d6ce5659!=559b0832);__kmalloc_cache_noprof=crc(6cc46e45!=57abd7cf)
heap_mem_ext_v01,heap_mem_ext_v01,device/oneplus/infiniti-kernel/heap_mem_ext_v01.ko,misc,1,0,2,0,0,0,0,2,mismatch(e976b219!=38f960dd),load-fail-module-layout,load-fail-crc,qmi_response_type_v01_ei=crc(77b5c22d!=4cd2fe40);module_layout=crc(e976b219!=38f960dd)
horae_shell_temp,horae_shell_temp,device/oneplus/infiniti-kernel/horae_shell_temp.ko,misc,1,0,28,0,0,0,1,27,mismatch(e976b219!=38f960dd),load-fail-module-layout,load-fail-crc,_raw_spin_lock_irqsave=crc(aa615763!=34db050b);_raw_spin_unlock_irqrestore=crc(582af1c8!=d35cce70);proc_create=crc(bcb84f5d!=4c5e9ba6);__platform_driver_register=crc(26d0cf2d!=dda9df08);_printk=crc(16b5b21d!=92997ed8);remove_proc_entry=crc(1b68847f!=0514a7b7);platform_driver_unregister=crc(8af50346!=3af3024b);single_open=crc(d34d4b7a!=a9dab572)
hung_task_enh,hung_task_enh,device/oneplus/infiniti-kernel/hung_task_enh.ko,misc,1,0,22,0,0,0,0,22,mismatch(e976b219!=38f960dd),load-fail-module-layout,load-fail-crc,init_task=crc(35075030!=8780cdbc);vendor_data_pad=crc(f54e5881!=d820ab9a);jiffies=crc(f2a4b08a!=15ba50a6);panic=crc(1127e91b!=f1e046cc);mutex_lock=crc(995658e3!=d5977bfb);proc_dointvec=crc(854828da!=f943375f);find_vpid=crc(6253a466!=4464f1d1);get_pid_task=crc(6b3d1ebd!=bbfa78e9)
hvc_gunyah,hvc_gunyah,device/oneplus/infiniti-kernel/hvc_gunyah.ko,misc,1,0,26,0,0,0,0,26,mismatch(e976b219!=38f960dd),load-fail-module-layout,load-fail-crc,_raw_spin_lock_irqsave=crc(aa615763!=34db050b);__kfifo_out=crc(d182ed24!=13d0adf7);_raw_spin_unlock_irqrestore=crc(582af1c8!=d35cce70);__kfifo_in=crc(069f1edd!=f23fcb99);system_wq=crc(571c73d5!=2d3385d3);queue_work_on=crc(8f4cd990!=c5b6f236);hvc_alloc=crc(0c32d2b0!=624e09e5);gh_rm_register_notifier=crc(0a227d4d!=7cf771df)
hwmon,hwmon,device/oneplus/infiniti-kernel/hwmon.ko,misc,1,0,65,0,0,0,0,65,mismatch(e976b219!=38f960dd),load-fail-module-layout,load-fail-crc,strlen=crc(90d19584!=98cf60b3);trace_event_buffer_reserve=crc(40964d00!=ef09c050);memcpy=crc(8a7493b2!=4829a47e);trace_event_buffer_commit=crc(ffe3783c!=f95e6f0d);__trace_trigger_soft_disabled=crc(cb5e01d7!=dd84a68a);__stack_chk_fail=crc(d272d446!=f0fdf6cb);perf_trace_buf_alloc=crc(231ad1b8!=2d2c902f);perf_trace_run_bpf_submit=crc(2a290ade!=1c86eaa7)
i2c-msm-geni,i2c_msm_geni,device/oneplus/infiniti-kernel/i2c-msm-geni.ko,misc,1,0,104,0,0,0,5,99,mismatch(e976b219!=38f960dd),load-fail-module-layout,load-fail-crc,strlen=crc(90d19584!=98cf60b3);trace_event_buffer_reserve=crc(40964d00!=ef09c050);memcpy=crc(8a7493b2!=4829a47e);vsnprintf=crc(78dfe782!=00148653);trace_event_buffer_commit=crc(ffe3783c!=f95e6f0d);__trace_trigger_soft_disabled=crc(cb5e01d7!=dd84a68a);__stack_chk_fail=crc(d272d446!=f0fdf6cb);perf_trace_buf_alloc=crc(231ad1b8!=2d2c902f)
i3c-master-msm-geni,i3c_master_msm_geni,device/oneplus/infiniti-kernel/i3c-master-msm-geni.ko,misc,1,0,134,0,0,0,10,124,mismatch(e976b219!=38f960dd),load-fail-module-layout,load-fail-crc,strlen=crc(90d19584!=98cf60b3);trace_event_buffer_reserve=crc(40964d00!=ef09c050);memcpy=crc(8a7493b2!=4829a47e);vsnprintf=crc(78dfe782!=00148653);trace_event_buffer_commit=crc(ffe3783c!=f95e6f0d);__trace_trigger_soft_disabled=crc(cb5e01d7!=dd84a68a);__stack_chk_fail=crc(d272d446!=f0fdf6cb);perf_trace_buf_alloc=crc(231ad1b8!=2d2c902f)
icc-bcm-voter,icc_bcm_voter,device/oneplus/infiniti-kernel/icc-bcm-voter.ko,misc,0,0,37,0,0,0,0,37,mismatch(e976b219!=38f960dd),load-fail-module-layout,load-fail-crc,strlen=crc(90d19584!=98cf60b3);trace_event_buffer_reserve=crc(40964d00!=ef09c050);memcpy=crc(8a7493b2!=4829a47e);trace_event_buffer_commit=crc(ffe3783c!=f95e6f0d);__trace_trigger_soft_disabled=crc(cb5e01d7!=dd84a68a);__stack_chk_fail=crc(d272d446!=f0fdf6cb);perf_trace_buf_alloc=crc(231ad1b8!=2d2c902f);perf_trace_run_bpf_submit=crc(2a290ade!=1c86eaa7)
icc-clk,icc_clk,device/oneplus/infiniti-kernel/icc-clk.ko,misc,0,0,19,0,0,0,0,19,mismatch(e976b219!=38f960dd),load-fail-module-layout,load-fail-crc,devm_kmalloc=crc(d1263f9d!=9601551a);icc_std_aggregate=crc(83669c95!=7e63f856);of_icc_xlate_onecell=crc(a76544c5!=d52f9287);icc_provider_init=crc(39d1072a!=1947461a);icc_node_create=crc(f5c6368a!=50da65e5);devm_kasprintf=crc(581ab8cd!=d831450d);icc_node_add=crc(de453f17!=c7f43acd);icc_link_create=crc(9ac767e1!=f64dec61)
icc-debug,icc_debug,device/oneplus/infiniti-kernel/icc-debug.ko,misc,0,0,21,0,0,0,0,21,mismatch(e976b219!=38f960dd),load-fail-module-layout,load-fail-crc,mem_alloc_profiling_key=crc(8ee1928d!=0f05f001);kmalloc_caches=crc(d6ce5659!=559b0832);__kmalloc_cache_noprof=crc(6cc46e45!=57abd7cf);mutex_lock=crc(995658e3!=d5977bfb);mutex_unlock=crc(995658e3!=ed55cabd);__list_add_valid_or_report=crc(6fabd45b!=7e19152a);__list_del_entry_valid_or_report=crc(802f8919!=9a835040);kfree=crc(31359e90!=037a0cba)
icc-rpmh,icc_rpmh,device/oneplus/infiniti-kernel/icc-rpmh.ko,misc,0,0,44,0,0,0,0,44,mismatch(e976b219!=38f960dd),load-fail-module-layout,load-fail-crc,qcom_icc_bcm_voter_add=crc(7a8b94e2!=b5fe26d2);clk_disable=crc(97ab43c4!=b6e6d99d);clk_unprepare=crc(97ab43c4!=b077e70a);clk_set_rate=crc(8a847c1d!=76d9b876);clk_prepare=crc(6b710bab!=7c9a7371);clk_enable=crc(6b710bab!=815588a6);qcom_icc_bcm_voter_commit=crc(cfe11c4a!=0b39b783);_dev_warn=crc(6b10178d!=4860eb3f)
icnss2,icnss2,device/oneplus/infiniti-kernel/icnss2.ko,wlan,1,0,298,0,0,0,86,212,mismatch(e976b219!=38f960dd),load-fail-module-layout,load-fail-crc,debugfs_create_dir=crc(85212c97!=bee3c24c);debugfs_create_file=crc(d0616c24!=fcb58d19);_printk=crc(16b5b21d!=92997ed8);ipc_log_string=missing;debugfs_remove=crc(608c0df3!=ab0f296e);ipc_log_context_create=missing;ipc_log_context_destroy=missing;kstrtouint_from_user=crc(1e8510b3!=47cfd825)
iommu-logger,iommu_logger,device/oneplus/infiniti-kernel/iommu-logger.ko,misc,0,0,13,0,0,0,0,13,mismatch(e976b219!=38f960dd),load-fail-module-layout,load-fail-crc,mutex_lock=crc(995658e3!=d5977bfb);memstart_addr=crc(c9a2f5d2!=9688de8b);mem_alloc_profiling_key=crc(8ee1928d!=0f05f001);kmalloc_caches=crc(d6ce5659!=559b0832);__kmalloc_cache_noprof=crc(6cc46e45!=57abd7cf);kasprintf=crc(ee6b5fe5!=fb384d37);iommu_group_get=crc(7d9b45ee!=bdde34c2);iommu_group_put=crc(486b935c!=89485687)
ipam,ipam,device/oneplus/infiniti-kernel/ipam.ko,misc,1,0,382,0,0,0,79,303,mismatch(e976b219!=38f960dd),load-fail-module-layout,load-fail-crc,trace_event_buffer_reserve=crc(40964d00!=ef09c050);trace_event_buffer_commit=crc(ffe3783c!=f95e6f0d);__trace_trigger_soft_disabled=crc(cb5e01d7!=dd84a68a);__stack_chk_fail=crc(d272d446!=f0fdf6cb);perf_trace_buf_alloc=crc(231ad1b8!=2d2c902f);perf_trace_run_bpf_submit=crc(2a290ade!=1c86eaa7);strlen=crc(90d19584!=98cf60b3);memcpy=crc(8a7493b2!=4829a47e)
ipanetm,ipanetm,device/oneplus/infiniti-kernel/ipanetm.ko,misc,1,0,8,0,0,0,6,2,mismatch(e976b219!=38f960dd),load-fail-module-layout,load-fail-crc,ipa3_ctx=missing;ipc_log_string=missing;ipa3_wwan_platform_driver_register=missing;rndis_ipa_init_module=missing;_printk=crc(16b5b21d!=92997ed8);ipa3_wwan_cleanup=missing;rndis_ipa_cleanup_module=missing;module_layout=crc(e976b219!=38f960dd)
ipclite,ipclite,device/oneplus/infiniti-kernel/ipclite.ko,misc,0,0,50,0,0,0,0,50,mismatch(e976b219!=38f960dd),load-fail-module-layout,load-fail-crc,__hwspin_lock_timeout=crc(774be9b8!=b8cca274);_printk=crc(16b5b21d!=92997ed8);__hwspin_unlock=crc(cf1ef8fd!=cf0217e2);__msecs_to_jiffies=crc(7162a662!=7f02188f);jiffies=crc(f2a4b08a!=15ba50a6);alt_cb_patch_nops=crc(b8c8345a!=a65c6def);preempt_schedule=crc(d272d446!=43b0c9c3);vsnprintf=crc(78dfe782!=00148653)
ipclite_test,ipclite_test,device/oneplus/infiniti-kernel/ipclite_test.ko,misc,1,0,45,0,0,0,9,36,mismatch(e976b219!=38f960dd),load-fail-module-layout,load-fail-crc,ipclite_global_test_and_clear_bit=missing;_printk=crc(16b5b21d!=92997ed8);mem_alloc_profiling_key=crc(8ee1928d!=0f05f001);strlen=crc(90d19584!=98cf60b3);__kmalloc_noprof=crc(27865ec7!=52c5c991);strnlen=crc(b5bedffb!=a916b694);sized_strscpy=crc(8f8e273c!=476b165a);strsep=crc(eac1e857!=85df9b6c)
leds-qcom-flash,leds_qcom_flash,device/oneplus/infiniti-kernel/leds-qcom-flash.ko,misc,1,0,26,0,0,0,1,25,mismatch(e976b219!=38f960dd),load-fail-module-layout,load-fail-crc,power_supply_get_by_name=crc(4c5ea0f6!=0a3b635b);qti_battery_charger_get_prop=missing;power_supply_get_property=crc(b7cfc328!=ffb69a58);_raw_spin_lock=crc(7c62d7bb!=ba8fbd64);_raw_spin_unlock=crc(7c62d7bb!=b5b54b34);_printk=crc(16b5b21d!=92997ed8);__stack_chk_fail=crc(d272d446!=f0fdf6cb);__platform_driver_register=crc(26d0cf2d!=dda9df08)
leds-qcom-lpg,leds_qcom_lpg,device/oneplus/infiniti-kernel/leds-qcom-lpg.ko,misc,1,0,38,0,0,0,0,38,mismatch(e976b219!=38f960dd),load-fail-module-layout,load-fail-crc,__platform_driver_register=crc(26d0cf2d!=dda9df08);platform_driver_unregister=crc(8af50346!=3af3024b);devm_kmalloc=crc(d1263f9d!=9601551a);of_device_get_match_data=crc(be4e2011!=218d268b);__mutex_init=crc(81d49dc6!=a571f6b0);dev_get_regmap=crc(38acd0f5!=3e1dc6b6);regmap_read=crc(23aa8f00!=61488f9c);of_property_count_elems_of_size=crc(a657ffb0!=2b5749ee)
leds-qpnp-vibrator-ldo,leds_qpnp_vibrator_ldo,device/oneplus/infiniti-kernel/leds-qpnp-vibrator-ldo.ko,misc,1,0,29,0,0,0,0,29,mismatch(e976b219!=38f960dd),load-fail-module-layout,load-fail-crc,__platform_driver_register=crc(26d0cf2d!=dda9df08);platform_driver_unregister=crc(8af50346!=3af3024b);of_property_read_variable_u32_array=crc(5de0294f!=e46d1c95);devm_kmalloc=crc(d1263f9d!=9601551a);dev_get_regmap=crc(38acd0f5!=3e1dc6b6);_printk=crc(16b5b21d!=92997ed8);of_find_property=crc(9a0c7532!=4d1675b6);__mutex_init=crc(81d49dc6!=a571f6b0)
ledtrig-pattern,ledtrig_pattern,device/oneplus/infiniti-kernel/ledtrig-pattern.ko,misc,0,0,28,0,0,0,0,28,mismatch(e976b219!=38f960dd),load-fail-module-layout,load-fail-crc,led_trigger_register=crc(5909579c!=c283d1e8);led_trigger_unregister=crc(122283ca!=1f6be934);mem_alloc_profiling_key=crc(8ee1928d!=0f05f001);__kmalloc_large_noprof=crc(27865ec7!=441d0de9);__mutex_init=crc(81d49dc6!=a571f6b0);init_timer_key=crc(534026f3!=c6f46339);hrtimer_init=crc(80684a2f!=ea82d349);led_get_default_pattern=crc(83d4c797!=54b27cef)
llcc-qcom,llcc_qcom,device/oneplus/infiniti-kernel/llcc-qcom.ko,misc,0,0,27,0,0,0,0,27,mismatch(e976b219!=38f960dd),load-fail-module-layout,load-fail-crc,__warn_printk=crc(1127e91b!=56470118);mutex_lock=crc(995658e3!=d5977bfb);alt_cb_patch_nops=crc(b8c8345a!=a65c6def);mutex_unlock=crc(995658e3!=ed55cabd);regmap_write=crc(8b1835dc!=eab872a6);ktime_get=crc(ff9a6e5c!=b43f9365);regmap_read=crc(23aa8f00!=61488f9c);__stack_chk_fail=crc(d272d446!=f0fdf6cb)
llcc_heuristics,llcc_heuristics,device/oneplus/infiniti-kernel/llcc_heuristics.ko,misc,1,0,11,0,0,0,1,10,mismatch(e976b219!=38f960dd),load-fail-module-layout,load-fail-crc,__platform_driver_register=crc(26d0cf2d!=dda9df08);platform_driver_unregister=crc(8af50346!=3af3024b);get_qcom_scmi_device=missing;of_property_read_variable_u32_array=crc(5de0294f!=e46d1c95);of_property_count_elems_of_size=crc(a657ffb0!=2b5749ee);of_find_property=crc(9a0c7532!=4d1675b6);of_property_match_string=crc(8249f9a8!=463ff278);dev_err_probe=crc(de026a97!=3083bbb7)
lmh_stats,lmh_stats,device/oneplus/infiniti-kernel/lmh_stats.ko,misc,0,0,34,0,0,0,0,34,mismatch(e976b219!=38f960dd),load-fail-module-layout,load-fail-crc,trace_event_buffer_reserve=crc(40964d00!=ef09c050);trace_event_buffer_commit=crc(ffe3783c!=f95e6f0d);__trace_trigger_soft_disabled=crc(cb5e01d7!=dd84a68a);__stack_chk_fail=crc(d272d446!=f0fdf6cb);perf_trace_buf_alloc=crc(231ad1b8!=2d2c902f);perf_trace_run_bpf_submit=crc(2a290ade!=1c86eaa7);bpf_trace_run2=crc(d3e815e9!=76f0b8d4);__platform_driver_register=crc(26d0cf2d!=dda9df08)
lpass_bt_swr_dlkm,lpass_bt_swr_dlkm,device/oneplus/infiniti-kernel/lpass_bt_swr_dlkm.ko,audio,1,0,48,0,0,0,8,40,mismatch(e976b219!=38f960dd),load-fail-module-layout,load-fail-crc,mutex_lock=crc(995658e3!=d5977bfb);mutex_unlock=crc(995658e3!=ed55cabd);digital_cdc_rsc_mgr_hw_vote_enable=missing;pm_runtime_set_autosuspend_delay=crc(eed67a01!=657b0b99);___ratelimit=crc(a3384a5c!=f5edea2e);_dev_err=crc(6b10178d!=89c10d29);digital_cdc_rsc_mgr_hw_vote_disable=missing;__platform_driver_register=crc(26d0cf2d!=dda9df08)
lpass_cdc_dlkm,lpass_cdc_dlkm,device/oneplus/infiniti-kernel/lpass_cdc_dlkm.ko,audio,1,0,82,0,0,0,6,76,mismatch(e976b219!=38f960dd),load-fail-module-layout,load-fail-crc,of_device_is_compatible=crc(c993f0e5!=9be608c5);___ratelimit=crc(a3384a5c!=f5edea2e);_dev_err=crc(6b10178d!=89c10d29);blocking_notifier_call_chain=crc(559ff49a!=8317ad7c);_printk=crc(16b5b21d!=92997ed8);snd_soc_component_update_bits=crc(9f9e884d!=d098dad4);mutex_lock=crc(995658e3!=d5977bfb);_dev_info=crc(6b10178d!=8dacace4)
lpass_cdc_rx_macro_dlkm,lpass_cdc_rx_macro_dlkm,device/oneplus/infiniti-kernel/lpass_cdc_rx_macro_dlkm.ko,audio,1,0,93,0,0,0,18,75,mismatch(e976b219!=38f960dd),load-fail-module-layout,load-fail-crc,___ratelimit=crc(a3384a5c!=f5edea2e);_printk=crc(16b5b21d!=92997ed8);__stack_chk_fail=crc(d272d446!=f0fdf6cb);lpass_cdc_get_device_ptr=missing;_dev_err=crc(6b10178d!=89c10d29);__platform_driver_register=crc(26d0cf2d!=dda9df08);platform_driver_unregister=crc(8af50346!=3af3024b);lpass_cdc_is_va_macro_registered=missing
lpass_cdc_tx_macro_dlkm,lpass_cdc_tx_macro_dlkm,device/oneplus/infiniti-kernel/lpass_cdc_tx_macro_dlkm.ko,audio,1,0,73,0,0,0,12,61,mismatch(e976b219!=38f960dd),load-fail-module-layout,load-fail-crc,__platform_driver_register=crc(26d0cf2d!=dda9df08);platform_driver_unregister=crc(8af50346!=3af3024b);lpass_cdc_is_va_macro_registered=missing;devm_kmalloc=crc(d1263f9d!=9601551a);of_property_read_variable_u32_array=crc(5de0294f!=e46d1c95);devm_ioremap=crc(6d7dac4a!=6e24b6a0);of_find_property=crc(9a0c7532!=4d1675b6);_dev_err=crc(6b10178d!=89c10d29)
lpass_cdc_va_macro_dlkm,lpass_cdc_va_macro_dlkm,device/oneplus/infiniti-kernel/lpass_cdc_va_macro_dlkm.ko,audio,1,0,102,0,0,0,18,84,mismatch(e976b219!=38f960dd),load-fail-module-layout,load-fail-crc,__platform_driver_register=crc(26d0cf2d!=dda9df08);platform_driver_unregister=crc(8af50346!=3af3024b);devm_kmalloc=crc(d1263f9d!=9601551a);of_property_read_variable_u32_array=crc(5de0294f!=e46d1c95);of_find_property=crc(9a0c7532!=4d1675b6);_dev_err=crc(6b10178d!=89c10d29);__of_parse_phandle_with_args=crc(e99699d5!=64cc5fec);msm_cdc_pinctrl_get_state=missing
lpass_cdc_wsa2_macro_dlkm,lpass_cdc_wsa2_macro_dlkm,device/oneplus/infiniti-kernel/lpass_cdc_wsa2_macro_dlkm.ko,audio,1,0,91,0,0,0,17,74,mismatch(e976b219!=38f960dd),load-fail-module-layout,load-fail-crc,__platform_driver_register=crc(26d0cf2d!=dda9df08);platform_driver_unregister=crc(8af50346!=3af3024b);lpass_cdc_is_va_macro_registered=missing;devm_kmalloc=crc(d1263f9d!=9601551a);of_property_read_variable_u32_array=crc(5de0294f!=e46d1c95);devm_ioremap=crc(6d7dac4a!=6e24b6a0);of_find_property=crc(9a0c7532!=4d1675b6);__of_parse_phandle_with_args=crc(e99699d5!=64cc5fec)
lpass_cdc_wsa_macro_dlkm,lpass_cdc_wsa_macro_dlkm,device/oneplus/infiniti-kernel/lpass_cdc_wsa_macro_dlkm.ko,audio,1,0,96,0,0,0,17,79,mismatch(e976b219!=38f960dd),load-fail-module-layout,load-fail-crc,__platform_driver_register=crc(26d0cf2d!=dda9df08);platform_driver_unregister=crc(8af50346!=3af3024b);lpass_cdc_is_va_macro_registered=missing;devm_kmalloc=crc(d1263f9d!=9601551a);of_property_read_variable_u32_array=crc(5de0294f!=e46d1c95);devm_ioremap=crc(6d7dac4a!=6e24b6a0);of_find_property=crc(9a0c7532!=4d1675b6);__of_parse_phandle_with_args=crc(e99699d5!=64cc5fec)
lt9611uxc,lt9611uxc,device/oneplus/infiniti-kernel/lt9611uxc.ko,misc,1,0,97,0,0,0,0,97,mismatch(e976b219!=38f960dd),load-fail-module-layout,load-fail-crc,kfree=crc(31359e90!=037a0cba);scnprintf=crc(f4386284!=96848186);drm_get_connector_status_name=crc(b7d9ba97!=0fd60df2);kobject_uevent_env=crc(37679765!=c2f18be0);__stack_chk_fail=crc(d272d446!=f0fdf6cb);i2c_transfer=crc(a293b777!=5a43ffe8);_printk=crc(16b5b21d!=92997ed8);msleep=crc(67628f51!=f9a482f9)
mac80211,mac80211,device/oneplus/infiniti-kernel/mac80211.ko,misc,1,0,318,0,0,0,0,318,mismatch(e976b219!=38f960dd),load-fail-module-layout,load-fail-crc,mem_alloc_profiling_key=crc(8ee1928d!=0f05f001);__kmalloc_noprof=crc(27865ec7!=52c5c991);memcpy=crc(8a7493b2!=4829a47e);sg_init_table=crc(e9e714fc!=2cf0c910);crypto_aead_encrypt=crc(bf2372c8!=50fe02e3);kfree_sensitive=crc(b4b28205!=d0760fc0);__fortify_panic=crc(31b67631!=75ca79b5);__stack_chk_fail=crc(d272d446!=f0fdf6cb)
machine_dlkm,machine_dlkm,device/oneplus/infiniti-kernel/machine_dlkm.ko,audio,1,0,121,0,0,0,36,85,mismatch(e976b219!=38f960dd),load-fail-module-layout,load-fail-crc,sysfs_notify=crc(475824e6!=0576b7eb);mutex_lock=crc(995658e3!=d5977bfb);mutex_unlock=crc(995658e3!=ed55cabd);mem_alloc_profiling_key=crc(8ee1928d!=0f05f001);kmalloc_caches=crc(d6ce5659!=559b0832);__kmalloc_cache_noprof=crc(6cc46e45!=57abd7cf);kernel_kobj=crc(45e1f39a!=253f9cbc);kobject_init_and_add=crc(dcf6bcc3!=3ee9df91)
mbhc_dlkm,mbhc_dlkm,device/oneplus/infiniti-kernel/mbhc_dlkm.ko,misc,1,0,57,0,0,0,5,52,mismatch(e976b219!=38f960dd),load-fail-module-layout,load-fail-crc,snd_soc_jack_report=crc(0d2139d6!=4a40ae1f);snd_soc_component_update_bits=crc(9f9e884d!=d098dad4);_dev_err=crc(6b10178d!=89c10d29);cancel_delayed_work_sync=crc(22a4e35b!=cec49a87);snd_soc_component_read=crc(73f80fd0!=f388ea36);mutex_is_locked=crc(dfba3032!=819bebd4);_printk=crc(16b5b21d!=92997ed8);alt_cb_patch_nops=crc(b8c8345a!=a65c6def)
mdt_loader,mdt_loader,device/oneplus/infiniti-kernel/mdt_loader.ko,misc,0,0,18,0,0,0,0,18,mismatch(e976b219!=38f960dd),load-fail-module-layout,load-fail-crc,mem_alloc_profiling_key=crc(8ee1928d!=0f05f001);__kmalloc_noprof=crc(27865ec7!=52c5c991);memcpy=crc(8a7493b2!=4829a47e);kfree=crc(31359e90!=037a0cba);_dev_err=crc(6b10178d!=89c10d29);__fortify_panic=crc(31b67631!=75ca79b5);strlen=crc(90d19584!=98cf60b3);kstrdup=crc(3accfef3!=2d39b0a7)
mem-hooks,mem_hooks,device/oneplus/infiniti-kernel/mem-hooks.ko,misc,1,0,32,0,0,0,0,32,mismatch(e976b219!=38f960dd),load-fail-module-layout,load-fail-crc,strlen=crc(90d19584!=98cf60b3);trace_event_buffer_reserve=crc(40964d00!=ef09c050);memcpy=crc(8a7493b2!=4829a47e);trace_event_buffer_commit=crc(ffe3783c!=f95e6f0d);__trace_trigger_soft_disabled=crc(cb5e01d7!=dd84a68a);__stack_chk_fail=crc(d272d446!=f0fdf6cb);perf_trace_buf_alloc=crc(231ad1b8!=2d2c902f);perf_trace_run_bpf_submit=crc(2a290ade!=1c86eaa7)
mem-offline,mem_offline,device/oneplus/infiniti-kernel/mem-offline.ko,misc,1,0,46,0,0,0,0,46,mismatch(e976b219!=38f960dd),load-fail-module-layout,load-fail-crc,__platform_driver_register=crc(26d0cf2d!=dda9df08);platform_driver_unregister=crc(8af50346!=3af3024b);of_get_property=crc(25eb83ce!=97bbda8e);of_find_property=crc(9a0c7532!=4d1675b6);qmp_get=crc(91c79421!=cd6aa0be);of_root=crc(b2e1801c!=6d867179);of_find_node_by_name=crc(99e6e1dc!=25ae5b6a);of_n_addr_cells=crc(c071ca08!=29f55d65)
mem-prot,mem_prot,device/oneplus/infiniti-kernel/mem-prot.ko,misc,0,0,38,0,0,0,0,38,mismatch(e976b219!=38f960dd),load-fail-module-layout,load-fail-crc,gen_pool_free_owner=crc(1fadbd5e!=060ba97c);mutex_lock=crc(995658e3!=d5977bfb);gen_pool_avail=crc(6f5b4bea!=d0d3f0a4);qcom_scm_cfg_pddr_protected_region=crc(05e8bfe7!=2c7d0bf6);gen_pool_destroy=crc(68d3a859!=6c224cda);dma_free_attrs=crc(111d26af!=b7bc5061);mutex_unlock=crc(995658e3!=ed55cabd);_printk=crc(16b5b21d!=92997ed8)
mem_buf,mem_buf,device/oneplus/infiniti-kernel/mem_buf.ko,misc,0,0,123,0,0,0,2,121,mismatch(e976b219!=38f960dd),load-fail-module-layout,load-fail-crc,mem_alloc_profiling_key=crc(8ee1928d!=0f05f001);__kmalloc_noprof=crc(27865ec7!=52c5c991);__arch_copy_from_user=crc(1f42c609!=12a4e128);mem_buf_fd_to_vmid=crc(d9c3f95c!=9f23fee7);memset=crc(110f4d3a!=dcb764ad);___ratelimit=crc(a3384a5c!=f5edea2e);kfree=crc(31359e90!=037a0cba);_printk=crc(16b5b21d!=92997ed8)
mem_buf_dev,mem_buf_dev,device/oneplus/infiniti-kernel/mem_buf_dev.ko,misc,0,0,104,0,0,0,0,104,mismatch(e976b219!=38f960dd),load-fail-module-layout,load-fail-crc,hyp_assign_table=crc(fe9d0369!=86827bc5);_printk=crc(16b5b21d!=92997ed8);mutex_lock=crc(995658e3!=d5977bfb);sg_next=crc(c57ccfca!=fbe215e4);gh_rm_heap_memlend_prealloc=crc(4967e70b!=e9ea5c9d);mutex_unlock=crc(995658e3!=ed55cabd);__stack_chk_fail=crc(d272d446!=f0fdf6cb);gh_rm_heap_shrink=crc(d272d446!=8975794b)
mem_buf_msgq,mem_buf_msgq,device/oneplus/infiniti-kernel/mem_buf_msgq.ko,misc,0,0,42,0,0,0,0,42,mismatch(e976b219!=38f960dd),load-fail-module-layout,load-fail-crc,mem_alloc_profiling_key=crc(8ee1928d!=0f05f001);__kmalloc_noprof=crc(27865ec7!=52c5c991);memcpy=crc(8a7493b2!=4829a47e);strnlen=crc(b5bedffb!=a916b694);sized_strscpy=crc(8f8e273c!=476b165a);__tracepoint_send_alloc_req=crc(7c5aa8a7!=ebc2375a);__cpu_online_mask=crc(4e994f70!=ac594e02);__traceiter_send_alloc_req=crc(70f31871!=321eea28)
mem_object,mem_object,device/oneplus/infiniti-kernel/mem_object.ko,misc,1,0,32,0,0,0,4,28,mismatch(e976b219!=38f960dd),load-fail-module-layout,load-fail-crc,mem_alloc_profiling_key=crc(8ee1928d!=0f05f001);kmalloc_caches=crc(d6ce5659!=559b0832);__kmalloc_cache_noprof=crc(6cc46e45!=57abd7cf);__mutex_init=crc(81d49dc6!=a571f6b0);alt_cb_patch_nops=crc(b8c8345a!=a65c6def);init_si_object_user=missing;mutex_lock=crc(995658e3!=d5977bfb);mutex_unlock=crc(995658e3!=ed55cabd)
memlat,memlat,device/oneplus/infiniti-kernel/memlat.ko,misc,1,0,60,0,0,0,14,46,mismatch(e976b219!=38f960dd),load-fail-module-layout,load-fail-crc,_printk=crc(16b5b21d!=92997ed8);__stack_chk_fail=crc(d272d446!=f0fdf6cb);__platform_driver_register=crc(26d0cf2d!=dda9df08);platform_driver_unregister=crc(8af50346!=3af3024b);of_device_get_match_data=crc(be4e2011!=218d268b);get_qcom_scmi_device=missing;devm_kmalloc=crc(d1263f9d!=9601551a);of_get_next_available_child=crc(f2308994!=65f0b02d)
memory_dump_v2,memory_dump_v2,device/oneplus/infiniti-kernel/memory_dump_v2.ko,misc,0,0,43,0,0,0,0,43,mismatch(e976b219!=38f960dd),load-fail-module-layout,load-fail-crc,_printk=crc(16b5b21d!=92997ed8);memstart_addr=crc(c9a2f5d2!=9688de8b);strnlen=crc(b5bedffb!=a916b694);sized_strscpy=crc(8f8e273c!=476b165a);snprintf=crc(f4386284!=656e4a6e);msm_minidump_add_region=crc(dd21467e!=bc932109);__stack_chk_fail=crc(d272d446!=f0fdf6cb);__fortify_panic=crc(31b67631!=75ca79b5)
mhi,mhi,device/oneplus/infiniti-kernel/mhi.ko,network,1,0,134,0,0,0,5,129,mismatch(e976b219!=38f960dd),load-fail-module-layout,load-fail-crc,ipc_log_string=missing;get_random_u32=crc(c01aafd2!=d36dc10c);_dev_err=crc(6b10178d!=89c10d29);__const_udelay=crc(b7d17430!=eae3dfd6);__stack_chk_fail=crc(d272d446!=f0fdf6cb);__msecs_to_jiffies=crc(7162a662!=7f02188f);init_wait_entry=crc(6668f05d!=fe487975);prepare_to_wait_event=crc(a29be00c!=8c26d495)
mhi_dev_satellite,mhi_dev_satellite,device/oneplus/infiniti-kernel/mhi_dev_satellite.ko,network,1,0,51,0,0,0,3,48,mismatch(e976b219!=38f960dd),load-fail-module-layout,load-fail-crc,mem_alloc_profiling_key=crc(8ee1928d!=0f05f001);kmalloc_caches=crc(d6ce5659!=559b0832);__kmalloc_cache_noprof=crc(6cc46e45!=57abd7cf);__mutex_init=crc(81d49dc6!=a571f6b0);scnprintf=crc(f4386284!=96848186);ipc_log_context_create=missing;__register_rpmsg_driver=crc(0219a521!=f2bb1e4b);__mhi_driver_register=crc(cac096ee!=a30eb75c)
mhi_dev_uci,mhi_dev_uci,device/oneplus/infiniti-kernel/mhi_dev_uci.ko,network,1,0,52,0,0,0,3,49,mismatch(e976b219!=38f960dd),load-fail-module-layout,load-fail-crc,__register_chrdev=crc(2805073e!=4004f5b8);class_create=crc(934914c3!=73ab41b8);__mutex_init=crc(81d49dc6!=a571f6b0);__mhi_driver_register=crc(cac096ee!=a30eb75c);class_destroy=crc(0eaa09a8!=9b827076);unregister_chrdev_region=crc(0bc5fb0d!=6091b333);mhi_driver_unregister=crc(24bac2fc!=1376a4db);ipc_log_string=missing
microdump_collector,microdump_collector,device/oneplus/infiniti-kernel/microdump_collector.ko,misc,0,0,14,0,0,0,0,14,mismatch(e976b219!=38f960dd),load-fail-module-layout,load-fail-crc,__platform_driver_register=crc(26d0cf2d!=dda9df08);_printk=crc(16b5b21d!=92997ed8);qcom_unregister_ssr_notifier=crc(52d99790!=d6cc0cc0);kfree=crc(31359e90!=037a0cba);mem_alloc_profiling_key=crc(8ee1928d!=0f05f001);kmalloc_caches=crc(d6ce5659!=559b0832);__kmalloc_cache_noprof=crc(6cc46e45!=57abd7cf);qcom_register_ssr_notifier=crc(eb954a17!=0fa538df)
minidump,minidump,device/oneplus/infiniti-kernel/minidump.ko,dfr,0,0,137,0,0,0,5,132,mismatch(e976b219!=38f960dd),load-fail-module-layout,load-fail-crc,memstart_addr=crc(c9a2f5d2!=9688de8b);kimage_voffset=crc(7f175992!=e4bbc1dd);scnprintf=crc(f4386284!=96848186);vmalloc_to_page=crc(a8b58902!=f57a7c8b);_printk_deferred=crc(16b5b21d!=1e19eb6c);_printk=crc(16b5b21d!=92997ed8);__stack_chk_fail=crc(d272d446!=f0fdf6cb);__per_cpu_offset=crc(0de4cab5!=280f9f14)
mpam,mpam,device/oneplus/infiniti-kernel/mpam.ko,misc,1,0,14,0,0,0,1,13,mismatch(e976b219!=38f960dd),load-fail-module-layout,load-fail-crc,__stack_chk_fail=crc(d272d446!=f0fdf6cb);__platform_driver_register=crc(26d0cf2d!=dda9df08);_printk=crc(16b5b21d!=92997ed8);platform_driver_unregister=crc(8af50346!=3af3024b);get_qcom_scmi_device=missing;_dev_err=crc(6b10178d!=89c10d29);rpmsg_send=crc(9023b26d!=19ecfe44);wait_for_completion_timeout=crc(6dc35028!=4a3ad70e)
mpam_msc,mpam_msc,device/oneplus/infiniti-kernel/mpam_msc.ko,misc,1,0,8,0,0,0,0,8,mismatch(e976b219!=38f960dd),load-fail-module-layout,load-fail-crc,_printk=crc(16b5b21d!=92997ed8);__list_add_valid_or_report=crc(6fabd45b!=7e19152a);__list_del_entry_valid_or_report=crc(802f8919!=9a835040);__platform_driver_register=crc(26d0cf2d!=dda9df08);platform_driver_unregister=crc(8af50346!=3af3024b);of_platform_populate=crc(f44b6715!=126b2b47);_dev_err=crc(6b10178d!=89c10d29);module_layout=crc(e976b219!=38f960dd)
mpam_msc_slc,mpam_msc_slc,device/oneplus/infiniti-kernel/mpam_msc_slc.ko,misc,1,0,31,0,0,0,5,26,mismatch(e976b219!=38f960dd),load-fail-module-layout,load-fail-crc,__platform_driver_register=crc(26d0cf2d!=dda9df08);platform_driver_unregister=crc(8af50346!=3af3024b);devm_kmalloc=crc(d1263f9d!=9601551a);get_qcom_scmi_device=missing;devm_clk_get=crc(f92eae1a!=4177572f);of_property_read_variable_u32_array=crc(5de0294f!=e46d1c95);of_property_read_string=crc(fc9f25c0!=27bdd89b);dev_err_probe=crc(de026a97!=3083bbb7)
msm-eva,msm_eva,device/oneplus/infiniti-kernel/msm-eva.ko,graphics-video,1,0,254,0,0,0,16,238,mismatch(e976b219!=38f960dd),load-fail-module-layout,load-fail-crc,mem_alloc_profiling_key=crc(8ee1928d!=0f05f001);kmalloc_caches=crc(d6ce5659!=559b0832);__kmalloc_cache_noprof=crc(6cc46e45!=57abd7cf);__mutex_init=crc(81d49dc6!=a571f6b0);__platform_driver_register=crc(26d0cf2d!=dda9df08);kfree=crc(31359e90!=037a0cba);_printk=crc(16b5b21d!=92997ed8);__kmem_cache_create_args=crc(41f900f7!=2d22bcc6)
msm-mmrm,msm_mmrm,device/oneplus/infiniti-kernel/msm-mmrm.ko,mm-driver,1,0,44,0,0,0,0,44,mismatch(e976b219!=38f960dd),load-fail-module-layout,load-fail-crc,_printk=crc(16b5b21d!=92997ed8);memcpy=crc(8a7493b2!=4829a47e);__stack_chk_fail=crc(d272d446!=f0fdf6cb);mem_alloc_profiling_key=crc(8ee1928d!=0f05f001);kmalloc_caches=crc(d6ce5659!=559b0832);__kmalloc_cache_noprof=crc(6cc46e45!=57abd7cf);__kmalloc_noprof=crc(27865ec7!=52c5c991);__mutex_init=crc(81d49dc6!=a571f6b0)
msm_dma_iommu_mapping,msm_dma_iommu_mapping,device/oneplus/infiniti-kernel/msm_dma_iommu_mapping.ko,misc,0,0,28,0,0,0,0,28,mismatch(e976b219!=38f960dd),load-fail-module-layout,load-fail-crc,mutex_lock=crc(995658e3!=d5977bfb);mem_alloc_profiling_key=crc(8ee1928d!=0f05f001);kmalloc_caches=crc(d6ce5659!=559b0832);__kmalloc_cache_noprof=crc(6cc46e45!=57abd7cf);__mutex_init=crc(81d49dc6!=a571f6b0);_printk=crc(16b5b21d!=92997ed8);alt_cb_patch_nops=crc(b8c8345a!=a65c6def);rb_insert_color=crc(27710d8c!=a5526619)
msm_drm,msm_drm,device/oneplus/infiniti-kernel/msm_drm.ko,display,1,0,812,0,0,0,44,768,mismatch(e976b219!=38f960dd),load-fail-module-layout,load-fail-crc,_printk=crc(16b5b21d!=92997ed8);snprintf=crc(f4386284!=656e4a6e);kobject_uevent_env=crc(37679765!=c2f18be0);__stack_chk_fail=crc(d272d446!=f0fdf6cb);memcpy=crc(8a7493b2!=4829a47e);__platform_driver_register=crc(26d0cf2d!=dda9df08);platform_driver_unregister=crc(8af50346!=3af3024b);devm_kmalloc=crc(d1263f9d!=9601551a)
msm_ext_display,msm_ext_display,device/oneplus/infiniti-kernel/msm_ext_display.ko,mm-driver,1,0,20,0,0,0,0,20,mismatch(e976b219!=38f960dd),load-fail-module-layout,load-fail-crc,mutex_lock=crc(995658e3!=d5977bfb);extcon_get_state=crc(9ff0d4e8!=812f54fb);extcon_set_state_sync=crc(20021f1f!=37326791);mutex_unlock=crc(995658e3!=ed55cabd);_printk=crc(16b5b21d!=92997ed8);mem_alloc_profiling_key=crc(8ee1928d!=0f05f001);kmalloc_caches=crc(d6ce5659!=559b0832);__kmalloc_cache_noprof=crc(6cc46e45!=57abd7cf)
msm_geni_serial,msm_geni_serial,device/oneplus/infiniti-kernel/msm_geni_serial.ko,misc,1,0,136,0,0,0,2,134,mismatch(e976b219!=38f960dd),load-fail-module-layout,load-fail-crc,strlen=crc(90d19584!=98cf60b3);trace_event_buffer_reserve=crc(40964d00!=ef09c050);memcpy=crc(8a7493b2!=4829a47e);vsnprintf=crc(78dfe782!=00148653);trace_event_buffer_commit=crc(ffe3783c!=f95e6f0d);__trace_trigger_soft_disabled=crc(cb5e01d7!=dd84a68a);__stack_chk_fail=crc(d272d446!=f0fdf6cb);perf_trace_buf_alloc=crc(231ad1b8!=2d2c902f)
msm_gpi,msm_gpi,device/oneplus/infiniti-kernel/msm_gpi.ko,misc,1,0,84,0,0,0,4,80,mismatch(e976b219!=38f960dd),load-fail-module-layout,load-fail-crc,ipc_log_string=missing;sched_clock=crc(f018baf9!=e94986d6);mem_alloc_profiling_key=crc(8ee1928d!=0f05f001);kmalloc_caches=crc(d6ce5659!=559b0832);__kmalloc_cache_noprof=crc(6cc46e45!=57abd7cf);_printk=crc(16b5b21d!=92997ed8);memcpy=crc(8a7493b2!=4829a47e);__kmalloc_noprof=crc(27865ec7!=52c5c991)
msm_hfi_core,msm_hfi_core,device/oneplus/infiniti-kernel/msm_hfi_core.ko,mm-driver,0,0,94,0,0,0,1,93,mismatch(e976b219!=38f960dd),load-fail-module-layout,load-fail-crc,_printk=crc(16b5b21d!=92997ed8);__list_del_entry_valid_or_report=crc(802f8919!=9a835040);__list_add_valid_or_report=crc(6fabd45b!=7e19152a);sg_init_one=crc(c0080556!=43babd19);virtqueue_add_inbuf=crc(56c0a57e!=ee703c76);virtqueue_add_outbuf=crc(56c0a57e!=829d6522);__stack_chk_fail=crc(d272d446!=f0fdf6cb);virtqueue_detach_unused_buf=crc(7e5947f6!=31736295)
msm_hw_fence,msm_hw_fence,device/oneplus/infiniti-kernel/msm_hw_fence.ko,mm-driver,1,0,108,0,0,0,1,107,mismatch(e976b219!=38f960dd),load-fail-module-layout,load-fail-crc,__stack_chk_fail=crc(d272d446!=f0fdf6cb);scnprintf=crc(f4386284!=96848186);_printk=crc(16b5b21d!=92997ed8);mutex_lock=crc(995658e3!=d5977bfb);mutex_unlock=crc(995658e3!=ed55cabd);__wake_up=crc(f7c60e8b!=e2964344);ktime_get=crc(ff9a6e5c!=b43f9365);__msecs_to_jiffies=crc(7162a662!=7f02188f)
msm_kgsl,msm_kgsl,device/oneplus/infiniti-kernel/msm_kgsl.ko,gpu,1,0,531,0,0,0,20,511,mismatch(e976b219!=38f960dd),load-fail-module-layout,load-fail-crc,request_firmware=crc(69d48229!=4ebbf086);memcpy=crc(8a7493b2!=4829a47e);release_firmware=crc(b770888b!=c6d09aa9);_dev_err=crc(6b10178d!=89c10d29);__stack_chk_fail=crc(d272d446!=f0fdf6cb);system_wq=crc(571c73d5!=2d3385d3);queue_work_on=crc(8f4cd990!=c5b6f236);___ratelimit=crc(a3384a5c!=f5edea2e)
msm_memshare,msm_memshare,device/oneplus/infiniti-kernel/msm_memshare.ko,misc,1,0,56,0,0,0,7,49,mismatch(e976b219!=38f960dd),load-fail-module-layout,load-fail-crc,dma_alloc_attrs=crc(cf96de2a!=1078313b);_dev_err=crc(6b10178d!=89c10d29);__platform_driver_register=crc(26d0cf2d!=dda9df08);platform_driver_unregister=crc(8af50346!=3af3024b);of_device_is_compatible=crc(c993f0e5!=9be608c5);devm_kmalloc=crc(d1263f9d!=9601551a);__mutex_init=crc(81d49dc6!=a571f6b0);system_wq=crc(571c73d5!=2d3385d3)
msm_performance,msm_performance,device/oneplus/infiniti-kernel/msm_performance.ko,misc,1,0,53,0,0,0,4,49,mismatch(e976b219!=38f960dd),load-fail-module-layout,load-fail-crc,_raw_spin_lock_irqsave=crc(aa615763!=34db050b);_raw_spin_unlock_irqrestore=crc(582af1c8!=d35cce70);ktime_get=crc(ff9a6e5c!=b43f9365);complete=crc(7da92691!=a6257a2f);kernel_kobj=crc(45e1f39a!=253f9cbc);kset_create_and_add=crc(3138eb5c!=807cd607);kobject_create_and_add=crc(3e531720!=a8be50c3);sysfs_create_group=crc(3ee3b24e!=00ef1eb0)
msm_qmp,msm_qmp,device/oneplus/infiniti-kernel/msm_qmp.ko,misc,0,0,58,0,0,0,2,56,mismatch(e976b219!=38f960dd),load-fail-module-layout,load-fail-crc,__platform_driver_register=crc(26d0cf2d!=dda9df08);platform_driver_unregister=crc(8af50346!=3af3024b);devm_kmalloc=crc(d1263f9d!=9601551a);__of_parse_phandle_with_args=crc(e99699d5!=64cc5fec);qmp_get=crc(91c79421!=cd6aa0be);of_get_property=crc(25eb83ce!=97bbda8e);platform_get_resource_byname=crc(cc1c0f0f!=ddf84c88);devm_ioremap=crc(6d7dac4a!=6e24b6a0)
msm_sharedmem,msm_sharedmem,device/oneplus/infiniti-kernel/msm_sharedmem.ko,misc,1,0,18,0,0,0,0,18,mismatch(e976b219!=38f960dd),load-fail-module-layout,load-fail-crc,__platform_driver_register=crc(26d0cf2d!=dda9df08);_printk=crc(16b5b21d!=92997ed8);platform_driver_unregister=crc(8af50346!=3af3024b);platform_get_resource=crc(1b038a1f!=7b3363db);of_property_read_variable_u32_array=crc(5de0294f!=e46d1c95);devm_kmalloc=crc(d1263f9d!=9601551a);of_find_property=crc(9a0c7532!=4d1675b6);dma_alloc_attrs=crc(cf96de2a!=1078313b)
msm_show_epoch,msm_show_epoch,device/oneplus/infiniti-kernel/msm_show_epoch.ko,misc,1,0,5,0,0,0,0,5,mismatch(e976b219!=38f960dd),load-fail-module-layout,load-fail-crc,__tracepoint_android_vh_show_suspend_epoch_val=crc(7c5aa8a7!=15ae232b);tracepoint_probe_register=crc(15cb871d!=5b50af89);__tracepoint_android_vh_show_resume_epoch_val=crc(7c5aa8a7!=8830ad02);_printk=crc(16b5b21d!=92997ed8);module_layout=crc(e976b219!=38f960dd)
msm_show_resume_irq,msm_show_resume_irq,device/oneplus/infiniti-kernel/msm_show_resume_irq.ko,misc,1,0,20,0,0,0,0,20,mismatch(e976b219!=38f960dd),load-fail-module-layout,load-fail-crc,__platform_driver_register=crc(26d0cf2d!=dda9df08);platform_driver_unregister=crc(8af50346!=3af3024b);of_iomap=crc(e2ff4068!=1e39818e);__tracepoint_android_vh_cpuidle_psci_enter=crc(7c5aa8a7!=926732f6);tracepoint_probe_register_prio=crc(44365c54!=561375bd);__tracepoint_android_vh_cpuidle_psci_exit=crc(7c5aa8a7!=39e47f06);register_syscore_ops=crc(93441c02!=b9c425de);_printk=crc(16b5b21d!=92997ed8)
msm_sysstats,msm_sysstats,device/oneplus/infiniti-kernel/msm_sysstats.ko,misc,1,0,48,0,0,0,0,48,mismatch(e976b219!=38f960dd),load-fail-module-layout,load-fail-crc,genl_register_family=crc(576db919!=47c36fbe);_printk=crc(16b5b21d!=92997ed8);genl_unregister_family=crc(66601109!=6cb2a46a);__nla_validate=crc(dd1772f9!=3d1059ea);nla_reserve_64bit=crc(310e773d!=df70fee5);__rcu_read_lock=crc(d272d446!=8d522714);find_task_by_vpid=crc(2c7840a3!=a722ced9);alt_cb_patch_nops=crc(b8c8345a!=a65c6def)
msm_video,msm_video,device/oneplus/infiniti-kernel/msm_video.ko,graphics-video,1,0,269,0,0,0,13,256,mismatch(e976b219!=38f960dd),load-fail-module-layout,load-fail-crc,memcpy=crc(8a7493b2!=4829a47e);_printk=crc(16b5b21d!=92997ed8);of_find_node_opts_by_path=crc(bcf52949!=a7a68f8b);of_property_read_variable_u32_array=crc(5de0294f!=e46d1c95);__stack_chk_fail=crc(d272d446!=f0fdf6cb);socinfo_get_part_count=crc(4cf57500!=34c2497c);socinfo_get_subpart_info=crc(649b5cf3!=a590ede5);of_device_is_compatible=crc(c993f0e5!=9be608c5)
mtk_wdt,mtk_wdt,device/oneplus/infiniti-kernel/mtk_wdt.ko,misc,0,0,2,0,0,0,0,2,mismatch(e976b219!=38f960dd),load-fail-module-layout,load-fail-crc,_printk=crc(16b5b21d!=92997ed8);module_layout=crc(e976b219!=38f960dd)
nb7vpq904m,nb7vpq904m,device/oneplus/infiniti-kernel/nb7vpq904m.ko,misc,1,0,39,0,0,0,3,36,mismatch(e976b219!=38f960dd),load-fail-module-layout,load-fail-crc,i2c_register_driver=crc(6f0760fb!=b84054a9);i2c_del_driver=crc(ef821497!=938a618b);devm_kmalloc=crc(d1263f9d!=9601551a);alloc_workqueue=crc(c531e61f!=49cd25ed);__devm_regmap_init_i2c=crc(c63976ed!=f8d84327);of_find_property=crc(9a0c7532!=4d1675b6);of_property_read_variable_u8_array=crc(8df6595f!=efaa60b0);devm_regulator_get_optional=crc(98863b61!=00027e83)
nvmem_qcom-spmi-sdam,nvmem_qcom_spmi_sdam,device/oneplus/infiniti-kernel/nvmem_qcom-spmi-sdam.ko,misc,0,0,12,0,0,0,0,12,mismatch(e976b219!=38f960dd),load-fail-module-layout,load-fail-crc,__platform_driver_register=crc(26d0cf2d!=dda9df08);platform_driver_unregister=crc(8af50346!=3af3024b);devm_kmalloc=crc(d1263f9d!=9601551a);dev_get_regmap=crc(38acd0f5!=3e1dc6b6);of_property_read_variable_u32_array=crc(5de0294f!=e46d1c95);regmap_read=crc(23aa8f00!=61488f9c);devm_nvmem_register=crc(b18bc96c!=763a548e);_dev_err=crc(6b10178d!=89c10d29)
nvmem_qfprom,nvmem_qfprom,device/oneplus/infiniti-kernel/nvmem_qfprom.ko,misc,1,0,45,0,0,0,0,45,mismatch(e976b219!=38f960dd),load-fail-module-layout,load-fail-crc,__platform_driver_register=crc(26d0cf2d!=dda9df08);platform_driver_unregister=crc(8af50346!=3af3024b);memcpy=crc(8a7493b2!=4829a47e);devm_kmalloc=crc(d1263f9d!=9601551a);devm_platform_get_and_ioremap_resource=crc(f98b552a!=37e24653);device_get_match_data=crc(baf0ac54!=7862b16c);platform_get_resource=crc(1b038a1f!=7b3363db);devm_ioremap_resource=crc(fc3a1f89!=12cfb69d)
nxp-nci,nxp_nci,device/oneplus/infiniti-kernel/nxp-nci.ko,misc,1,0,81,0,0,0,5,76,mismatch(e976b219!=38f960dd),load-fail-module-layout,load-fail-crc,_printk=crc(16b5b21d!=92997ed8);of_get_named_gpio=crc(08f8b82c!=60133d8b);of_property_read_string=crc(fc9f25c0!=27bdd89b);of_property_read_variable_u32_array=crc(5de0294f!=e46d1c95);_dev_err=crc(6b10178d!=89c10d29);gpio_to_desc=crc(a49e2188!=5a24a77c);gpiod_set_raw_value=crc(ffbbe456!=cfc9d9bf);usleep_range_state=crc(fdbae8c6!=c3055d20)
oplus_audio_aw882xx,oplus_audio_aw882xx,device/oneplus/infiniti-kernel/oplus_audio_aw882xx.ko,misc,1,0,81,0,0,0,2,79,mismatch(e976b219!=38f960dd),load-fail-module-layout,load-fail-crc,_printk=crc(16b5b21d!=92997ed8);memset=crc(110f4d3a!=dcb764ad);devm_kmalloc=crc(d1263f9d!=9601551a);memcpy=crc(8a7493b2!=4829a47e);mem_alloc_profiling_key=crc(8ee1928d!=0f05f001);__kmalloc_noprof=crc(27865ec7!=52c5c991);strcmp=crc(f5df0401!=e2d5255a);__stack_chk_fail=crc(d272d446!=f0fdf6cb)
oplus_audio_daemon,oplus_audio_daemon,device/oneplus/infiniti-kernel/oplus_audio_daemon.ko,misc,1,0,28,0,0,0,3,25,mismatch(e976b219!=38f960dd),load-fail-module-layout,load-fail-crc,mutex_lock=crc(995658e3!=d5977bfb);ktime_get=crc(ff9a6e5c!=b43f9365);_printk=crc(16b5b21d!=92997ed8);mutex_unlock=crc(995658e3!=ed55cabd);memset=crc(110f4d3a!=dcb764ad);scnprintf=crc(f4386284!=96848186);upload_mm_fb_kevent_limit=missing;system_wq=crc(571c73d5!=2d3385d3)
oplus_audio_extend,oplus_audio_extend,device/oneplus/infiniti-kernel/oplus_audio_extend.ko,misc,1,0,24,0,0,0,0,24,mismatch(e976b219!=38f960dd),load-fail-module-layout,load-fail-crc,_printk=crc(16b5b21d!=92997ed8);devm_kmalloc=crc(d1263f9d!=9601551a);snd_soc_find_dai=crc(50d16dc7!=35ede68d);strcmp=crc(f5df0401!=e2d5255a);_dev_err=crc(6b10178d!=89c10d29);snd_soc_add_card_controls=crc(a71ed693!=db8d2c5d);__platform_driver_register=crc(26d0cf2d!=dda9df08);platform_driver_unregister=crc(8af50346!=3af3024b)
oplus_audio_netlink,oplus_audio_netlink,device/oneplus/infiniti-kernel/oplus_audio_netlink.ko,misc,1,0,32,0,0,0,1,31,mismatch(e976b219!=38f960dd),load-fail-module-layout,load-fail-crc,_printk=crc(16b5b21d!=92997ed8);strcmp=crc(f5df0401!=e2d5255a);__alloc_skb=crc(f9414958!=8a292505);genlmsg_put=crc(a1bf231c!=35179be6);nla_put=crc(d7e32719!=f9a61ed4);init_net=crc(853101e3!=66460e0d);netlink_unicast=crc(89ebab58!=981467e1);sk_skb_reason_drop=crc(3334991b!=88ec2462)
oplus_audio_tfa98xx_v6,oplus_audio_tfa98xx_v6,device/oneplus/infiniti-kernel/oplus_audio_tfa98xx_v6.ko,misc,1,0,107,0,0,0,2,105,mismatch(e976b219!=38f960dd),load-fail-module-layout,load-fail-crc,crc32_le=crc(31a83776!=69dd3b5b);_printk=crc(16b5b21d!=92997ed8);__stack_chk_fail=crc(d272d446!=f0fdf6cb);mem_alloc_profiling_key=crc(8ee1928d!=0f05f001);kmem_cache_alloc_noprof=crc(400e1873!=679a68f9);memcpy=crc(8a7493b2!=4829a47e);kmem_cache_free=crc(a538a198!=e8386ccf);sscanf=crc(f5197fd4!=bcab6ee6)
oplus_binder_strategy,oplus_binder_strategy,device/oneplus/infiniti-kernel/oplus_binder_strategy.ko,misc,0,0,88,0,0,0,9,79,mismatch(e976b219!=38f960dd),load-fail-module-layout,load-fail-crc,trace_event_buffer_reserve=crc(40964d00!=ef09c050);trace_event_buffer_commit=crc(ffe3783c!=f95e6f0d);__trace_trigger_soft_disabled=crc(cb5e01d7!=dd84a68a);__stack_chk_fail=crc(d272d446!=f0fdf6cb);perf_trace_buf_alloc=crc(231ad1b8!=2d2c902f);perf_trace_run_bpf_submit=crc(2a290ade!=1c86eaa7);bpf_trace_run3=crc(8c4e033a!=3fa5c55f);bpf_trace_run4=crc(1c4f6ddb!=6f883632)
oplus_bsp_aizerofs,oplus_bsp_aizerofs,device/oneplus/infiniti-kernel/oplus_bsp_aizerofs.ko,misc,0,0,98,0,0,0,0,98,mismatch(e976b219!=38f960dd),load-fail-module-layout,load-fail-crc,mem_alloc_profiling_key=crc(8ee1928d!=0f05f001);kmalloc_caches=crc(d6ce5659!=559b0832);__kmalloc_cache_noprof=crc(6cc46e45!=57abd7cf);kfree=crc(31359e90!=037a0cba);strnlen=crc(b5bedffb!=a916b694);__fortify_panic=crc(31b67631!=75ca79b5);memcpy=crc(8a7493b2!=4829a47e);register_kprobe=crc(cca4d86f!=0472cf3b)
oplus_bsp_dfr_combkey_monitor,oplus_bsp_dfr_combkey_monitor,device/oneplus/infiniti-kernel/oplus_bsp_dfr_combkey_monitor.ko,dfr,0,0,45,0,0,0,7,38,mismatch(e976b219!=38f960dd),load-fail-module-layout,load-fail-crc,trace_event_buffer_reserve=crc(40964d00!=ef09c050);memcpy=crc(8a7493b2!=4829a47e);trace_event_buffer_commit=crc(ffe3783c!=f95e6f0d);__trace_trigger_soft_disabled=crc(cb5e01d7!=dd84a68a);__stack_chk_fail=crc(d272d446!=f0fdf6cb);perf_trace_buf_alloc=crc(231ad1b8!=2d2c902f);perf_trace_run_bpf_submit=crc(2a290ade!=1c86eaa7);bpf_trace_run5=crc(df495bd0!=92d33301)
oplus_bsp_dfr_dump_device_info,oplus_bsp_dfr_dump_device_info,device/oneplus/infiniti-kernel/oplus_bsp_dfr_dump_device_info.ko,dfr,1,0,26,0,0,0,4,22,mismatch(e976b219!=38f960dd),load-fail-module-layout,load-fail-crc,__platform_driver_register=crc(26d0cf2d!=dda9df08);platform_driver_unregister=crc(8af50346!=3af3024b);strlen=crc(90d19584!=98cf60b3);__memcpy_toio=crc(45336082!=f77555cd);_printk=crc(16b5b21d!=92997ed8);__of_parse_phandle_with_args=crc(e99699d5!=64cc5fec);__of_get_address=crc(c07a2e81!=d3aef5db);mem_section=crc(a5819388!=6ecc607e)
oplus_bsp_dfr_dump_reason,oplus_bsp_dfr_dump_reason,device/oneplus/infiniti-kernel/oplus_bsp_dfr_dump_reason.ko,dfr,1,0,28,0,0,0,2,26,mismatch(e976b219!=38f960dd),load-fail-module-layout,load-fail-crc,_printk=crc(16b5b21d!=92997ed8);scnprintf=crc(f4386284!=96848186);strnlen=crc(b5bedffb!=a916b694);stack_trace_save=crc(474b9886!=6bd1aa56);kfree=crc(31359e90!=037a0cba);strlen=crc(90d19584!=98cf60b3);memcpy=crc(8a7493b2!=4829a47e);__fortify_panic=crc(31b67631!=75ca79b5)
oplus_bsp_dfr_fdleak_check,oplus_bsp_dfr_fdleak_check,device/oneplus/infiniti-kernel/oplus_bsp_dfr_fdleak_check.ko,dfr,0,0,48,0,0,0,1,47,mismatch(e976b219!=38f960dd),load-fail-module-layout,load-fail-crc,trace_event_buffer_reserve=crc(40964d00!=ef09c050);memcpy=crc(8a7493b2!=4829a47e);trace_event_buffer_commit=crc(ffe3783c!=f95e6f0d);__trace_trigger_soft_disabled=crc(cb5e01d7!=dd84a68a);__stack_chk_fail=crc(d272d446!=f0fdf6cb);perf_trace_buf_alloc=crc(231ad1b8!=2d2c902f);perf_trace_run_bpf_submit=crc(2a290ade!=1c86eaa7);bpf_trace_run6=crc(77b07a73!=a1a9ee70)
oplus_bsp_dfr_force_shutdown,oplus_bsp_dfr_force_shutdown,device/oneplus/infiniti-kernel/oplus_bsp_dfr_force_shutdown.ko,dfr,0,0,5,0,0,0,0,5,mismatch(e976b219!=38f960dd),load-fail-module-layout,load-fail-crc,proc_mkdir=crc(17dad4e0!=6f5cba65);proc_create=crc(bcb84f5d!=4c5e9ba6);_printk=crc(16b5b21d!=92997ed8);pm_power_off=crc(cb6d098f!=60a32ea9);module_layout=crc(e976b219!=38f960dd)
oplus_bsp_dfr_hung_task_enhance,oplus_bsp_dfr_hung_task_enhance,device/oneplus/infiniti-kernel/oplus_bsp_dfr_hung_task_enhance.ko,dfr,0,0,37,0,0,0,2,35,mismatch(e976b219!=38f960dd),load-fail-module-layout,load-fail-crc,trace_event_buffer_reserve=crc(40964d00!=ef09c050);memcpy=crc(8a7493b2!=4829a47e);trace_event_buffer_commit=crc(ffe3783c!=f95e6f0d);__trace_trigger_soft_disabled=crc(cb5e01d7!=dd84a68a);__stack_chk_fail=crc(d272d446!=f0fdf6cb);perf_trace_buf_alloc=crc(231ad1b8!=2d2c902f);perf_trace_run_bpf_submit=crc(2a290ade!=1c86eaa7);bpf_trace_run6=crc(77b07a73!=a1a9ee70)
oplus_bsp_dfr_init_watchdog,oplus_bsp_dfr_init_watchdog,device/oneplus/infiniti-kernel/oplus_bsp_dfr_init_watchdog.ko,dfr,0,0,32,0,0,0,1,31,mismatch(e976b219!=38f960dd),load-fail-module-layout,load-fail-crc,mem_alloc_profiling_key=crc(8ee1928d!=0f05f001);kmalloc_caches=crc(d6ce5659!=559b0832);__kmalloc_cache_noprof=crc(6cc46e45!=57abd7cf);proc_mkdir=crc(17dad4e0!=6f5cba65);proc_create_data=crc(a7a03b02!=e3ac8466);init_timer_key=crc(534026f3!=c6f46339);jiffies=crc(f2a4b08a!=15ba50a6);mod_timer=crc(03dbf6a5!=c38c83b8)
oplus_bsp_dfr_keyevent_handler,oplus_bsp_dfr_keyevent_handler,device/oneplus/infiniti-kernel/oplus_bsp_dfr_keyevent_handler.ko,dfr,1,0,17,0,0,0,0,17,mismatch(e976b219!=38f960dd),load-fail-module-layout,load-fail-crc,_printk=crc(16b5b21d!=92997ed8);alt_cb_patch_nops=crc(b8c8345a!=a65c6def);atomic_notifier_chain_register=crc(d4b63632!=2b9997fb);atomic_notifier_chain_unregister=crc(d4b63632!=7181db30);input_register_handler=crc(db6bf94a!=51f93f0d);input_unregister_handler=crc(0185897d!=6f309af3);atomic_notifier_call_chain=crc(c4b2b008!=d3752c27);__stack_chk_fail=crc(d272d446!=f0fdf6cb)
oplus_bsp_dfr_kmsg_wb,oplus_bsp_dfr_kmsg_wb,device/oneplus/infiniti-kernel/oplus_bsp_dfr_kmsg_wb.ko,dfr,0,0,34,0,0,0,5,29,mismatch(e976b219!=38f960dd),load-fail-module-layout,load-fail-crc,I_BDEV=crc(a2e8fa06!=b17eb7ca);file_write_and_wait_range=crc(2cb3c64e!=7de871c0);blkdev_issue_flush=crc(b75e79e0!=eafed7e7);memset=crc(110f4d3a!=dcb764ad);_printk=crc(16b5b21d!=92997ed8);msleep_interruptible=crc(d9fa96a7!=cc5005fe);kmsg_dump_get_line=crc(fc941761!=4f2c996d);memcpy=crc(8a7493b2!=4829a47e)
oplus_bsp_dfr_kp_freeze_detect,oplus_bsp_dfr_kp_freeze_detect,device/oneplus/infiniti-kernel/oplus_bsp_dfr_kp_freeze_detect.ko,dfr,0,0,39,0,0,0,0,39,mismatch(e976b219!=38f960dd),load-fail-module-layout,load-fail-crc,trace_event_buffer_reserve=crc(40964d00!=ef09c050);memcpy=crc(8a7493b2!=4829a47e);trace_event_buffer_commit=crc(ffe3783c!=f95e6f0d);__trace_trigger_soft_disabled=crc(cb5e01d7!=dd84a68a);__stack_chk_fail=crc(d272d446!=f0fdf6cb);perf_trace_buf_alloc=crc(231ad1b8!=2d2c902f);perf_trace_run_bpf_submit=crc(2a290ade!=1c86eaa7);bpf_trace_run5=crc(df495bd0!=92d33301)
oplus_bsp_dfr_last_boot_reason,oplus_bsp_dfr_last_boot_reason,device/oneplus/infiniti-kernel/oplus_bsp_dfr_last_boot_reason.ko,dfr,0,0,29,0,0,0,1,28,mismatch(e976b219!=38f960dd),load-fail-module-layout,load-fail-crc,vscnprintf=crc(78dfe782!=aa0c318b);__stack_chk_fail=crc(d272d446!=f0fdf6cb);_printk=crc(16b5b21d!=92997ed8);proc_create=crc(bcb84f5d!=4c5e9ba6);memset=crc(110f4d3a!=dcb764ad);snprintf=crc(f4386284!=656e4a6e);__check_object_size=missing;__arch_copy_to_user=crc(1f42c609!=6cbbfc54)
oplus_bsp_dfr_ordump,oplus_bsp_dfr_ordump,device/oneplus/infiniti-kernel/oplus_bsp_dfr_ordump.ko,dfr,0,0,8,0,0,0,0,8,mismatch(e976b219!=38f960dd),load-fail-module-layout,load-fail-crc,param_set_ulong=crc(dca2caff!=da4681c8);qcom_smem_get=crc(869bde71!=5899664c);_printk=crc(16b5b21d!=92997ed8);__stack_chk_fail=crc(d272d446!=f0fdf6cb);qcom_smem_alloc=crc(abdd305c!=34b57571);param_ops_int=crc(fc32a8b7!=07008d70);param_get_ulong=crc(34999177!=cfc63c2f);module_layout=crc(e976b219!=38f960dd)
oplus_bsp_dfr_phoenix,oplus_bsp_dfr_phoenix,device/oneplus/infiniti-kernel/oplus_bsp_dfr_phoenix.ko,dfr,0,0,45,0,0,0,4,41,mismatch(e976b219!=38f960dd),load-fail-module-layout,load-fail-crc,strlen=crc(90d19584!=98cf60b3);sched_clock=crc(f018baf9!=e94986d6);mutex_lock=crc(995658e3!=d5977bfb);mem_alloc_profiling_key=crc(8ee1928d!=0f05f001);__kmalloc_noprof=crc(27865ec7!=52c5c991);memcpy=crc(8a7493b2!=4829a47e);_printk=crc(16b5b21d!=92997ed8);__fortify_panic=crc(31b67631!=75ca79b5)
oplus_bsp_dfr_pmic_monitor,oplus_bsp_dfr_pmic_monitor,device/oneplus/infiniti-kernel/oplus_bsp_dfr_pmic_monitor.ko,dfr,1,0,25,0,0,0,0,25,mismatch(e976b219!=38f960dd),load-fail-module-layout,load-fail-crc,kobject_create_and_add=crc(3e531720!=a8be50c3);sysfs_create_group=crc(3ee3b24e!=00ef1eb0);snprintf=crc(f4386284!=656e4a6e);memcpy=crc(8a7493b2!=4829a47e);__fortify_panic=crc(31b67631!=75ca79b5);__stack_chk_fail=crc(d272d446!=f0fdf6cb);memset=crc(110f4d3a!=dcb764ad);scnprintf=crc(f4386284!=96848186)
oplus_bsp_dfr_pmic_watchdog,oplus_bsp_dfr_pmic_watchdog,device/oneplus/infiniti-kernel/oplus_bsp_dfr_pmic_watchdog.ko,dfr,0,0,61,0,0,0,3,58,mismatch(e976b219!=38f960dd),load-fail-module-layout,load-fail-crc,sys_reset_dev=missing;regmap_write=crc(8b1835dc!=eab872a6);_printk=crc(16b5b21d!=92997ed8);regmap_update_bits_base=crc(807ee877!=1ac5d5d4);mutex_lock=crc(995658e3!=d5977bfb);kthread_stop=crc(50760532!=2ad27d26);kthread_create_on_node=crc(7672ba8d!=d3bb11aa);wake_up_process=crc(b40d9875!=c6fb9341)
oplus_bsp_dfr_qcom_enhance_watchdog,oplus_bsp_dfr_qcom_enhance_watchdog,device/oneplus/infiniti-kernel/oplus_bsp_dfr_qcom_enhance_watchdog.ko,dfr,0,0,17,0,0,0,0,17,mismatch(e976b219!=38f960dd),load-fail-module-layout,load-fail-crc,nr_cpu_ids=crc(f296206e!=017de3d5);__cpu_online_mask=crc(4e994f70!=ac594e02);scnprintf=crc(f4386284!=96848186);_printk=crc(16b5b21d!=92997ed8);__stack_chk_fail=crc(d272d446!=f0fdf6cb);alt_cb_patch_nops=crc(b8c8345a!=a65c6def);nr_irqs=crc(7ec472ba!=cdca3691);irq_to_desc=crc(a39da802!=05ab43d0)
oplus_bsp_dfr_shutdown_detect,oplus_bsp_dfr_shutdown_detect,device/oneplus/infiniti-kernel/oplus_bsp_dfr_shutdown_detect.ko,dfr,0,0,57,0,0,0,2,55,mismatch(e976b219!=38f960dd),load-fail-module-layout,load-fail-crc,ktime_get_with_offset=crc(9d1dd621!=c4f0da12);ns_to_timespec64=crc(b219cb65!=65929cae);ktime_get_real_ts64=crc(90ee81b3!=9ec6ca96);file_bdev=crc(9b674788!=730c810e);fput=crc(48c11826!=f78e0f63);_printk=crc(16b5b21d!=92997ed8);__stack_chk_fail=crc(d272d446!=f0fdf6cb);complete=crc(7da92691!=a6257a2f)
oplus_bsp_dfr_shutdown_speed,oplus_bsp_dfr_shutdown_speed,device/oneplus/infiniti-kernel/oplus_bsp_dfr_shutdown_speed.ko,dfr,0,0,2,0,0,0,0,2,mismatch(e976b219!=38f960dd),load-fail-module-layout,load-fail-crc,param_ops_string=crc(fc32a8b7!=7eb96cab);module_layout=crc(e976b219!=38f960dd)
oplus_bsp_dfr_theia,oplus_bsp_dfr_theia,device/oneplus/infiniti-kernel/oplus_bsp_dfr_theia.ko,dfr,0,0,88,0,0,0,1,87,mismatch(e976b219!=38f960dd),load-fail-module-layout,load-fail-crc,_printk=crc(16b5b21d!=92997ed8);jiffies=crc(f2a4b08a!=15ba50a6);__msecs_to_jiffies=crc(7162a662!=7f02188f);mod_timer=crc(03dbf6a5!=c38c83b8);memset=crc(110f4d3a!=dcb764ad);ktime_get=crc(ff9a6e5c!=b43f9365);snprintf=crc(f4386284!=656e4a6e);__stack_chk_fail=crc(d272d446!=f0fdf6cb)
oplus_bsp_dfr_ubt,oplus_bsp_dfr_ubt,device/oneplus/infiniti-kernel/oplus_bsp_dfr_ubt.ko,dfr,0,0,34,0,0,0,1,33,mismatch(e976b219!=38f960dd),load-fail-module-layout,load-fail-crc,_printk_deferred=crc(16b5b21d!=1e19eb6c);alt_cb_patch_nops=crc(b8c8345a!=a65c6def);snprintf=crc(f4386284!=656e4a6e);get_task_mm=crc(10eaf655!=febc6a7e);__tracepoint_mmap_lock_start_locking=crc(7c5aa8a7!=385c7481);down_read_trylock=crc(cd6876a9!=88f5cdef);__tracepoint_mmap_lock_acquire_returned=crc(7c5aa8a7!=cf2ea86b);__tracepoint_mmap_lock_released=crc(7c5aa8a7!=d469bccc)
oplus_bsp_dft_kernel_fb,oplus_bsp_dft_kernel_fb,device/oneplus/infiniti-kernel/oplus_bsp_dft_kernel_fb.ko,dft,0,0,47,0,0,0,1,46,mismatch(e976b219!=38f960dd),load-fail-module-layout,load-fail-crc,_printk=crc(16b5b21d!=92997ed8);__alloc_skb=crc(f9414958!=8a292505);genlmsg_put=crc(a1bf231c!=35179be6);nla_put=crc(d7e32719!=f9a61ed4);sk_skb_reason_drop=crc(3334991b!=88ec2462);init_net=crc(853101e3!=66460e0d);netlink_unicast=crc(89ebab58!=981467e1);strstr=crc(719e716c!=1e6d26a8)
oplus_bsp_dft_olc,oplus_bsp_dft_olc,device/oneplus/infiniti-kernel/oplus_bsp_dft_olc.ko,dft,0,0,36,0,0,0,1,35,mismatch(e976b219!=38f960dd),load-fail-module-layout,load-fail-crc,proc_mkdir=crc(17dad4e0!=6f5cba65);proc_create=crc(bcb84f5d!=4c5e9ba6);_printk=crc(16b5b21d!=92997ed8);remove_proc_entry=crc(1b68847f!=0514a7b7);__check_object_size=missing;__arch_copy_from_user=crc(1f42c609!=12a4e128);memset=crc(110f4d3a!=dcb764ad);strsep=crc(eac1e857!=85df9b6c)
oplus_bsp_dynamic_readahead,oplus_bsp_dynamic_readahead,device/oneplus/infiniti-kernel/oplus_bsp_dynamic_readahead.ko,misc,0,0,10,0,0,0,1,9,mismatch(e976b219!=38f960dd),load-fail-module-layout,load-fail-crc,contig_page_data=crc(c9965b9f!=198739a5);__tracepoint_android_vh_tune_mmap_readaround=crc(7c5aa8a7!=3837533e);tracepoint_probe_register=crc(15cb871d!=5b50af89);__tracepoint_android_vh_ra_tuning_max_page=crc(7c5aa8a7!=e79bc3f6);_printk=crc(16b5b21d!=92997ed8);tracepoint_probe_unregister=crc(15cb871d!=b980dc42);test_task_ux=missing;vm_zone_stat=crc(8de767db!=ba0676e2)
oplus_bsp_frame_boost,oplus_bsp_frame_boost,device/oneplus/infiniti-kernel/oplus_bsp_frame_boost.ko,misc,0,0,101,0,0,0,5,96,mismatch(e976b219!=38f960dd),load-fail-module-layout,load-fail-crc,__rcu_read_lock=crc(d272d446!=8d522714);find_task_by_vpid=crc(2c7840a3!=a722ced9);alt_cb_patch_nops=crc(b8c8345a!=a65c6def);__rcu_read_unlock=crc(d272d446!=2469810f);_raw_spin_lock_irqsave=crc(aa615763!=34db050b);_raw_spin_unlock_irqrestore=crc(582af1c8!=d35cce70);__put_task_struct=crc(e7ef3ab0!=5e363353);refcount_warn_saturate=crc(2373037a!=0296695f)
oplus_bsp_fw_update,oplus_bsp_fw_update,device/oneplus/infiniti-kernel/oplus_bsp_fw_update.ko,misc,1,0,11,0,0,0,0,11,mismatch(e976b219!=38f960dd),load-fail-module-layout,load-fail-crc,snprintf=crc(f4386284!=656e4a6e);kobject_uevent_env=crc(37679765!=c2f18be0);_printk=crc(16b5b21d!=92997ed8);request_firmware=crc(69d48229!=4ebbf086);__stack_chk_fail=crc(d272d446!=f0fdf6cb);class_register=crc(34c2451d!=7ced5682);device_create=crc(ecc3b985!=ccdf99ab);sysfs_create_group=crc(3ee3b24e!=00ef1eb0)
oplus_bsp_game_opt,oplus_bsp_game_opt,device/oneplus/infiniti-kernel/oplus_bsp_game_opt.ko,misc,0,0,135,0,0,0,1,134,mismatch(e976b219!=38f960dd),load-fail-module-layout,load-fail-crc,mutex_lock=crc(995658e3!=d5977bfb);mutex_unlock=crc(995658e3!=ed55cabd);ktime_get=crc(ff9a6e5c!=b43f9365);memset=crc(110f4d3a!=dcb764ad);__cpu_present_mask=crc(4e994f70!=b3055449);__per_cpu_offset=crc(0de4cab5!=280f9f14);cpufreq_get_policy=crc(9aef30fe!=fe172587);mem_alloc_profiling_key=crc(8ee1928d!=0f05f001)
oplus_bsp_geas_cpu,oplus_bsp_geas_cpu,device/oneplus/infiniti-kernel/oplus_bsp_geas_cpu.ko,misc,0,0,59,0,0,0,3,56,mismatch(e976b219!=38f960dd),load-fail-module-layout,load-fail-crc,trace_event_buffer_reserve=crc(40964d00!=ef09c050);trace_event_buffer_commit=crc(ffe3783c!=f95e6f0d);__trace_trigger_soft_disabled=crc(cb5e01d7!=dd84a68a);__stack_chk_fail=crc(d272d446!=f0fdf6cb);perf_trace_buf_alloc=crc(231ad1b8!=2d2c902f);perf_trace_run_bpf_submit=crc(2a290ade!=1c86eaa7);bpf_trace_run7=crc(5b95f27f!=92e86eea);bpf_trace_run8=crc(60f31a60!=61f59852)
oplus_bsp_geas_system,oplus_bsp_geas_system,device/oneplus/infiniti-kernel/oplus_bsp_geas_system.ko,misc,0,0,45,0,0,0,17,28,mismatch(e976b219!=38f960dd),load-fail-module-layout,load-fail-crc,proc_dointvec_minmax=crc(854828da!=3eca0c01);mem_alloc_profiling_key=crc(8ee1928d!=0f05f001);kmalloc_caches=crc(d6ce5659!=559b0832);__kmalloc_cache_noprof=crc(6cc46e45!=57abd7cf);_printk=crc(16b5b21d!=92997ed8);kfree=crc(31359e90!=037a0cba);sscanf=crc(f5197fd4!=bcab6ee6);__stack_chk_fail=crc(d272d446!=f0fdf6cb)
oplus_bsp_haptic,oplus_bsp_haptic,device/oneplus/infiniti-kernel/oplus_bsp_haptic.ko,misc,1,0,115,0,0,0,6,109,mismatch(e976b219!=38f960dd),load-fail-module-layout,load-fail-crc,sysfs_create_group=crc(3ee3b24e!=00ef1eb0);_printk=crc(16b5b21d!=92997ed8);oplus_haptic_track_uvlo=missing;__stack_chk_fail=crc(d272d446!=f0fdf6cb);memset=crc(110f4d3a!=dcb764ad);mutex_lock=crc(995658e3!=d5977bfb);mutex_unlock=crc(995658e3!=ed55cabd);usleep_range_state=crc(fdbae8c6!=c3055d20)
oplus_bsp_haptic_feedback,oplus_bsp_haptic_feedback,device/oneplus/infiniti-kernel/oplus_bsp_haptic_feedback.ko,misc,1,0,43,0,0,0,1,42,mismatch(e976b219!=38f960dd),load-fail-module-layout,load-fail-crc,ktime_get_real_ts64=crc(90ee81b3!=9ec6ca96);system_wq=crc(571c73d5!=2d3385d3);queue_delayed_work_on=crc(bb4f284a!=42ad47ad);__stack_chk_fail=crc(d272d446!=f0fdf6cb);strncpy=crc(11ce17c6!=9166fada);_printk=crc(16b5b21d!=92997ed8);__platform_driver_register=crc(26d0cf2d!=dda9df08);platform_driver_unregister=crc(8af50346!=3af3024b)
oplus_bsp_kshrink_slabd,oplus_bsp_kshrink_slabd,device/oneplus/infiniti-kernel/oplus_bsp_kshrink_slabd.ko,misc,0,0,25,0,0,0,0,25,mismatch(e976b219!=38f960dd),load-fail-module-layout,load-fail-crc,mutex_trylock=crc(565f590b!=203392c6);mutex_unlock=crc(995658e3!=ed55cabd);__rcu_read_lock=crc(d272d446!=8d522714);__rcu_read_unlock=crc(d272d446!=2469810f);__wake_up=crc(f7c60e8b!=e2964344);alt_cb_patch_nops=crc(b8c8345a!=a65c6def);preempt_schedule_notrace=crc(d272d446!=f70e4a4d);vm_node_stat=crc(614e3e1f!=7d18cc38)
oplus_bsp_kswapd_opt,oplus_bsp_kswapd_opt,device/oneplus/infiniti-kernel/oplus_bsp_kswapd_opt.ko,misc,0,0,33,0,0,0,1,32,mismatch(e976b219!=38f960dd),load-fail-module-layout,load-fail-crc,__tracepoint_android_vh_adjust_alloc_flags=crc(7c5aa8a7!=06f3fe13);tracepoint_probe_register=crc(15cb871d!=5b50af89);_printk=crc(16b5b21d!=92997ed8);__tracepoint_android_vh_adjust_kvmalloc_flags=crc(7c5aa8a7!=7b683305);proc_mkdir=crc(17dad4e0!=6f5cba65);proc_create=crc(bcb84f5d!=4c5e9ba6);__tracepoint_android_vh_alloc_pages_slowpath_end=crc(7c5aa8a7!=5e78ae9e);__tracepoint_mm_vmscan_kswapd_wake=crc(7c5aa8a7!=c84610ee)
oplus_bsp_memleak_detect,oplus_bsp_memleak_detect,device/oneplus/infiniti-kernel/oplus_bsp_memleak_detect.ko,misc,0,0,80,0,0,0,3,77,mismatch(e976b219!=38f960dd),load-fail-module-layout,load-fail-crc,__warn_printk=crc(1127e91b!=56470118);_printk=crc(16b5b21d!=92997ed8);_raw_spin_lock_irqsave=crc(aa615763!=34db050b);_raw_spin_unlock_irqrestore=crc(582af1c8!=d35cce70);memcpy=crc(8a7493b2!=4829a47e);mem_alloc_profiling_key=crc(8ee1928d!=0f05f001);__alloc_pages_noprof=crc(4a725814!=04805c72);kasan_flag_enabled=missing
oplus_bsp_midas,oplus_bsp_midas,device/oneplus/infiniti-kernel/oplus_bsp_midas.ko,misc,0,0,58,0,0,0,1,57,mismatch(e976b219!=38f960dd),load-fail-module-layout,load-fail-crc,strncpy=crc(11ce17c6!=9166fada);_raw_spin_lock_irqsave=crc(aa615763!=34db050b);_raw_spin_unlock_irqrestore=crc(582af1c8!=d35cce70);__rcu_read_lock=crc(d272d446!=8d522714);__rcu_read_unlock=crc(d272d446!=2469810f);overflowuid=crc(7ec472ba!=8b618d08);strnlen=crc(b5bedffb!=a916b694);strcmp=crc(f5df0401!=e2d5255a)
oplus_bsp_mm_osvelte,oplus_bsp_mm_osvelte,device/oneplus/infiniti-kernel/oplus_bsp_mm_osvelte.ko,mm,0,0,106,0,0,0,3,103,mismatch(e976b219!=38f960dd),load-fail-module-layout,load-fail-crc,down_write=crc(512802b6!=28ed2847);up_write=crc(512802b6!=20d81059);down_read=crc(512802b6!=3355da1c);up_read=crc(512802b6!=6b50e951);__arch_copy_from_user=crc(1f42c609!=12a4e128);_printk=crc(16b5b21d!=92997ed8);alt_cb_patch_nops=crc(b8c8345a!=a65c6def);__stack_chk_fail=crc(d272d446!=f0fdf6cb)
oplus_bsp_pcppages_opt,oplus_bsp_pcppages_opt,device/oneplus/infiniti-kernel/oplus_bsp_pcppages_opt.ko,misc,0,0,6,0,0,0,0,6,mismatch(e976b219!=38f960dd),load-fail-module-layout,load-fail-crc,__tracepoint_android_vh_drain_all_pages_bypass=crc(7c5aa8a7!=c2bfc55d);tracepoint_probe_register=crc(15cb871d!=5b50af89);__tracepoint_android_vh_rmqueue_pcplist_override_batch=crc(7c5aa8a7!=f44618b9);_printk=crc(16b5b21d!=92997ed8);tracepoint_probe_unregister=crc(15cb871d!=b980dc42);module_layout=crc(e976b219!=38f960dd)
oplus_bsp_proactive_compact,oplus_bsp_proactive_compact,device/oneplus/infiniti-kernel/oplus_bsp_proactive_compact.ko,misc,0,0,17,0,0,0,1,16,mismatch(e976b219!=38f960dd),load-fail-module-layout,load-fail-crc,_printk=crc(16b5b21d!=92997ed8);proc_remove=crc(36e26e87!=0740087c);proc_mkdir=crc(17dad4e0!=6f5cba65);proc_create=crc(bcb84f5d!=4c5e9ba6);contig_page_data=crc(c9965b9f!=198739a5);scnprintf=crc(f4386284!=96848186);__check_object_size=missing;__arch_copy_to_user=crc(1f42c609!=6cbbfc54)
oplus_bsp_sched_assist,oplus_bsp_sched_assist,device/oneplus/infiniti-kernel/oplus_bsp_sched_assist.ko,misc,0,0,152,0,0,0,3,149,mismatch(e976b219!=38f960dd),load-fail-module-layout,load-fail-crc,trace_event_buffer_reserve=crc(40964d00!=ef09c050);nr_cpu_ids=crc(f296206e!=017de3d5);scnprintf=crc(f4386284!=96848186);strlen=crc(90d19584!=98cf60b3);memcpy=crc(8a7493b2!=4829a47e);trace_event_buffer_commit=crc(ffe3783c!=f95e6f0d);__trace_trigger_soft_disabled=crc(cb5e01d7!=dd84a68a);__stack_chk_fail=crc(d272d446!=f0fdf6cb)
oplus_bsp_sched_ext,oplus_bsp_sched_ext,device/oneplus/infiniti-kernel/oplus_bsp_sched_ext.ko,misc,0,0,187,0,0,0,6,181,mismatch(e976b219!=38f960dd),load-fail-module-layout,load-fail-crc,trace_event_buffer_reserve=crc(40964d00!=ef09c050);trace_event_buffer_commit=crc(ffe3783c!=f95e6f0d);__trace_trigger_soft_disabled=crc(cb5e01d7!=dd84a68a);__stack_chk_fail=crc(d272d446!=f0fdf6cb);perf_trace_buf_alloc=crc(231ad1b8!=2d2c902f);perf_trace_run_bpf_submit=crc(2a290ade!=1c86eaa7);bpf_trace_run1=crc(bcae9d73!=129058d9);jiffies=crc(f2a4b08a!=15ba50a6)
oplus_bsp_schedinfo,oplus_bsp_schedinfo,device/oneplus/infiniti-kernel/oplus_bsp_schedinfo.ko,misc,0,0,147,0,0,0,11,136,mismatch(e976b219!=38f960dd),load-fail-module-layout,load-fail-crc,__tracepoint_android_vh_irqtime_account_process_tick=crc(7c5aa8a7!=5879cb1e);tracepoint_probe_unregister=crc(15cb871d!=b980dc42);__tracepoint_android_vh_cpufreq_fast_switch=crc(7c5aa8a7!=cac6ce51);remove_proc_entry=crc(1b68847f!=0514a7b7);proc_mkdir=crc(17dad4e0!=6f5cba65);tracepoint_probe_register=crc(15cb871d!=5b50af89);_printk=crc(16b5b21d!=92997ed8);__rcu_read_lock=crc(d272d446!=8d522714)
oplus_bsp_sigkill_diagnosis,oplus_bsp_sigkill_diagnosis,device/oneplus/infiniti-kernel/oplus_bsp_sigkill_diagnosis.ko,misc,0,0,21,0,0,0,0,21,mismatch(e976b219!=38f960dd),load-fail-module-layout,load-fail-crc,mem_alloc_profiling_key=crc(8ee1928d!=0f05f001);kmalloc_caches=crc(d6ce5659!=559b0832);__kmalloc_cache_noprof=crc(6cc46e45!=57abd7cf);proc_mkdir=crc(17dad4e0!=6f5cba65);proc_create=crc(bcb84f5d!=4c5e9ba6);__tracepoint_android_vh_do_send_sig_info=crc(7c5aa8a7!=6e8a1557);tracepoint_probe_register=crc(15cb871d!=5b50af89);_printk=crc(16b5b21d!=92997ed8)
oplus_bsp_storage_io_metrics,oplus_bsp_storage_io_metrics,device/oneplus/infiniti-kernel/oplus_bsp_storage_io_metrics.ko,misc,0,0,39,0,0,0,1,38,mismatch(e976b219!=38f960dd),load-fail-module-layout,load-fail-crc,alt_cb_patch_nops=crc(b8c8345a!=a65c6def);ktime_get=crc(ff9a6e5c!=b43f9365);blk_fill_rwbs=crc(f3116ec1!=2bd8a8bb);__fortify_panic=crc(31b67631!=75ca79b5);__tracepoint_block_rq_issue=crc(7c5aa8a7!=fbcbdcca);tracepoint_probe_register=crc(15cb871d!=5b50af89);__tracepoint_block_rq_complete=crc(7c5aa8a7!=4a923656);__tracepoint_block_getrq=crc(7c5aa8a7!=ce0a8a67)
oplus_bsp_synaptics_tcm2,oplus_bsp_synaptics_tcm2,device/oneplus/infiniti-kernel/oplus_bsp_synaptics_tcm2.ko,misc,1,0,181,0,0,0,8,173,mismatch(e976b219!=38f960dd),load-fail-module-layout,load-fail-crc,trace_event_buffer_reserve=crc(40964d00!=ef09c050);memcpy=crc(8a7493b2!=4829a47e);trace_event_buffer_commit=crc(ffe3783c!=f95e6f0d);__trace_trigger_soft_disabled=crc(cb5e01d7!=dd84a68a);__stack_chk_fail=crc(d272d446!=f0fdf6cb);perf_trace_buf_alloc=crc(231ad1b8!=2d2c902f);perf_trace_run_bpf_submit=crc(2a290ade!=1c86eaa7);bpf_trace_run4=crc(1c4f6ddb!=6f883632)
oplus_bsp_task_cpustats,oplus_bsp_task_cpustats,device/oneplus/infiniti-kernel/oplus_bsp_task_cpustats.ko,misc,0,0,31,0,0,0,1,30,mismatch(e976b219!=38f960dd),load-fail-module-layout,load-fail-crc,__tracepoint_android_vh_account_task_time=crc(7c5aa8a7!=c328a759);tracepoint_probe_register=crc(15cb871d!=5b50af89);proc_mkdir=crc(17dad4e0!=6f5cba65);proc_create=crc(bcb84f5d!=4c5e9ba6);_printk=crc(16b5b21d!=92997ed8);remove_proc_entry=crc(1b68847f!=0514a7b7);tracepoint_probe_unregister=crc(15cb871d!=b980dc42);nsecs_to_jiffies=crc(542b4a64!=ffae8e8b)
oplus_bsp_task_load,oplus_bsp_task_load,device/oneplus/infiniti-kernel/oplus_bsp_task_load.ko,misc,0,0,32,0,0,0,2,30,mismatch(e976b219!=38f960dd),load-fail-module-layout,load-fail-crc,__tracepoint_sched_switch=crc(7c5aa8a7!=9d7bdebe);tracepoint_probe_register=crc(15cb871d!=5b50af89);__tracepoint_android_vh_scheduler_tick=crc(7c5aa8a7!=2d46fb60);__tracepoint_task_rename=crc(7c5aa8a7!=ab174d76);_printk=crc(16b5b21d!=92997ed8);__per_cpu_offset=crc(0de4cab5!=280f9f14);runqueues=crc(c26d8604!=c4d6937b);walt_rq=missing
oplus_bsp_task_overload,oplus_bsp_task_overload,device/oneplus/infiniti-kernel/oplus_bsp_task_overload.ko,misc,0,0,37,0,0,0,4,33,mismatch(e976b219!=38f960dd),load-fail-module-layout,load-fail-crc,oplus_capacity_orig_of=missing;__cpu_possible_mask=crc(4e994f70!=de7ece30);cpu_topology=crc(545a6fb7!=e4bc4b09);cpufreq_quick_get=crc(ecfe08b6!=7c46233a);cpufreq_quick_get_max=crc(ecfe08b6!=33f0768c);is_fbg_task=missing;__rcu_read_lock=crc(d272d446!=8d522714);__rcu_read_unlock=crc(d272d446!=2469810f)
oplus_bsp_task_sched,oplus_bsp_task_sched,device/oneplus/infiniti-kernel/oplus_bsp_task_sched.ko,misc,0,0,71,0,0,0,2,69,mismatch(e976b219!=38f960dd),load-fail-module-layout,load-fail-crc,_raw_spin_lock_irqsave=crc(aa615763!=34db050b);_raw_spin_unlock_irqrestore=crc(582af1c8!=d35cce70);mem_alloc_profiling_key=crc(8ee1928d!=0f05f001);kmalloc_caches=crc(d6ce5659!=559b0832);__kmalloc_cache_noprof=crc(6cc46e45!=57abd7cf);strncpy=crc(11ce17c6!=9166fada);strcmp=crc(f5df0401!=e2d5255a);_printk=crc(16b5b21d!=92997ed8)
oplus_bsp_tp_common,oplus_bsp_tp_common,device/oneplus/infiniti-kernel/oplus_bsp_tp_common.ko,touch,1,0,165,0,0,0,14,151,mismatch(e976b219!=38f960dd),load-fail-module-layout,load-fail-crc,mem_alloc_profiling_key=crc(8ee1928d!=0f05f001);kmalloc_caches=crc(d6ce5659!=559b0832);__kmalloc_cache_noprof=crc(6cc46e45!=57abd7cf);_raw_spin_lock_irqsave=crc(aa615763!=34db050b);memset=crc(110f4d3a!=dcb764ad);memcpy=crc(8a7493b2!=4829a47e);ktime_get=crc(ff9a6e5c!=b43f9365);_raw_spin_unlock_irqrestore=crc(582af1c8!=d35cce70)
oplus_bsp_tp_custom,oplus_bsp_tp_custom,device/oneplus/infiniti-kernel/oplus_bsp_tp_custom.ko,touch,1,0,14,0,0,0,1,13,mismatch(e976b219!=38f960dd),load-fail-module-layout,load-fail-crc,_printk=crc(16b5b21d!=92997ed8);strstr=crc(719e716c!=1e6d26a8);get_project=missing;mem_alloc_profiling_key=crc(8ee1928d!=0f05f001);kmalloc_caches=crc(d6ce5659!=559b0832);__kmalloc_cache_noprof=crc(6cc46e45!=57abd7cf);strlen=crc(90d19584!=98cf60b3);memcpy=crc(8a7493b2!=4829a47e)
oplus_bsp_tp_focal_common,oplus_bsp_tp_focal_common,device/oneplus/infiniti-kernel/oplus_bsp_tp_focal_common.ko,touch,1,0,38,0,0,0,8,30,mismatch(e976b219!=38f960dd),load-fail-module-layout,load-fail-crc,sysfs_create_group=crc(3ee3b24e!=00ef1eb0);_printk=crc(16b5b21d!=92997ed8);sysfs_remove_group=crc(e6c16e7a!=b6ce1dee);proc_create_data=crc(a7a03b02!=e3ac8466);request_firmware=crc(69d48229!=4ebbf086);seq_printf=crc(8b6a8169!=7eb5779c);tp_debug=missing;release_firmware=crc(b770888b!=c6d09aa9)
oplus_bsp_tp_ft3518,oplus_bsp_tp_ft3518,device/oneplus/infiniti-kernel/oplus_bsp_tp_ft3518.ko,touch,1,0,52,0,0,0,22,30,mismatch(e976b219!=38f960dd),load-fail-module-layout,load-fail-crc,_printk=crc(16b5b21d!=92997ed8);thermal_zone_get_zone_by_name=crc(dcba0806!=3bfdcaed);tp_debug=missing;thermal_zone_get_temp=crc(e29be9fc!=4483b9e4);touch_i2c_write_byte=missing;__stack_chk_fail=crc(d272d446!=f0fdf6cb);tp_judge_ic_match=missing;i2c_register_driver=crc(6f0760fb!=b84054a9)
oplus_bsp_tp_ft3658u_spi,oplus_bsp_tp_ft3658u_spi,device/oneplus/infiniti-kernel/oplus_bsp_tp_ft3658u_spi.ko,touch,1,0,72,0,0,0,16,56,mismatch(e976b219!=38f960dd),load-fail-module-layout,load-fail-crc,mutex_lock=crc(995658e3!=d5977bfb);mem_alloc_profiling_key=crc(8ee1928d!=0f05f001);__kmalloc_noprof=crc(27865ec7!=52c5c991);_printk=crc(16b5b21d!=92997ed8);memset=crc(110f4d3a!=dcb764ad);memcpy=crc(8a7493b2!=4829a47e);spi_sync=crc(4ad5af94!=956e4cca);kfree=crc(31359e90!=037a0cba)
oplus_bsp_tp_ft3681,oplus_bsp_tp_ft3681,device/oneplus/infiniti-kernel/oplus_bsp_tp_ft3681.ko,touch,1,0,58,0,0,0,18,40,mismatch(e976b219!=38f960dd),load-fail-module-layout,load-fail-crc,mutex_lock=crc(995658e3!=d5977bfb);mem_alloc_profiling_key=crc(8ee1928d!=0f05f001);__kmalloc_noprof=crc(27865ec7!=52c5c991);_printk=crc(16b5b21d!=92997ed8);memset=crc(110f4d3a!=dcb764ad);memcpy=crc(8a7493b2!=4829a47e);spi_sync=crc(4ad5af94!=956e4cca);tp_healthinfo_report=missing
oplus_bsp_tp_ft3683g,oplus_bsp_tp_ft3683g,device/oneplus/infiniti-kernel/oplus_bsp_tp_ft3683g.ko,touch,1,0,78,0,0,0,19,59,mismatch(e976b219!=38f960dd),load-fail-module-layout,load-fail-crc,mutex_lock=crc(995658e3!=d5977bfb);mem_alloc_profiling_key=crc(8ee1928d!=0f05f001);__kmalloc_noprof=crc(27865ec7!=52c5c991);_printk=crc(16b5b21d!=92997ed8);memset=crc(110f4d3a!=dcb764ad);memcpy=crc(8a7493b2!=4829a47e);spi_sync=crc(4ad5af94!=956e4cca);tp_healthinfo_report=missing
oplus_bsp_tp_ft8057p,oplus_bsp_tp_ft8057p,device/oneplus/infiniti-kernel/oplus_bsp_tp_ft8057p.ko,touch,1,0,71,0,0,0,15,56,mismatch(e976b219!=38f960dd),load-fail-module-layout,load-fail-crc,mutex_lock=crc(995658e3!=d5977bfb);mem_alloc_profiling_key=crc(8ee1928d!=0f05f001);__kmalloc_noprof=crc(27865ec7!=52c5c991);_printk=crc(16b5b21d!=92997ed8);memset=crc(110f4d3a!=dcb764ad);memcpy=crc(8a7493b2!=4829a47e);spi_sync=crc(4ad5af94!=956e4cca);kfree=crc(31359e90!=037a0cba)
oplus_bsp_tp_goodix_comnon,oplus_bsp_tp_goodix_comnon,device/oneplus/infiniti-kernel/oplus_bsp_tp_goodix_comnon.ko,touch,1,0,39,0,0,0,4,35,mismatch(e976b219!=38f960dd),load-fail-module-layout,load-fail-crc,_printk=crc(16b5b21d!=92997ed8);seq_printf=crc(8b6a8169!=7eb5779c);get_test_item_info=missing;kfree=crc(31359e90!=037a0cba);__stack_chk_fail=crc(d272d446!=f0fdf6cb);proc_create_data=crc(a7a03b02!=e3ac8466);remove_proc_entry=crc(1b68847f!=0514a7b7);mem_alloc_profiling_key=crc(8ee1928d!=0f05f001)
oplus_bsp_tp_gt9916,oplus_bsp_tp_gt9916,device/oneplus/infiniti-kernel/oplus_bsp_tp_gt9916.ko,touch,1,0,76,0,0,0,23,53,mismatch(e976b219!=38f960dd),load-fail-module-layout,load-fail-crc,hrtimer_start_range_ns=crc(afb2b6c9!=c0b7c197);mem_alloc_profiling_key=crc(8ee1928d!=0f05f001);__kmalloc_noprof=crc(27865ec7!=52c5c991);spi_sync=crc(4ad5af94!=956e4cca);memcpy=crc(8a7493b2!=4829a47e);tp_healthinfo_report=missing;kfree=crc(31359e90!=037a0cba);_printk=crc(16b5b21d!=92997ed8)
oplus_bsp_tp_gt9966,oplus_bsp_tp_gt9966,device/oneplus/infiniti-kernel/oplus_bsp_tp_gt9966.ko,touch,1,0,79,0,0,0,23,56,mismatch(e976b219!=38f960dd),load-fail-module-layout,load-fail-crc,hrtimer_start_range_ns=crc(afb2b6c9!=c0b7c197);mem_alloc_profiling_key=crc(8ee1928d!=0f05f001);__kmalloc_noprof=crc(27865ec7!=52c5c991);spi_sync=crc(4ad5af94!=956e4cca);memcpy=crc(8a7493b2!=4829a47e);tp_healthinfo_report=missing;kfree=crc(31359e90!=037a0cba);_printk=crc(16b5b21d!=92997ed8)
oplus_bsp_tp_hbp_goodix_gt99x6,oplus_bsp_tp_hbp_goodix_gt99x6,device/oneplus/infiniti-kernel/oplus_bsp_tp_hbp_goodix_gt99x6.ko,touch,0,0,28,0,0,0,5,23,mismatch(e976b219!=38f960dd),load-fail-module-layout,load-fail-crc,debug_level=missing;_printk=crc(16b5b21d!=92997ed8);__stack_chk_fail=crc(d272d446!=f0fdf6cb);hbp_dev_healthinfo_report=missing;__platform_driver_register=crc(26d0cf2d!=dda9df08);platform_driver_unregister=crc(8af50346!=3af3024b);mutex_lock=crc(995658e3!=d5977bfb);memcpy=crc(8a7493b2!=4829a47e)
oplus_bsp_tp_hbp_syna_s3910,oplus_bsp_tp_hbp_syna_s3910,device/oneplus/infiniti-kernel/oplus_bsp_tp_hbp_syna_s3910.ko,touch,1,0,51,0,0,0,7,44,mismatch(e976b219!=38f960dd),load-fail-module-layout,load-fail-crc,debug_level=missing;_printk=crc(16b5b21d!=92997ed8);mutex_lock=crc(995658e3!=d5977bfb);memset=crc(110f4d3a!=dcb764ad);memcpy=crc(8a7493b2!=4829a47e);mutex_unlock=crc(995658e3!=ed55cabd);hbp_dev_ctrl_hw_reset=missing;__platform_driver_register=crc(26d0cf2d!=dda9df08)
oplus_bsp_tp_ilitek7807s,oplus_bsp_tp_ilitek7807s,device/oneplus/infiniti-kernel/oplus_bsp_tp_ilitek7807s.ko,touch,1,0,87,0,0,0,19,68,mismatch(e976b219!=38f960dd),load-fail-module-layout,load-fail-crc,_printk=crc(16b5b21d!=92997ed8);__stack_chk_fail=crc(d272d446!=f0fdf6cb);vfree=crc(3702a4be!=999e8297);mem_alloc_profiling_key=crc(8ee1928d!=0f05f001);vmalloc_noprof=crc(38faebe9!=1b2fa1a9);memset=crc(110f4d3a!=dcb764ad);tp_debug=missing;memcpy=crc(8a7493b2!=4829a47e)
oplus_bsp_tp_ilitek_common,oplus_bsp_tp_ilitek_common,device/oneplus/infiniti-kernel/oplus_bsp_tp_ilitek_common.ko,touch,1,0,5,0,0,0,0,5,mismatch(e976b219!=38f960dd),load-fail-module-layout,load-fail-crc,_printk=crc(16b5b21d!=92997ed8);seq_printf=crc(8b6a8169!=7eb5779c);__stack_chk_fail=crc(d272d446!=f0fdf6cb);snprintf=crc(f4386284!=656e4a6e);module_layout=crc(e976b219!=38f960dd)
oplus_bsp_tp_notify,oplus_bsp_tp_notify,device/oneplus/infiniti-kernel/oplus_bsp_tp_notify.ko,touch,1,0,4,0,0,0,0,4,mismatch(e976b219!=38f960dd),load-fail-module-layout,load-fail-crc,blocking_notifier_chain_register=crc(bde3e279!=bb0c86a5);blocking_notifier_chain_unregister=crc(bde3e279!=963aa2a9);blocking_notifier_call_chain=crc(559ff49a!=8317ad7c);module_layout=crc(e976b219!=38f960dd)
oplus_bsp_tp_novatek_common,oplus_bsp_tp_novatek_common,device/oneplus/infiniti-kernel/oplus_bsp_tp_novatek_common.ko,touch,1,0,23,0,0,0,6,17,mismatch(e976b219!=38f960dd),load-fail-module-layout,load-fail-crc,strstr=crc(719e716c!=1e6d26a8);_printk=crc(16b5b21d!=92997ed8);proc_create_data=crc(a7a03b02!=e3ac8466);seq_printf=crc(8b6a8169!=7eb5779c);__stack_chk_fail=crc(d272d446!=f0fdf6cb);snprintf=crc(f4386284!=656e4a6e);mem_alloc_profiling_key=crc(8ee1928d!=0f05f001);__kmalloc_noprof=crc(27865ec7!=52c5c991)
oplus_bsp_tp_nt36528_noflash,oplus_bsp_tp_nt36528_noflash,device/oneplus/infiniti-kernel/oplus_bsp_tp_nt36528_noflash.ko,touch,1,0,63,0,0,0,19,44,mismatch(e976b219!=38f960dd),load-fail-module-layout,load-fail-crc,CTP_SPI_WRITE=missing;CTP_SPI_READ=missing;_printk=crc(16b5b21d!=92997ed8);__stack_chk_fail=crc(d272d446!=f0fdf6cb);usleep_range_state=crc(fdbae8c6!=c3055d20);msleep=crc(67628f51!=f9a482f9);sysfs_remove_group=crc(e6c16e7a!=b6ce1dee);unregister_common_touch_device=missing
oplus_bsp_tp_nt36532_noflash,oplus_bsp_tp_nt36532_noflash,device/oneplus/infiniti-kernel/oplus_bsp_tp_nt36532_noflash.ko,touch,1,0,58,0,0,0,17,41,mismatch(e976b219!=38f960dd),load-fail-module-layout,load-fail-crc,CTP_SPI_WRITE=missing;_printk=crc(16b5b21d!=92997ed8);__stack_chk_fail=crc(d272d446!=f0fdf6cb);CTP_SPI_READ=missing;msleep=crc(67628f51!=f9a482f9);__spi_register_driver=crc(cf9fd020!=baa019da);driver_unregister=crc(7ec07b0d!=e861a9a2);reset_healthinfo_time_counter=missing
oplus_bsp_tp_nt36536_noflash,oplus_bsp_tp_nt36536_noflash,device/oneplus/infiniti-kernel/oplus_bsp_tp_nt36536_noflash.ko,touch,1,0,60,0,0,0,19,41,mismatch(e976b219!=38f960dd),load-fail-module-layout,load-fail-crc,CTP_SPI_WRITE=missing;_printk=crc(16b5b21d!=92997ed8);__stack_chk_fail=crc(d272d446!=f0fdf6cb);CTP_SPI_READ=missing;msleep=crc(67628f51!=f9a482f9);tp_judge_ic_match=missing;get_oem_verified_boot_state=missing;__spi_register_driver=crc(cf9fd020!=baa019da)
oplus_bsp_tp_nt36672c_noflash,oplus_bsp_tp_nt36672c_noflash,device/oneplus/infiniti-kernel/oplus_bsp_tp_nt36672c_noflash.ko,touch,1,0,56,0,0,0,20,36,mismatch(e976b219!=38f960dd),load-fail-module-layout,load-fail-crc,_printk=crc(16b5b21d!=92997ed8);CTP_SPI_WRITE=missing;msleep=crc(67628f51!=f9a482f9);__stack_chk_fail=crc(d272d446!=f0fdf6cb);__const_udelay=crc(b7d17430!=eae3dfd6);tp_test_write=missing;snprintf=crc(f4386284!=656e4a6e);strnlen=crc(b5bedffb!=a916b694)
oplus_bsp_tp_syna_common,oplus_bsp_tp_syna_common,device/oneplus/infiniti-kernel/oplus_bsp_tp_syna_common.ko,touch,1,0,53,0,0,0,4,49,mismatch(e976b219!=38f960dd),load-fail-module-layout,load-fail-crc,_printk=crc(16b5b21d!=92997ed8);msleep=crc(67628f51!=f9a482f9);snprintf=crc(f4386284!=656e4a6e);get_test_item_info=missing;kfree=crc(31359e90!=037a0cba);__stack_chk_fail=crc(d272d446!=f0fdf6cb);seq_printf=crc(8b6a8169!=7eb5779c);gpio_to_desc=crc(a49e2188!=5a24a77c)
oplus_bsp_tp_tcm_S3908,oplus_bsp_tp_tcm_S3908,device/oneplus/infiniti-kernel/oplus_bsp_tp_tcm_S3908.ko,touch,1,0,93,0,0,0,20,73,mismatch(e976b219!=38f960dd),load-fail-module-layout,load-fail-crc,_printk=crc(16b5b21d!=92997ed8);seq_printf=crc(8b6a8169!=7eb5779c);mutex_lock=crc(995658e3!=d5977bfb);mutex_unlock=crc(995658e3!=ed55cabd);tp_debug=missing;kfree=crc(31359e90!=037a0cba);mem_alloc_profiling_key=crc(8ee1928d!=0f05f001);kmalloc_caches=crc(d6ce5659!=559b0832)
oplus_bsp_tp_tcm_S3910,oplus_bsp_tp_tcm_S3910,device/oneplus/infiniti-kernel/oplus_bsp_tp_tcm_S3910.ko,touch,1,0,93,0,0,0,20,73,mismatch(e976b219!=38f960dd),load-fail-module-layout,load-fail-crc,_printk=crc(16b5b21d!=92997ed8);seq_printf=crc(8b6a8169!=7eb5779c);mutex_lock=crc(995658e3!=d5977bfb);mutex_unlock=crc(995658e3!=ed55cabd);tp_debug=missing;kfree=crc(31359e90!=037a0cba);mem_alloc_profiling_key=crc(8ee1928d!=0f05f001);kmalloc_caches=crc(d6ce5659!=559b0832)
oplus_bsp_tp_td4377_noflash,oplus_bsp_tp_td4377_noflash,device/oneplus/infiniti-kernel/oplus_bsp_tp_td4377_noflash.ko,touch,1,0,82,0,0,0,15,67,mismatch(e976b219!=38f960dd),load-fail-module-layout,load-fail-crc,mutex_lock=crc(995658e3!=d5977bfb);tp_debug=missing;__list_add_valid_or_report=crc(6fabd45b!=7e19152a);_printk=crc(16b5b21d!=92997ed8);spi_sync=crc(4ad5af94!=956e4cca);mutex_unlock=crc(995658e3!=ed55cabd);__stack_chk_fail=crc(d272d446!=f0fdf6cb);kfree=crc(31359e90!=037a0cba)
oplus_bsp_uff_fp_driver,oplus_bsp_uff_fp_driver,device/oneplus/infiniti-kernel/oplus_bsp_uff_fp_driver.ko,fingerprint,1,0,90,0,0,0,3,87,mismatch(e976b219!=38f960dd),load-fail-module-layout,load-fail-crc,memset=crc(110f4d3a!=dcb764ad);init_wait_entry=crc(6668f05d!=fe487975);prepare_to_wait_event=crc(a29be00c!=8c26d495);schedule=crc(d272d446!=01000e51);finish_wait=crc(3d03c2e0!=92540fbf);_printk=crc(16b5b21d!=92997ed8);__stack_chk_fail=crc(d272d446!=f0fdf6cb);proc_create=crc(bcb84f5d!=4c5e9ba6)
oplus_bsp_uxmem_opt,oplus_bsp_uxmem_opt,device/oneplus/infiniti-kernel/oplus_bsp_uxmem_opt.ko,misc,0,0,57,0,0,0,4,53,mismatch(e976b219!=38f960dd),load-fail-module-layout,load-fail-crc,__cpu_possible_mask=crc(4e994f70!=de7ece30);cpufreq_cpu_get=crc(742e40ff!=66a5780d);__cpu_online_mask=crc(4e994f70!=ac594e02);set_cpus_allowed_ptr=crc(a807a666!=28c62e9f);__stack_chk_fail=crc(d272d446!=f0fdf6cb);mem_alloc_profiling_key=crc(8ee1928d!=0f05f001);kmalloc_caches=crc(d6ce5659!=559b0832);__kmalloc_cache_noprof=crc(6cc46e45!=57abd7cf)
oplus_bsp_waker_identify,oplus_bsp_waker_identify,device/oneplus/infiniti-kernel/oplus_bsp_waker_identify.ko,misc,0,0,39,0,0,0,0,39,mismatch(e976b219!=38f960dd),load-fail-module-layout,load-fail-crc,ktime_get=crc(ff9a6e5c!=b43f9365);_printk=crc(16b5b21d!=92997ed8);__list_del_entry_valid_or_report=crc(802f8919!=9a835040);_raw_write_lock=crc(e7251b3a!=e68efe41);__list_add_valid_or_report=crc(6fabd45b!=7e19152a);_raw_write_unlock=crc(e7251b3a!=40235c98);kvfree=crc(3702a4be!=7aa1756e);__stack_chk_fail=crc(d272d446!=f0fdf6cb)
oplus_bsp_zram_opt,oplus_bsp_zram_opt,device/oneplus/infiniti-kernel/oplus_bsp_zram_opt.ko,misc,0,0,33,0,0,0,3,30,mismatch(e976b219!=38f960dd),load-fail-module-layout,load-fail-crc,vm_node_stat=crc(614e3e1f!=7d18cc38);contig_page_data=crc(c9965b9f!=198739a5);oplus_read_mm_config=missing;_printk=crc(16b5b21d!=92997ed8);__tracepoint_android_vh_tune_swappiness=crc(7c5aa8a7!=450c7f68);tracepoint_probe_register=crc(15cb871d!=5b50af89);__tracepoint_android_rvh_set_balance_anon_file_reclaim=crc(7c5aa8a7!=68974ff4);android_rvh_probe_register=crc(15cb871d!=9eb7cc76)
oplus_bsp_zstdn,oplus_bsp_zstdn,device/oneplus/infiniti-kernel/oplus_bsp_zstdn.ko,misc,0,0,17,0,0,0,0,17,mismatch(e976b219!=38f960dd),load-fail-module-layout,load-fail-crc,memcpy=crc(8a7493b2!=4829a47e);memset=crc(110f4d3a!=dcb764ad);__stack_chk_fail=crc(d272d446!=f0fdf6cb);memmove=crc(8a7493b2!=5a9f1d63);_printk=crc(16b5b21d!=92997ed8);crypto_register_alg=crc(ba129b19!=c3577078);crypto_register_scomp=crc(b0e6a6b7!=667a0c83);crypto_unregister_alg=crc(a31c7b83!=8ff831b0)
oplus_cfg,oplus_cfg,device/oneplus/infiniti-kernel/oplus_cfg.ko,misc,0,0,20,0,0,0,0,20,mismatch(e976b219!=38f960dd),load-fail-module-layout,load-fail-crc,strlen=crc(90d19584!=98cf60b3);strncmp=crc(d6761c95!=5a921311);_printk=crc(16b5b21d!=92997ed8);memcpy=crc(8a7493b2!=4829a47e);mutex_lock=crc(995658e3!=d5977bfb);mutex_unlock=crc(995658e3!=ed55cabd);__list_add_valid_or_report=crc(6fabd45b!=7e19152a);__list_del_entry_valid_or_report=crc(802f8919!=9a835040)
oplus_chg_v2,oplus_chg_v2,device/oneplus/infiniti-kernel/oplus_chg_v2.ko,charger,1,0,359,0,0,0,47,312,mismatch(e976b219!=38f960dd),load-fail-module-layout,load-fail-crc,_printk=crc(16b5b21d!=92997ed8);__stack_chk_fail=crc(d272d446!=f0fdf6cb);mutex_lock=crc(995658e3!=d5977bfb);i2c_smbus_read_word_data=crc(146604cd!=004380a3);usleep_range_state=crc(fdbae8c6!=c3055d20);mutex_unlock=crc(995658e3!=ed55cabd);cancel_delayed_work_sync=crc(22a4e35b!=cec49a87);alt_cb_patch_nops=crc(b8c8345a!=a65c6def)
oplus_connectivity_routerboost,oplus_connectivity_routerboost,device/oneplus/infiniti-kernel/oplus_connectivity_routerboost.ko,misc,0,0,17,0,0,0,0,17,mismatch(e976b219!=38f960dd),load-fail-module-layout,load-fail-crc,__alloc_skb=crc(f9414958!=8a292505);genlmsg_put=crc(a1bf231c!=35179be6);nla_put=crc(d7e32719!=f9a61ed4);sk_skb_reason_drop=crc(3334991b!=88ec2462);init_net=crc(853101e3!=66460e0d);netlink_unicast=crc(89ebab58!=981467e1);_printk=crc(16b5b21d!=92997ed8);genl_register_family=crc(576db919!=47c36fbe)
oplus_connectivity_sla,oplus_connectivity_sla,device/oneplus/infiniti-kernel/oplus_connectivity_sla.ko,misc,0,0,27,0,0,0,0,27,mismatch(e976b219!=38f960dd),load-fail-module-layout,load-fail-crc,genl_register_family=crc(576db919!=47c36fbe);_printk=crc(16b5b21d!=92997ed8);init_net=crc(853101e3!=66460e0d);register_net_sysctl_sz=crc(de090a90!=f8637b95);nf_register_net_hooks=crc(43c0d9ee!=f18a1153);genl_unregister_family=crc(66601109!=6cb2a46a);unregister_net_sysctl_table=crc(7a4f524e!=5ac8c04c);nf_unregister_net_hooks=crc(58be22b4!=28512f5a)
oplus_file_record,oplus_file_record,device/oneplus/infiniti-kernel/oplus_file_record.ko,misc,0,0,30,0,0,0,1,29,mismatch(e976b219!=38f960dd),load-fail-module-layout,load-fail-crc,strcmp=crc(f5df0401!=e2d5255a);kstrdup=crc(3accfef3!=2d39b0a7);_printk=crc(16b5b21d!=92997ed8);kfree=crc(31359e90!=037a0cba);for_each_kernel_tracepoint=crc(9f72f693!=0a9df53d);tracepoint_probe_register=crc(15cb871d!=5b50af89);proc_create=crc(bcb84f5d!=4c5e9ba6);tracepoint_probe_unregister=crc(15cb871d!=b980dc42)
oplus_freqqos_monitor,oplus_freqqos_monitor,device/oneplus/infiniti-kernel/oplus_freqqos_monitor.ko,misc,0,0,56,0,0,0,1,55,mismatch(e976b219!=38f960dd),load-fail-module-layout,load-fail-crc,__cpu_possible_mask=crc(4e994f70!=de7ece30);cpu_topology=crc(545a6fb7!=e4bc4b09);ktime_get_real_ts64=crc(90ee81b3!=9ec6ca96);sys_tz=crc(f5a7643a!=fe5d4bb2);rtc_time64_to_tm=crc(9bddc418!=356461c8);scnprintf=crc(f4386284!=96848186);__stack_chk_fail=crc(d272d446!=f0fdf6cb);_raw_read_lock_irqsave=crc(3f8725d8!=b1342cdb)
oplus_ft3683g,oplus_ft3683g,device/oneplus/infiniti-kernel/oplus_ft3683g.ko,misc,1,0,25,0,0,0,5,20,mismatch(e976b219!=38f960dd),load-fail-module-layout,load-fail-crc,__stack_chk_fail=crc(d272d446!=f0fdf6cb);mutex_lock=crc(995658e3!=d5977bfb);memset=crc(110f4d3a!=dcb764ad);memcpy=crc(8a7493b2!=4829a47e);debug_level=missing;__const_udelay=crc(b7d17430!=eae3dfd6);mutex_unlock=crc(995658e3!=ed55cabd);_printk=crc(16b5b21d!=92997ed8)
oplus_hbp_core,oplus_hbp_core,device/oneplus/infiniti-kernel/oplus_hbp_core.ko,touch,1,0,120,0,0,0,2,118,mismatch(e976b219!=38f960dd),load-fail-module-layout,load-fail-crc,of_find_node_opts_by_path=crc(bcf52949!=a7a68f8b);of_get_property=crc(25eb83ce!=97bbda8e);strstr=crc(719e716c!=1e6d26a8);strchr=crc(c5f883ea!=349cba85);_printk=crc(16b5b21d!=92997ed8);strncpy=crc(11ce17c6!=9166fada);__fortify_panic=crc(31b67631!=75ca79b5);of_property_read_variable_u32_array=crc(5de0294f!=e46d1c95)
oplus_icc_mcu,oplus_icc_mcu,device/oneplus/infiniti-kernel/oplus_icc_mcu.ko,misc,0,0,64,0,0,0,1,63,mismatch(e976b219!=38f960dd),load-fail-module-layout,load-fail-crc,spi_setup=crc(b14dbc0e!=9457d824);_printk=crc(16b5b21d!=92997ed8);__register_chrdev=crc(2805073e!=4004f5b8);class_create=crc(934914c3!=73ab41b8);__unregister_chrdev=crc(52e65492!=6bc3fbc0);__spi_register_driver=crc(cf9fd020!=baa019da);class_destroy=crc(0eaa09a8!=9b827076);driver_unregister=crc(7ec07b0d!=e861a9a2)
oplus_lock_torture,oplus_lock_torture,device/oneplus/infiniti-kernel/oplus_lock_torture.ko,misc,0,0,76,0,0,0,6,70,mismatch(e976b219!=38f960dd),load-fail-module-layout,load-fail-crc,memset=crc(110f4d3a!=dcb764ad);kthread_create_on_node=crc(7672ba8d!=d3bb11aa);_printk=crc(16b5b21d!=92997ed8);wake_up_process=crc(b40d9875!=c6fb9341);d_oplus_locking=missing;proc_mkdir=crc(17dad4e0!=6f5cba65);proc_create=crc(bcb84f5d!=4c5e9ba6);kernfs_path_from_node=crc(3b093326!=ea679171)
oplus_locking_strategy,oplus_locking_strategy,device/oneplus/infiniti-kernel/oplus_locking_strategy.ko,misc,0,0,131,0,0,0,17,114,mismatch(e976b219!=38f960dd),load-fail-module-layout,load-fail-crc,test_task_ux=missing;task_rq_lock=crc(6585c98e!=c085a9ce);update_rq_clock=crc(3844345e!=9d226505);__trace_bprintk=crc(044d6710!=a20d01ba);raw_spin_rq_unlock=crc(3844345e!=9f2c5722);_raw_spin_unlock_irqrestore=crc(582af1c8!=d35cce70);__warn_printk=crc(1127e91b!=56470118);__stack_chk_fail=crc(d272d446!=f0fdf6cb)
oplus_magcvr_ak09973,oplus_magcvr_ak09973,device/oneplus/infiniti-kernel/oplus_magcvr_ak09973.ko,misc,1,0,22,0,0,0,5,17,mismatch(e976b219!=38f960dd),load-fail-module-layout,load-fail-crc,_printk=crc(16b5b21d!=92997ed8);i2c_register_driver=crc(6f0760fb!=b84054a9);i2c_del_driver=crc(ef821497!=938a618b);mem_alloc_profiling_key=crc(8ee1928d!=0f05f001);kmalloc_caches=crc(d6ce5659!=559b0832);__kmalloc_cache_noprof=crc(6cc46e45!=57abd7cf);alloc_for_magcvr=missing;kfree=crc(31359e90!=037a0cba)
oplus_magcvr_mkh100a,oplus_magcvr_mkh100a,device/oneplus/infiniti-kernel/oplus_magcvr_mkh100a.ko,misc,0,0,17,0,0,0,4,13,mismatch(e976b219!=38f960dd),load-fail-module-layout,load-fail-crc,_printk=crc(16b5b21d!=92997ed8);__platform_driver_register=crc(26d0cf2d!=dda9df08);mem_alloc_profiling_key=crc(8ee1928d!=0f05f001);kmalloc_caches=crc(d6ce5659!=559b0832);__kmalloc_cache_noprof=crc(6cc46e45!=57abd7cf);alloc_for_magcvr=missing;kfree=crc(31359e90!=037a0cba);platform_get_irq=crc(a39e1523!=c5e9775d)
oplus_magcvr_mxm1120,oplus_magcvr_mxm1120,device/oneplus/infiniti-kernel/oplus_magcvr_mxm1120.ko,misc,1,0,27,0,0,0,5,22,mismatch(e976b219!=38f960dd),load-fail-module-layout,load-fail-crc,_printk=crc(16b5b21d!=92997ed8);i2c_register_driver=crc(6f0760fb!=b84054a9);i2c_del_driver=crc(ef821497!=938a618b);mem_alloc_profiling_key=crc(8ee1928d!=0f05f001);kmalloc_caches=crc(d6ce5659!=559b0832);__kmalloc_cache_noprof=crc(6cc46e45!=57abd7cf);alloc_for_magcvr=missing;kfree=crc(31359e90!=037a0cba)
oplus_magcvr_notify,oplus_magcvr_notify,device/oneplus/infiniti-kernel/oplus_magcvr_notify.ko,misc,1,0,4,0,0,0,0,4,mismatch(e976b219!=38f960dd),load-fail-module-layout,load-fail-crc,blocking_notifier_chain_register=crc(bde3e279!=bb0c86a5);blocking_notifier_chain_unregister=crc(bde3e279!=963aa2a9);blocking_notifier_call_chain=crc(559ff49a!=8317ad7c);module_layout=crc(e976b219!=38f960dd)
oplus_magnetic_cover,oplus_magnetic_cover,device/oneplus/infiniti-kernel/oplus_magnetic_cover.ko,misc,1,0,63,0,0,0,3,60,mismatch(e976b219!=38f960dd),load-fail-module-layout,load-fail-crc,strcmp=crc(f5df0401!=e2d5255a);_printk=crc(16b5b21d!=92997ed8);magcvr_event_call_notifier=missing;__stack_chk_fail=crc(d272d446!=f0fdf6cb);strnlen=crc(b5bedffb!=a916b694);snprintf=crc(f4386284!=656e4a6e);proc_mkdir=crc(17dad4e0!=6f5cba65);proc_create_data=crc(a7a03b02!=e3ac8466)
oplus_mdmrst,oplus_mdmrst,device/oneplus/infiniti-kernel/oplus_mdmrst.ko,misc,0,0,15,0,0,0,1,14,mismatch(e976b219!=38f960dd),load-fail-module-layout,load-fail-crc,strlen=crc(90d19584!=98cf60b3);memcpy=crc(8a7493b2!=4829a47e);__wake_up=crc(f7c60e8b!=e2964344);__arch_copy_to_user=crc(1f42c609!=6cbbfc54);__init_waitqueue_head=crc(de463212!=d9a5ea54);misc_register=crc(d9a13df1!=0a4bc86f);misc_deregister=crc(78d4940f!=b9697e94);strnlen=crc(b5bedffb!=a916b694)
oplus_mm_kevent,oplus_mm_kevent,device/oneplus/infiniti-kernel/oplus_mm_kevent.ko,mm,1,0,23,0,0,0,0,23,mismatch(e976b219!=38f960dd),load-fail-module-layout,load-fail-crc,strlen=crc(90d19584!=98cf60b3);strcmp=crc(f5df0401!=e2d5255a);_raw_spin_lock=crc(7c62d7bb!=ba8fbd64);memcpy=crc(8a7493b2!=4829a47e);_raw_spin_unlock=crc(7c62d7bb!=b5b54b34);_printk=crc(16b5b21d!=92997ed8);__warn_printk=crc(1127e91b!=56470118);__fortify_panic=crc(31b67631!=75ca79b5)
oplus_mm_kevent_fb,oplus_mm_kevent_fb,device/oneplus/infiniti-kernel/oplus_mm_kevent_fb.ko,mm,1,0,36,0,0,0,3,33,mismatch(e976b219!=38f960dd),load-fail-module-layout,load-fail-crc,memset=crc(110f4d3a!=dcb764ad);strnlen=crc(b5bedffb!=a916b694);mem_alloc_profiling_key=crc(8ee1928d!=0f05f001);__kmalloc_noprof=crc(27865ec7!=52c5c991);_printk=crc(16b5b21d!=92997ed8);__stack_chk_fail=crc(d272d446!=f0fdf6cb);__fortify_panic=crc(31b67631!=75ca79b5);ktime_get=crc(ff9a6e5c!=b43f9365)
oplus_network_702_satellite,oplus_network_702_satellite,device/oneplus/infiniti-kernel/oplus_network_702_satellite.ko,network,0,0,42,0,0,0,1,41,mismatch(e976b219!=38f960dd),load-fail-module-layout,load-fail-crc,_printk=crc(16b5b21d!=92997ed8);gpio_to_desc=crc(a49e2188!=5a24a77c);gpiod_to_irq=crc(8fdfd4d8!=5f93cf57);request_threaded_irq=crc(c407eb52!=92d5838e);irq_set_irq_wake=crc(fe9be5a6!=ce2840e7);pm_wakeup_ws_event=crc(fc8c6e4e!=b52ce8e6);kill_fasync=crc(7fdb15c5!=96427431);__platform_driver_register=crc(26d0cf2d!=dda9df08)
oplus_network_app_monitor,oplus_network_app_monitor,device/oneplus/infiniti-kernel/oplus_network_app_monitor.ko,network,0,0,36,0,0,0,0,36,mismatch(e976b219!=38f960dd),load-fail-module-layout,load-fail-crc,__alloc_skb=crc(f9414958!=8a292505);genlmsg_put=crc(a1bf231c!=35179be6);nla_put=crc(d7e32719!=f9a61ed4);sk_skb_reason_drop=crc(3334991b!=88ec2462);init_net=crc(853101e3!=66460e0d);netlink_unicast=crc(89ebab58!=981467e1);_printk=crc(16b5b21d!=92997ed8);_raw_write_lock_bh=crc(e7251b3a!=51a511eb)
oplus_network_data_module,oplus_network_data_module,device/oneplus/infiniti-kernel/oplus_network_data_module.ko,network,0,0,88,0,0,0,0,88,mismatch(e976b219!=38f960dd),load-fail-module-layout,load-fail-crc,_printk=crc(16b5b21d!=92997ed8);register_tcf_proto_ops=crc(8b33ef28!=ebc01b72);unregister_tcf_proto_ops=crc(f90f2774!=b2960c0a);__rcu_read_lock=crc(d272d446!=8d522714);tcf_action_exec=crc(677d578a!=08c0fb79);__rcu_read_unlock=crc(d272d446!=2469810f);mem_alloc_profiling_key=crc(8ee1928d!=0f05f001);kmalloc_caches=crc(d6ce5659!=559b0832)
oplus_network_dns_cache,oplus_network_dns_cache,device/oneplus/infiniti-kernel/oplus_network_dns_cache.ko,network,0,0,34,0,0,0,8,26,mismatch(e976b219!=38f960dd),load-fail-module-layout,load-fail-crc,_printk=crc(16b5b21d!=92997ed8);mem_alloc_profiling_key=crc(8ee1928d!=0f05f001);__kmalloc_noprof=crc(27865ec7!=52c5c991);netlink__proto__notify_message__get_packed_size=missing;netlink__proto__notify_message__pack=missing;notify_netlink_event=missing;kfree=crc(31359e90!=037a0cba);__stack_chk_fail=crc(d272d446!=f0fdf6cb)
oplus_network_dns_hook,oplus_network_dns_hook,device/oneplus/infiniti-kernel/oplus_network_dns_hook.ko,network,0,0,40,0,0,0,0,40,mismatch(e976b219!=38f960dd),load-fail-module-layout,load-fail-crc,memset=crc(110f4d3a!=dcb764ad);genl_register_family=crc(576db919!=47c36fbe);_printk=crc(16b5b21d!=92997ed8);init_net=crc(853101e3!=66460e0d);nf_register_net_hooks=crc(43c0d9ee!=f18a1153);genl_unregister_family=crc(66601109!=6cb2a46a);register_net_sysctl_sz=crc(de090a90!=f8637b95);nf_unregister_net_hooks=crc(58be22b4!=28512f5a)
oplus_network_esim,oplus_network_esim,device/oneplus/infiniti-kernel/oplus_network_esim.ko,network,1,0,51,0,0,0,3,48,mismatch(e976b219!=38f960dd),load-fail-module-layout,load-fail-crc,mem_alloc_profiling_key=crc(8ee1928d!=0f05f001);kmalloc_caches=crc(d6ce5659!=559b0832);__kmalloc_cache_noprof=crc(6cc46e45!=57abd7cf);_printk=crc(16b5b21d!=92997ed8);devm_pinctrl_get=crc(b0d7647e!=93cb5ffc);pinctrl_lookup_state=crc(4a59b739!=b05f6d31);of_get_named_gpio=crc(08f8b82c!=60133d8b);proc_create_data=crc(a7a03b02!=e3ac8466)
oplus_network_game_first,oplus_network_game_first,device/oneplus/infiniti-kernel/oplus_network_game_first.ko,network,0,0,19,0,0,0,0,19,mismatch(e976b219!=38f960dd),load-fail-module-layout,load-fail-crc,init_net=crc(853101e3!=66460e0d);nf_register_net_hooks=crc(43c0d9ee!=f18a1153);register_net_sysctl_sz=crc(de090a90!=f8637b95);genl_register_family=crc(576db919!=47c36fbe);nf_unregister_net_hooks=crc(58be22b4!=28512f5a);unregister_net_sysctl_table=crc(7a4f524e!=5ac8c04c);_printk=crc(16b5b21d!=92997ed8);genl_unregister_family=crc(66601109!=6cb2a46a)
oplus_network_kernel_state_monitor,oplus_network_kernel_state_monitor,device/oneplus/infiniti-kernel/oplus_network_kernel_state_monitor.ko,network,0,0,24,0,0,0,1,23,mismatch(e976b219!=38f960dd),load-fail-module-layout,load-fail-crc,_printk=crc(16b5b21d!=92997ed8);register_pm_notifier=crc(0a227d4d!=9cc4f70a);__platform_driver_register=crc(26d0cf2d!=dda9df08);__register_chrdev=crc(2805073e!=4004f5b8);class_create=crc(934914c3!=73ab41b8);device_create=crc(ecc3b985!=ccdf99ab);class_destroy=crc(0eaa09a8!=9b827076);__unregister_chrdev=crc(52e65492!=6bc3fbc0)
oplus_network_linkpower_module,oplus_network_linkpower_module,device/oneplus/infiniti-kernel/oplus_network_linkpower_module.ko,network,0,0,96,0,0,0,15,81,mismatch(e976b219!=38f960dd),load-fail-module-layout,load-fail-crc,_raw_spin_lock_bh=crc(7c62d7bb!=0c3690fc);_raw_spin_unlock_bh=crc(7c62d7bb!=e46021ca);_printk=crc(16b5b21d!=92997ed8);memset=crc(110f4d3a!=dcb764ad);skb_copy_bits=crc(f958eb46!=131c942e);memcpy=crc(8a7493b2!=4829a47e);bcmp=crc(5bf0d3e8!=263c3152);__stack_chk_fail=crc(d272d446!=f0fdf6cb)
oplus_network_nfc_thn31,oplus_network_nfc_thn31,device/oneplus/infiniti-kernel/oplus_network_nfc_thn31.ko,network,0,0,103,0,0,0,1,102,mismatch(e976b219!=38f960dd),load-fail-module-layout,load-fail-crc,_raw_spin_lock_irqsave=crc(aa615763!=34db050b);_raw_spin_unlock_irqrestore=crc(582af1c8!=d35cce70);proc_create=crc(bcb84f5d!=4c5e9ba6);_printk=crc(16b5b21d!=92997ed8);single_open=crc(d34d4b7a!=a9dab572);seq_printf=crc(8b6a8169!=7eb5779c);seq_read=crc(6a5ad82b!=643bb3f4);seq_lseek=crc(e22a5996!=f7924c7d)
oplus_network_oem_qmi,oplus_network_oem_qmi,device/oneplus/infiniti-kernel/oplus_network_oem_qmi.ko,network,1,0,32,0,0,0,0,32,mismatch(e976b219!=38f960dd),load-fail-module-layout,load-fail-crc,mem_alloc_profiling_key=crc(8ee1928d!=0f05f001);kmalloc_caches=crc(d6ce5659!=559b0832);__kmalloc_cache_noprof=crc(6cc46e45!=57abd7cf);kfree=crc(31359e90!=037a0cba);__stack_chk_fail=crc(d272d446!=f0fdf6cb);mutex_lock=crc(995658e3!=d5977bfb);_printk=crc(16b5b21d!=92997ed8);qmi_txn_init=crc(f0cd9030!=477da840)
oplus_network_qr_scan,oplus_network_qr_scan,device/oneplus/infiniti-kernel/oplus_network_qr_scan.ko,network,0,0,23,0,0,0,0,23,mismatch(e976b219!=38f960dd),load-fail-module-layout,load-fail-crc,_printk=crc(16b5b21d!=92997ed8);genl_register_family=crc(576db919!=47c36fbe);init_net=crc(853101e3!=66460e0d);nf_register_net_hooks=crc(43c0d9ee!=f18a1153);genl_unregister_family=crc(66601109!=6cb2a46a);nf_unregister_net_hooks=crc(58be22b4!=28512f5a);_raw_spin_lock_bh=crc(7c62d7bb!=0c3690fc);_raw_spin_unlock_bh=crc(7c62d7bb!=e46021ca)
oplus_network_rf_cable_monitor,oplus_network_rf_cable_monitor,device/oneplus/infiniti-kernel/oplus_network_rf_cable_monitor.ko,network,1,0,30,0,0,0,2,28,mismatch(e976b219!=38f960dd),load-fail-module-layout,load-fail-crc,gpio_to_desc=crc(a49e2188!=5a24a77c);gpiod_get_raw_value=crc(8fdfd4d8!=e4890657);sprintf=crc(69b7acda!=3c3ff9fd);__check_object_size=missing;__arch_copy_to_user=crc(1f42c609!=6cbbfc54);__copy_overflow=crc(259423b0!=7682ba4e);__stack_chk_fail=crc(d272d446!=f0fdf6cb);__platform_driver_register=crc(26d0cf2d!=dda9df08)
oplus_network_satellite,oplus_network_satellite,device/oneplus/infiniti-kernel/oplus_network_satellite.ko,network,0,0,40,0,0,0,1,39,mismatch(e976b219!=38f960dd),load-fail-module-layout,load-fail-crc,_printk=crc(16b5b21d!=92997ed8);gpio_to_desc=crc(a49e2188!=5a24a77c);gpiod_to_irq=crc(8fdfd4d8!=5f93cf57);request_threaded_irq=crc(c407eb52!=92d5838e);irq_set_irq_wake=crc(fe9be5a6!=ce2840e7);pm_wakeup_ws_event=crc(fc8c6e4e!=b52ce8e6);kill_fasync=crc(7fdb15c5!=96427431);__platform_driver_register=crc(26d0cf2d!=dda9df08)
oplus_network_satellite_hl7603,oplus_network_satellite_hl7603,device/oneplus/infiniti-kernel/oplus_network_satellite_hl7603.ko,network,0,0,10,0,0,0,0,10,mismatch(e976b219!=38f960dd),load-fail-module-layout,load-fail-crc,i2c_smbus_write_byte_data=crc(43bdb534!=3e377a87);_printk=crc(16b5b21d!=92997ed8);i2c_smbus_read_byte_data=crc(146604cd!=751040b9);of_property_read_variable_u32_array=crc(5de0294f!=e46d1c95);i2c_register_driver=crc(6f0760fb!=b84054a9);i2c_del_driver=crc(ef821497!=938a618b);devm_kmalloc=crc(d1263f9d!=9601551a);devm_kfree=crc(963fe25e!=36aa809e)
oplus_network_satellite_rpc,oplus_network_satellite_rpc,device/oneplus/infiniti-kernel/oplus_network_satellite_rpc.ko,network,0,0,37,0,0,0,0,37,mismatch(e976b219!=38f960dd),load-fail-module-layout,load-fail-crc,_printk=crc(16b5b21d!=92997ed8);gpio_to_desc=crc(a49e2188!=5a24a77c);gpiod_to_irq=crc(8fdfd4d8!=5f93cf57);request_threaded_irq=crc(c407eb52!=92d5838e);irq_set_irq_wake=crc(fe9be5a6!=ce2840e7);pm_wakeup_ws_event=crc(fc8c6e4e!=b52ce8e6);kill_fasync=crc(7fdb15c5!=96427431);__platform_driver_register=crc(26d0cf2d!=dda9df08)
oplus_network_satellite_rsmc,oplus_network_satellite_rsmc,device/oneplus/infiniti-kernel/oplus_network_satellite_rsmc.ko,network,0,0,84,0,0,0,0,84,mismatch(e976b219!=38f960dd),load-fail-module-layout,load-fail-crc,of_find_compatible_node=crc(730d7351!=9420f854);of_find_property=crc(9a0c7532!=4d1675b6);_printk=crc(16b5b21d!=92997ed8);kthread_create_on_node=crc(7672ba8d!=d3bb11aa);wake_up_process=crc(b40d9875!=c6fb9341);regmap_update_bits_base=crc(807ee877!=1ac5d5d4);gpio_to_desc=crc(a49e2188!=5a24a77c);gpiod_set_raw_value=crc(ffbbe456!=cfc9d9bf)
oplus_network_sched,oplus_network_sched,device/oneplus/infiniti-kernel/oplus_network_sched.ko,network,0,0,49,0,0,0,0,49,mismatch(e976b219!=38f960dd),load-fail-module-layout,load-fail-crc,_printk=crc(16b5b21d!=92997ed8);register_qdisc=crc(8cfed007!=c281a010);unregister_qdisc=crc(b00b69c3!=d76d3b26);tcf_classify=crc(40692198!=824b520d);__stack_chk_fail=crc(d272d446!=f0fdf6cb);ktime_get=crc(ff9a6e5c!=b43f9365);qdisc_watchdog_schedule_range_ns=crc(b21001fc!=a00b44db);alt_cb_patch_nops=crc(b8c8345a!=a65c6def)
oplus_network_score,oplus_network_score,device/oneplus/infiniti-kernel/oplus_network_score.ko,network,0,0,39,0,0,0,1,38,mismatch(e976b219!=38f960dd),load-fail-module-layout,load-fail-crc,ktime_get=crc(ff9a6e5c!=b43f9365);_raw_spin_lock_bh=crc(7c62d7bb!=0c3690fc);_printk=crc(16b5b21d!=92997ed8);jiffies=crc(f2a4b08a!=15ba50a6);jiffies_to_msecs=crc(693ab53d!=37befc70);kfree=crc(31359e90!=037a0cba);_raw_spin_unlock_bh=crc(7c62d7bb!=e46021ca);__stack_chk_fail=crc(d272d446!=f0fdf6cb)
oplus_network_sim_detect,oplus_network_sim_detect,device/oneplus/infiniti-kernel/oplus_network_sim_detect.ko,network,1,0,20,0,0,0,1,19,mismatch(e976b219!=38f960dd),load-fail-module-layout,load-fail-crc,__platform_driver_register=crc(26d0cf2d!=dda9df08);platform_driver_unregister=crc(8af50346!=3af3024b);_printk=crc(16b5b21d!=92997ed8);devm_kmalloc=crc(d1263f9d!=9601551a);of_get_named_gpio=crc(08f8b82c!=60133d8b);proc_create_data=crc(a7a03b02!=e3ac8466);of_property_read_string=crc(fc9f25c0!=27bdd89b);strcmp=crc(f5df0401!=e2d5255a)
oplus_network_snapshot,oplus_network_snapshot,device/oneplus/infiniti-kernel/oplus_network_snapshot.ko,network,0,0,44,0,0,0,17,27,mismatch(e976b219!=38f960dd),load-fail-module-layout,load-fail-crc,init_net=crc(853101e3!=66460e0d);nf_register_net_hooks=crc(43c0d9ee!=f18a1153);_printk=crc(16b5b21d!=92997ed8);register_netlink_request=missing;nf_unregister_net_hooks=crc(58be22b4!=28512f5a);init_timer_key=crc(534026f3!=c6f46339);jiffies=crc(f2a4b08a!=15ba50a6);mod_timer=crc(03dbf6a5!=c38c83b8)
oplus_network_stats_calc,oplus_network_stats_calc,device/oneplus/infiniti-kernel/oplus_network_stats_calc.ko,network,0,0,29,0,0,0,0,29,mismatch(e976b219!=38f960dd),load-fail-module-layout,load-fail-crc,genl_register_family=crc(576db919!=47c36fbe);_printk=crc(16b5b21d!=92997ed8);init_net=crc(853101e3!=66460e0d);nf_register_net_hooks=crc(43c0d9ee!=f18a1153);genl_unregister_family=crc(66601109!=6cb2a46a);register_net_sysctl_sz=crc(de090a90!=f8637b95);nf_unregister_net_hooks=crc(58be22b4!=28512f5a);unregister_net_sysctl_table=crc(7a4f524e!=5ac8c04c)
oplus_network_tcpdump_enhance,oplus_network_tcpdump_enhance,device/oneplus/infiniti-kernel/oplus_network_tcpdump_enhance.ko,network,0,0,27,0,0,0,0,27,mismatch(e976b219!=38f960dd),load-fail-module-layout,load-fail-crc,init_net=crc(853101e3!=66460e0d);nf_register_net_hooks=crc(43c0d9ee!=f18a1153);_printk=crc(16b5b21d!=92997ed8);nf_unregister_net_hooks=crc(58be22b4!=28512f5a);timer_delete_sync=crc(5f54576f!=82ee90dc);init_timer_key=crc(534026f3!=c6f46339);jiffies=crc(f2a4b08a!=15ba50a6);mod_timer=crc(03dbf6a5!=c38c83b8)
oplus_network_tuning,oplus_network_tuning,device/oneplus/infiniti-kernel/oplus_network_tuning.ko,network,0,0,53,0,0,0,12,41,mismatch(e976b219!=38f960dd),load-fail-module-layout,load-fail-crc,_raw_spin_lock_bh=crc(7c62d7bb!=0c3690fc);_printk=crc(16b5b21d!=92997ed8);_raw_spin_unlock_bh=crc(7c62d7bb!=e46021ca);preempt_schedule_notrace=crc(d272d446!=f70e4a4d);strncmp=crc(d6761c95!=5a921311);netlink__proto__response_message__get_packed_size=missing;mem_alloc_profiling_key=crc(8ee1928d!=0f05f001);__kmalloc_noprof=crc(27865ec7!=52c5c991)
oplus_network_vip_task,oplus_network_vip_task,device/oneplus/infiniti-kernel/oplus_network_vip_task.ko,network,0,0,36,0,0,0,8,28,mismatch(e976b219!=38f960dd),load-fail-module-layout,load-fail-crc,netlink__proto__notify_message__get_packed_size=missing;mem_alloc_profiling_key=crc(8ee1928d!=0f05f001);__kmalloc_noprof=crc(27865ec7!=52c5c991);netlink__proto__notify_message__pack=missing;notify_netlink_event=missing;kfree=crc(31359e90!=037a0cba);_printk=crc(16b5b21d!=92997ed8);__stack_chk_fail=crc(d272d446!=f0fdf6cb)
oplus_network_vnet,oplus_network_vnet,device/oneplus/infiniti-kernel/oplus_network_vnet.ko,network,0,0,40,0,0,0,0,40,mismatch(e976b219!=38f960dd),load-fail-module-layout,load-fail-crc,_printk=crc(16b5b21d!=92997ed8);memset=crc(110f4d3a!=dcb764ad);rtnl_lock=crc(d272d446!=c7a4fbed);__rtnl_link_register=crc(06573fd1!=52080167);alloc_netdev_mqs=crc(40ffd6be!=0f3e2f37);register_netdevice=crc(a72c5044!=4c4eb23d);rtnl_unlock=crc(d272d446!=6e720ff2);init_net=crc(853101e3!=66460e0d)
oplus_nfc,oplus_nfc,device/oneplus/infiniti-kernel/oplus_nfc.ko,misc,0,0,28,0,0,0,2,26,mismatch(e976b219!=38f960dd),load-fail-module-layout,load-fail-crc,_printk=crc(16b5b21d!=92997ed8);strstr=crc(719e716c!=1e6d26a8);__platform_driver_register=crc(26d0cf2d!=dda9df08);platform_driver_unregister=crc(8af50346!=3af3024b);of_property_read_variable_u32_array=crc(5de0294f!=e46d1c95);mem_alloc_profiling_key=crc(8ee1928d!=0f05f001);__kmalloc_noprof=crc(27865ec7!=52c5c991);__stack_chk_fail=crc(d272d446!=f0fdf6cb)
oplus_overlay,oplus_overlay,device/oneplus/infiniti-kernel/oplus_overlay.ko,misc,0,0,215,0,0,0,0,215,mismatch(e976b219!=38f960dd),load-fail-module-layout,load-fail-crc,vfs_listxattr=crc(147e5969!=0d85e1ae);mem_alloc_profiling_key=crc(8ee1928d!=0f05f001);__kvmalloc_node_noprof=crc(08eff872!=31f2a14c);kvfree_call_rcu=crc(8bc85faa!=44c10a52);strnlen=crc(b5bedffb!=a916b694);security_inode_copy_up_xattr=crc(0ca8fce0!=25c929b5);strcmp=crc(f5df0401!=e2d5255a);vfs_getxattr=crc(46a5910b!=6a91f73e)
oplus_patch,oplus_patch,device/oneplus/infiniti-kernel/oplus_patch.ko,misc,0,0,40,0,0,0,1,39,mismatch(e976b219!=38f960dd),load-fail-module-layout,load-fail-crc,_raw_spin_lock_irqsave=crc(aa615763!=34db050b);__get_task_comm=crc(18ad0c07!=6841085a);strnlen=crc(b5bedffb!=a916b694);sized_strscpy=crc(8f8e273c!=476b165a);_raw_spin_unlock_irqrestore=crc(582af1c8!=d35cce70);__fortify_panic=crc(31b67631!=75ca79b5);mutex_lock=crc(995658e3!=d5977bfb);strcmp=crc(f5df0401!=e2d5255a)
oplus_power_hook,oplus_power_hook,device/oneplus/infiniti-kernel/oplus_power_hook.ko,misc,0,0,37,0,0,0,1,36,mismatch(e976b219!=38f960dd),load-fail-module-layout,load-fail-crc,memset=crc(110f4d3a!=dcb764ad);strncpy=crc(11ce17c6!=9166fada);alloc_workqueue=crc(c531e61f!=49cd25ed);register_kretprobe=crc(2a38fe47!=bc1e15ff);_printk=crc(16b5b21d!=92997ed8);register_kprobe=crc(cca4d86f!=0472cf3b);proc_create=crc(bcb84f5d!=4c5e9ba6);_raw_spin_lock_bh=crc(7c62d7bb!=0c3690fc)
oplus_rpmh_statics,oplus_rpmh_statics,device/oneplus/infiniti-kernel/oplus_rpmh_statics.ko,misc,0,0,15,0,0,0,0,15,mismatch(e976b219!=38f960dd),load-fail-module-layout,load-fail-crc,_printk=crc(16b5b21d!=92997ed8);of_find_matching_node_and_match=crc(02b96e10!=ff902395);get_drvdata=crc(35032efa!=b46b756d);kobject_create_and_add=crc(3e531720!=a8be50c3);sysfs_create_file_ns=crc(73909de4!=35efb410);__stack_chk_fail=crc(d272d446!=f0fdf6cb);sysfs_remove_file_ns=crc(ff358721!=134fc37e);kobject_del=crc(1291a453!=e95ac6b1)
oplus_secure_common,oplus_secure_common,device/oneplus/infiniti-kernel/oplus_secure_common.ko,misc,1,0,29,0,0,0,1,28,mismatch(e976b219!=38f960dd),load-fail-module-layout,load-fail-crc,arm64_use_ng_mappings=crc(3239fbdb!=af56600a);ioremap_prot=crc(c948ac44!=40863ba1);iounmap=crc(fbb66790!=edc03953);_printk=crc(16b5b21d!=92997ed8);__platform_driver_register=crc(26d0cf2d!=dda9df08);platform_driver_unregister=crc(8af50346!=3af3024b);devm_kmalloc=crc(d1263f9d!=9601551a);_dev_err=crc(6b10178d!=89c10d29)
oplus_secure_guard_new,oplus_secure_guard_new,device/oneplus/infiniti-kernel/oplus_secure_guard_new.ko,misc,0,0,43,0,0,0,1,42,mismatch(e976b219!=38f960dd),load-fail-module-layout,load-fail-crc,mem_alloc_profiling_key=crc(8ee1928d!=0f05f001);get_free_pages_noprof=crc(6ef23d5a!=ccf69887);d_path=crc(2143f9a4!=4ef3dade);strncmp=crc(d6761c95!=5a921311);free_pages=crc(30def38b!=4302d0eb);sprintf=crc(69b7acda!=3c3ff9fd);_printk=crc(16b5b21d!=92997ed8);find_task_by_vpid=crc(2c7840a3!=a722ced9)
oplus_sensor_deviceinfo,oplus_sensor_deviceinfo,device/oneplus/infiniti-kernel/oplus_sensor_deviceinfo.ko,misc,1,0,42,0,0,0,2,40,mismatch(e976b219!=38f960dd),load-fail-module-layout,load-fail-crc,_printk=crc(16b5b21d!=92997ed8);mem_alloc_profiling_key=crc(8ee1928d!=0f05f001);kmalloc_caches=crc(d6ce5659!=559b0832);__kmalloc_cache_noprof=crc(6cc46e45!=57abd7cf);proc_mkdir=crc(17dad4e0!=6f5cba65);proc_create=crc(bcb84f5d!=4c5e9ba6);kfree=crc(31359e90!=037a0cba);stpcpy=crc(ae0e3bb4!=f4db35bc)
oplus_sensor_feedback,oplus_sensor_feedback,device/oneplus/infiniti-kernel/oplus_sensor_feedback.ko,misc,1,0,43,0,0,0,1,42,mismatch(e976b219!=38f960dd),load-fail-module-layout,load-fail-crc,_printk=crc(16b5b21d!=92997ed8);kasprintf=crc(ee6b5fe5!=fb384d37);kobject_uevent_env=crc(37679765!=c2f18be0);__stack_chk_fail=crc(d272d446!=f0fdf6cb);_raw_spin_lock=crc(7c62d7bb!=ba8fbd64);_raw_spin_unlock=crc(7c62d7bb!=b5b54b34);snprintf=crc(f4386284!=656e4a6e);sscanf=crc(f5197fd4!=bcab6ee6)
oplus_sensor_interact,oplus_sensor_interact,device/oneplus/infiniti-kernel/oplus_sensor_interact.ko,misc,1,0,47,0,0,0,2,45,mismatch(e976b219!=38f960dd),load-fail-module-layout,load-fail-crc,_raw_spin_lock=crc(7c62d7bb!=ba8fbd64);_raw_spin_unlock=crc(7c62d7bb!=b5b54b34);_printk=crc(16b5b21d!=92997ed8);sprintf=crc(69b7acda!=3c3ff9fd);sscanf=crc(f5197fd4!=bcab6ee6);__stack_chk_fail=crc(d272d446!=f0fdf6cb);snprintf=crc(f4386284!=656e4a6e);_raw_spin_lock_irqsave=crc(aa615763!=34db050b)
oplus_sensor_ir_core,oplus_sensor_ir_core,device/oneplus/infiniti-kernel/oplus_sensor_ir_core.ko,misc,1,0,30,0,0,0,1,29,mismatch(e976b219!=38f960dd),load-fail-module-layout,load-fail-crc,_printk=crc(16b5b21d!=92997ed8);panic=crc(1127e91b!=f1e046cc);__platform_driver_register=crc(26d0cf2d!=dda9df08);platform_driver_unregister=crc(8af50346!=3af3024b);mem_alloc_profiling_key=crc(8ee1928d!=0f05f001);kmalloc_caches=crc(d6ce5659!=559b0832);__kmalloc_cache_noprof=crc(6cc46e45!=57abd7cf);misc_register=crc(d9a13df1!=0a4bc86f)
oplus_sensor_kookong_ir_spi,oplus_sensor_kookong_ir_spi,device/oneplus/infiniti-kernel/oplus_sensor_kookong_ir_spi.ko,misc,1,0,19,0,0,0,4,15,mismatch(e976b219!=38f960dd),load-fail-module-layout,load-fail-crc,_printk=crc(16b5b21d!=92997ed8);memset=crc(110f4d3a!=dcb764ad);mem_alloc_profiling_key=crc(8ee1928d!=0f05f001);__alloc_pages_noprof=crc(4a725814!=04805c72);kasan_flag_enabled=missing;oplus_ir_to_hw_data=missing;spi_sync=crc(4ad5af94!=956e4cca);__free_pages=crc(d6fc32c6!=f5faad8a)
oplus_standby_netlink,oplus_standby_netlink,device/oneplus/infiniti-kernel/oplus_standby_netlink.ko,misc,0,0,22,0,0,0,4,18,mismatch(e976b219!=38f960dd),load-fail-module-layout,load-fail-crc,__alloc_skb=crc(f9414958!=8a292505);genlmsg_put=crc(a1bf231c!=35179be6);sk_skb_reason_drop=crc(3334991b!=88ec2462);_printk=crc(16b5b21d!=92997ed8);strlen=crc(90d19584!=98cf60b3);nla_put=crc(d7e32719!=f9a61ed4);kfree=crc(31359e90!=037a0cba);netlink_unicast=crc(89ebab58!=981467e1)
oplus_sync_fence,oplus_sync_fence,device/oneplus/infiniti-kernel/oplus_sync_fence.ko,misc,1,0,61,0,0,0,0,61,mismatch(e976b219!=38f960dd),load-fail-module-layout,load-fail-crc,strlen=crc(90d19584!=98cf60b3);trace_event_buffer_reserve=crc(40964d00!=ef09c050);memcpy=crc(8a7493b2!=4829a47e);trace_event_buffer_commit=crc(ffe3783c!=f95e6f0d);__trace_trigger_soft_disabled=crc(cb5e01d7!=dd84a68a);__stack_chk_fail=crc(d272d446!=f0fdf6cb);perf_trace_buf_alloc=crc(231ad1b8!=2d2c902f);perf_trace_run_bpf_submit=crc(2a290ade!=1c86eaa7)
oplus_sys_hans,oplus_sys_hans,device/oneplus/infiniti-kernel/oplus_sys_hans.ko,misc,0,0,48,0,0,0,1,47,mismatch(e976b219!=38f960dd),load-fail-module-layout,load-fail-crc,sized_strscpy=crc(8f8e273c!=476b165a);__alloc_skb=crc(f9414958!=8a292505);genlmsg_put=crc(a1bf231c!=35179be6);nla_put=crc(d7e32719!=f9a61ed4);init_net=crc(853101e3!=66460e0d);netlink_unicast=crc(89ebab58!=981467e1);_printk=crc(16b5b21d!=92997ed8);sk_skb_reason_drop=crc(3334991b!=88ec2462)
oplus_sys_stability_helper,oplus_sys_stability_helper,device/oneplus/infiniti-kernel/oplus_sys_stability_helper.ko,misc,0,0,75,0,0,0,0,75,mismatch(e976b219!=38f960dd),load-fail-module-layout,load-fail-crc,___ratelimit=crc(a3384a5c!=f5edea2e);kmem_cache_free=crc(a538a198!=e8386ccf);_printk=crc(16b5b21d!=92997ed8);__stack_chk_fail=crc(d272d446!=f0fdf6cb);__rcu_read_lock=crc(d272d446!=8d522714);__rcu_read_unlock=crc(d272d446!=2469810f);strcmp=crc(f5df0401!=e2d5255a);ktime_get=crc(ff9a6e5c!=b43f9365)
oplus_typec_switch_i2c,oplus_typec_switch_i2c,device/oneplus/infiniti-kernel/oplus_typec_switch_i2c.ko,misc,0,0,42,0,0,0,4,38,mismatch(e976b219!=38f960dd),load-fail-module-layout,load-fail-crc,i2c_find_device_by_fwnode=crc(c0f0f844!=d101c44e);_printk=crc(16b5b21d!=92997ed8);_dev_info=crc(6b10178d!=8dacace4);blocking_notifier_chain_register=crc(bde3e279!=bb0c86a5);mutex_lock=crc(995658e3!=d5977bfb);usleep_range_state=crc(fdbae8c6!=c3055d20);regmap_write=crc(8b1835dc!=eab872a6);regmap_read=crc(23aa8f00!=61488f9c)
oplus_uprobe,oplus_uprobe,device/oneplus/infiniti-kernel/oplus_uprobe.ko,misc,0,0,50,0,0,0,2,48,mismatch(e976b219!=38f960dd),load-fail-module-layout,load-fail-crc,init_task=crc(35075030!=8780cdbc);strcmp=crc(f5df0401!=e2d5255a);strchr=crc(c5f883ea!=349cba85);pr_storage=missing;mem_alloc_profiling_key=crc(8ee1928d!=0f05f001);kmalloc_caches=crc(d6ce5659!=559b0832);__kmalloc_cache_noprof=crc(6cc46e45!=57abd7cf);strstr=crc(719e716c!=1e6d26a8)
oplus_wifi_wsa,oplus_wifi_wsa,device/oneplus/infiniti-kernel/oplus_wifi_wsa.ko,misc,0,0,14,0,0,0,0,14,mismatch(e976b219!=38f960dd),load-fail-module-layout,load-fail-crc,__platform_driver_register=crc(26d0cf2d!=dda9df08);genl_register_family=crc(576db919!=47c36fbe);_printk=crc(16b5b21d!=92997ed8);genl_unregister_family=crc(66601109!=6cb2a46a);platform_driver_unregister=crc(8af50346!=3af3024b);kstrtoll=crc(43dff603!=3854774b);pinctrl_select_state=crc(5be6d775!=9bbeda9a);__const_udelay=crc(b7d17430!=eae3dfd6)
oplus_wificapcenter,oplus_wificapcenter,device/oneplus/infiniti-kernel/oplus_wificapcenter.ko,misc,0,0,18,0,0,0,0,18,mismatch(e976b219!=38f960dd),load-fail-module-layout,load-fail-crc,_printk=crc(16b5b21d!=92997ed8);genl_register_family=crc(576db919!=47c36fbe);init_timer_key=crc(534026f3!=c6f46339);genl_unregister_family=crc(66601109!=6cb2a46a);timer_delete=crc(5f54576f!=dc0e4855);mutex_lock=crc(995658e3!=d5977bfb);mutex_unlock=crc(995658e3!=ed55cabd);memset=crc(110f4d3a!=dcb764ad)
oplus_wq_dynamic_priority,oplus_wq_dynamic_priority,device/oneplus/infiniti-kernel/oplus_wq_dynamic_priority.ko,misc,0,0,18,0,0,0,1,17,mismatch(e976b219!=38f960dd),load-fail-module-layout,load-fail-crc,register_kprobe=crc(cca4d86f!=0472cf3b);for_each_kernel_tracepoint=crc(9f72f693!=0a9df53d);alloc_workqueue_attrs=crc(4759e293!=4d63c3db);alloc_workqueue=crc(c531e61f!=49cd25ed);destroy_workqueue=crc(c3325950!=8c03d20c);free_workqueue_attrs=crc(593f24c0!=f33f16d3);_printk=crc(16b5b21d!=92997ed8);tracepoint_probe_unregister=crc(15cb871d!=b980dc42)
osml_monitor,osml_monitor,device/oneplus/infiniti-kernel/osml_monitor.ko,misc,0,0,78,0,0,0,0,78,mismatch(e976b219!=38f960dd),load-fail-module-layout,load-fail-crc,_printk=crc(16b5b21d!=92997ed8);__cpu_possible_mask=crc(4e994f70!=de7ece30);__sw_hweight64=crc(be1fa9a4!=9f46ced8);cpu_topology=crc(545a6fb7!=e4bc4b09);proc_create=crc(bcb84f5d!=4c5e9ba6);kthread_create_on_node=crc(7672ba8d!=d3bb11aa);wake_up_process=crc(b40d9875!=c6fb9341);alloc_workqueue=crc(c531e61f!=49cd25ed)
panel_event_notifier,panel_event_notifier,device/oneplus/infiniti-kernel/panel_event_notifier.ko,misc,1,0,4,0,0,0,0,4,mismatch(e976b219!=38f960dd),load-fail-module-layout,load-fail-crc,mutex_lock=crc(995658e3!=d5977bfb);mutex_unlock=crc(995658e3!=ed55cabd);_printk=crc(16b5b21d!=92997ed8);module_layout=crc(e976b219!=38f960dd)
pci-msm-drv,pci_msm_drv,device/oneplus/infiniti-kernel/pci-msm-drv.ko,misc,1,0,201,0,0,0,5,196,mismatch(e976b219!=38f960dd),load-fail-module-layout,load-fail-crc,_raw_spin_lock_irqsave=crc(aa615763!=34db050b);_raw_spin_unlock_irqrestore=crc(582af1c8!=d35cce70);log_write_mmio=crc(295b83ed!=c905402b);log_post_write_mmio=crc(295b83ed!=fa4d3c24);__of_parse_phandle_with_args=crc(e99699d5!=64cc5fec);of_device_is_compatible=crc(c993f0e5!=9be608c5);of_find_property=crc(9a0c7532!=4d1675b6);mem_alloc_profiling_key=crc(8ee1928d!=0f05f001)
pcie-pdc,pcie_pdc,device/oneplus/infiniti-kernel/pcie-pdc.ko,misc,1,0,9,0,0,0,0,9,mismatch(e976b219!=38f960dd),load-fail-module-layout,load-fail-crc,_raw_spin_lock_irqsave=crc(aa615763!=34db050b);_raw_spin_unlock_irqrestore=crc(582af1c8!=d35cce70);__platform_driver_register=crc(26d0cf2d!=dda9df08);platform_driver_unregister=crc(8af50346!=3af3024b);log_write_mmio=crc(295b83ed!=c905402b);log_post_write_mmio=crc(295b83ed!=fa4d3c24);devm_platform_ioremap_resource=crc(acb53535!=bb5ea6b9);of_device_get_match_data=crc(be4e2011!=218d268b)
pdr_interface,pdr_interface,device/oneplus/infiniti-kernel/pdr_interface.ko,misc,1,0,46,0,0,0,0,46,mismatch(e976b219!=38f960dd),load-fail-module-layout,load-fail-crc,strlen=crc(90d19584!=98cf60b3);mem_alloc_profiling_key=crc(8ee1928d!=0f05f001);kmalloc_caches=crc(d6ce5659!=559b0832);__kmalloc_cache_noprof=crc(6cc46e45!=57abd7cf);strnlen=crc(b5bedffb!=a916b694);sized_strscpy=crc(8f8e273c!=476b165a);mutex_lock=crc(995658e3!=d5977bfb);strcmp=crc(f5df0401!=e2d5255a)
phy-generic,phy_generic,device/oneplus/infiniti-kernel/phy-generic.ko,misc,1,0,32,0,0,0,0,32,mismatch(e976b219!=38f960dd),load-fail-module-layout,load-fail-crc,platform_device_register_full=crc(0c789b7f!=d3fad564);__stack_chk_fail=crc(d272d446!=f0fdf6cb);platform_device_unregister=crc(34abe26a!=74e3bf10);regulator_enable=crc(3d3e5d40!=a76379ed);gpiod_set_value_cansleep=crc(ffbbe456!=5c93679c);usleep_range_state=crc(fdbae8c6!=c3055d20);clk_prepare=crc(6b710bab!=7c9a7371);clk_enable=crc(6b710bab!=815588a6)
phy-msm-m31-eusb2,phy_msm_m31_eusb2,device/oneplus/infiniti-kernel/phy-msm-m31-eusb2.ko,misc,1,0,46,0,0,0,1,45,mismatch(e976b219!=38f960dd),load-fail-module-layout,load-fail-crc,__platform_driver_register=crc(26d0cf2d!=dda9df08);platform_driver_unregister=crc(8af50346!=3af3024b);devm_kmalloc=crc(d1263f9d!=9601551a);of_device_get_match_data=crc(be4e2011!=218d268b);devm_usb_get_repeater_by_phandle=missing;platform_get_resource_byname=crc(cc1c0f0f!=ddf84c88);devm_ioremap_resource=crc(fc3a1f89!=12cfb69d);devm_clk_get=crc(f92eae1a!=4177572f)
phy-msm-ssusb-qmp,phy_msm_ssusb_qmp,device/oneplus/infiniti-kernel/phy-msm-ssusb-qmp.ko,misc,1,0,42,0,0,0,0,42,mismatch(e976b219!=38f960dd),load-fail-module-layout,load-fail-crc,__platform_driver_register=crc(26d0cf2d!=dda9df08);platform_driver_unregister=crc(8af50346!=3af3024b);devm_kmalloc=crc(d1263f9d!=9601551a);of_device_is_compatible=crc(c993f0e5!=9be608c5);devm_clk_get=crc(f92eae1a!=4177572f);clk_round_rate=crc(10eac6d8!=43f81957);clk_set_rate=crc(8a847c1d!=76d9b876);of_property_match_string=crc(8249f9a8!=463ff278)
phy-qcom-emu,phy_qcom_emu,device/oneplus/infiniti-kernel/phy-qcom-emu.ko,misc,1,0,20,0,0,0,0,20,mismatch(e976b219!=38f960dd),load-fail-module-layout,load-fail-crc,__platform_driver_register=crc(26d0cf2d!=dda9df08);platform_driver_unregister=crc(8af50346!=3af3024b);devm_kmalloc=crc(d1263f9d!=9601551a);platform_get_resource=crc(1b038a1f!=7b3363db);devm_ioremap_resource=crc(fc3a1f89!=12cfb69d);of_get_property=crc(25eb83ce!=97bbda8e);of_property_read_variable_u32_array=crc(5de0294f!=e46d1c95);usb_add_phy_dev=crc(6235f5d1!=687d7072)
phy-qcom-eusb2-repeater,phy_qcom_eusb2_repeater,device/oneplus/infiniti-kernel/phy-qcom-eusb2-repeater.ko,misc,0,0,21,0,0,0,0,21,mismatch(e976b219!=38f960dd),load-fail-module-layout,load-fail-crc,__platform_driver_register=crc(26d0cf2d!=dda9df08);platform_driver_unregister=crc(8af50346!=3af3024b);devm_kmalloc=crc(d1263f9d!=9601551a);of_device_get_match_data=crc(be4e2011!=218d268b);dev_get_regmap=crc(38acd0f5!=3e1dc6b6);of_property_read_variable_u32_array=crc(5de0294f!=e46d1c95);devm_regulator_bulk_get=crc(d29c3436!=c83eb73c);devm_phy_create=crc(c2a6a583!=6d013c3f)
phy-qcom-m31-eusb2,phy_qcom_m31_eusb2,device/oneplus/infiniti-kernel/phy-qcom-m31-eusb2.ko,misc,0,0,37,0,0,0,0,37,mismatch(e976b219!=38f960dd),load-fail-module-layout,load-fail-crc,__platform_driver_register=crc(26d0cf2d!=dda9df08);platform_driver_unregister=crc(8af50346!=3af3024b);devm_kmalloc=crc(d1263f9d!=9601551a);device_get_match_data=crc(baf0ac54!=7862b16c);devm_platform_ioremap_resource=crc(acb53535!=bb5ea6b9);devm_platform_ioremap_resource_byname=crc(06035847!=0f2c52ec);__devm_reset_control_get=crc(626736d3!=688aed38);devm_clk_get=crc(f92eae1a!=4177572f)
phy-qcom-qmp-combo,phy_qcom_qmp_combo,device/oneplus/infiniti-kernel/phy-qcom-qmp-combo.ko,misc,0,0,61,0,0,0,0,61,mismatch(e976b219!=38f960dd),load-fail-module-layout,load-fail-crc,__platform_driver_register=crc(26d0cf2d!=dda9df08);platform_driver_unregister=crc(8af50346!=3af3024b);clk_set_rate=crc(8a847c1d!=76d9b876);ktime_get=crc(ff9a6e5c!=b43f9365);usleep_range_state=crc(fdbae8c6!=c3055d20);__const_udelay=crc(b7d17430!=eae3dfd6);log_write_mmio=crc(295b83ed!=c905402b);log_post_write_mmio=crc(295b83ed!=fa4d3c24)
phy-qcom-ufs-qmp-v4-canoe,phy_qcom_ufs_qmp_v4_canoe,device/oneplus/infiniti-kernel/phy-qcom-ufs-qmp-v4-canoe.ko,misc,0,0,27,0,0,0,0,27,mismatch(e976b219!=38f960dd),load-fail-module-layout,load-fail-crc,__platform_driver_register=crc(26d0cf2d!=dda9df08);platform_driver_unregister=crc(8af50346!=3af3024b);devm_kmalloc=crc(d1263f9d!=9601551a);ufs_qcom_phy_generic_probe=crc(1fd022e6!=1eeb054a);_dev_err=crc(6b10178d!=89c10d29);ufs_qcom_phy_init_clks=crc(c4f3e52a!=3bbc451c);ufs_qcom_phy_init_vregulators=crc(c4f3e52a!=807410e2);ufs_qcom_phy_get_reset=crc(c4f3e52a!=48936c07)
phy-qcom-ufs-qrbtc-sdm845,phy_qcom_ufs_qrbtc_sdm845,device/oneplus/infiniti-kernel/phy-qcom-ufs-qrbtc-sdm845.ko,misc,0,0,20,0,0,0,0,20,mismatch(e976b219!=38f960dd),load-fail-module-layout,load-fail-crc,__platform_driver_register=crc(26d0cf2d!=dda9df08);platform_driver_unregister=crc(8af50346!=3af3024b);devm_kmalloc=crc(d1263f9d!=9601551a);ufs_qcom_phy_generic_probe=crc(1fd022e6!=1eeb054a);_dev_err=crc(6b10178d!=89c10d29);get_ufs_qcom_phy=crc(13c09ac5!=a6d3d489);of_property_read_variable_u32_array=crc(5de0294f!=e46d1c95);arm64_use_ng_mappings=crc(3239fbdb!=af56600a)
phy-qcom-ufs,phy_qcom_ufs,device/oneplus/infiniti-kernel/phy-qcom-ufs.ko,misc,0,0,41,0,0,0,0,41,mismatch(e976b219!=38f960dd),load-fail-module-layout,load-fail-crc,log_write_mmio=crc(295b83ed!=c905402b);log_post_write_mmio=crc(295b83ed!=fa4d3c24);reset_control_assert=crc(e9d03f05!=6c4b6684);reset_control_deassert=crc(e9d03f05!=b2210d64);_dev_err=crc(6b10178d!=89c10d29);platform_get_resource_byname=crc(cc1c0f0f!=ddf84c88);devm_ioremap_resource=crc(fc3a1f89!=12cfb69d);of_phy_simple_xlate=crc(420b31aa!=d513d09a)
pinctrl-alor,pinctrl_alor,device/oneplus/infiniti-kernel/pinctrl-alor.ko,misc,0,0,6,0,0,0,0,6,mismatch(e976b219!=38f960dd),load-fail-module-layout,load-fail-crc,__platform_driver_register=crc(26d0cf2d!=dda9df08);platform_driver_unregister=crc(8af50346!=3af3024b);of_device_get_match_data=crc(be4e2011!=218d268b);msm_pinctrl_probe=crc(9b7cc5a6!=17562f2c);msm_pinctrl_remove=crc(f0265e8f!=b9568215);module_layout=crc(e976b219!=38f960dd)
pinctrl-canoe,pinctrl_canoe,device/oneplus/infiniti-kernel/pinctrl-canoe.ko,misc,0,0,7,0,0,0,0,7,mismatch(e976b219!=38f960dd),load-fail-module-layout,load-fail-crc,__platform_driver_register=crc(26d0cf2d!=dda9df08);platform_driver_unregister=crc(8af50346!=3af3024b);of_device_get_match_data=crc(be4e2011!=218d268b);msm_pinctrl_probe=crc(9b7cc5a6!=17562f2c);msm_pinctrl_remove=crc(f0265e8f!=b9568215);noirq_msm_pinctrl_dev_pm_ops=crc(fa149561!=9b13f6c4);module_layout=crc(e976b219!=38f960dd)
pinctrl-chora,pinctrl_chora,device/oneplus/infiniti-kernel/pinctrl-chora.ko,misc,0,0,6,0,0,0,0,6,mismatch(e976b219!=38f960dd),load-fail-module-layout,load-fail-crc,__platform_driver_register=crc(26d0cf2d!=dda9df08);platform_driver_unregister=crc(8af50346!=3af3024b);of_device_get_match_data=crc(be4e2011!=218d268b);msm_pinctrl_probe=crc(9b7cc5a6!=17562f2c);msm_pinctrl_remove=crc(f0265e8f!=b9568215);module_layout=crc(e976b219!=38f960dd)
pinctrl-msm,pinctrl_msm,device/oneplus/infiniti-kernel/pinctrl-msm.ko,misc,0,0,94,0,0,0,0,94,mismatch(e976b219!=38f960dd),load-fail-module-layout,load-fail-crc,pinctrl_force_sleep=crc(11dfe278!=ac0d9f04);pinctrl_force_default=crc(11dfe278!=5f2f0915);_printk_deferred=crc(16b5b21d!=1e19eb6c);gpiochip_get_data=crc(2aaa38ba!=fea64f3f);gpiochip_line_is_valid=crc(1efaf1b4!=9ce59fab);__stack_chk_fail=crc(d272d446!=f0fdf6cb);_raw_spin_lock_irqsave=crc(aa615763!=34db050b);_raw_spin_unlock_irqrestore=crc(582af1c8!=d35cce70)
pinctrl-spmi-gpio,pinctrl_spmi_gpio,device/oneplus/infiniti-kernel/pinctrl-spmi-gpio.ko,misc,1,0,41,0,0,0,0,41,mismatch(e976b219!=38f960dd),load-fail-module-layout,load-fail-crc,__platform_driver_register=crc(26d0cf2d!=dda9df08);platform_driver_unregister=crc(8af50346!=3af3024b);of_property_read_variable_u32_array=crc(5de0294f!=e46d1c95);device_get_match_data=crc(baf0ac54!=7862b16c);devm_kmalloc=crc(d1263f9d!=9601551a);dev_get_regmap=crc(38acd0f5!=3e1dc6b6);regmap_read=crc(23aa8f00!=61488f9c);memcpy=crc(8a7493b2!=4829a47e)
pinctrl-spmi-mpp,pinctrl_spmi_mpp,device/oneplus/infiniti-kernel/pinctrl-spmi-mpp.ko,misc,1,0,39,0,0,0,0,39,mismatch(e976b219!=38f960dd),load-fail-module-layout,load-fail-crc,__platform_driver_register=crc(26d0cf2d!=dda9df08);platform_driver_unregister=crc(8af50346!=3af3024b);of_property_read_variable_u32_array=crc(5de0294f!=e46d1c95);device_get_match_data=crc(baf0ac54!=7862b16c);devm_kmalloc=crc(d1263f9d!=9601551a);dev_get_regmap=crc(38acd0f5!=3e1dc6b6);regmap_read=crc(23aa8f00!=61488f9c);memcpy=crc(8a7493b2!=4829a47e)
pinctrl_lpi_dlkm,pinctrl_lpi_dlkm,device/oneplus/infiniti-kernel/pinctrl_lpi_dlkm.ko,misc,1,0,49,0,0,0,9,40,mismatch(e976b219!=38f960dd),load-fail-module-layout,load-fail-crc,mutex_lock=crc(995658e3!=d5977bfb);digital_cdc_rsc_mgr_hw_vote_disable=missing;mutex_unlock=crc(995658e3!=ed55cabd);__pm_runtime_disable=crc(18a6f2bd!=185d009c);__pm_runtime_set_status=crc(b7a7c919!=fbc30093);pm_runtime_enable=crc(5255a8ce!=9c1b72c4);digital_cdc_rsc_mgr_hw_vote_enable=missing;pm_runtime_set_autosuspend_delay=crc(eed67a01!=657b0b99)
platform_mpam,platform_mpam,device/oneplus/infiniti-kernel/platform_mpam.ko,misc,1,0,34,0,0,0,7,27,mismatch(e976b219!=38f960dd),load-fail-module-layout,load-fail-crc,__platform_driver_register=crc(26d0cf2d!=dda9df08);platform_driver_unregister=crc(8af50346!=3af3024b);qcom_mpam_get_version=missing;config_group_init=crc(08b36008!=922e19e9);__mutex_init=crc(81d49dc6!=a571f6b0);configfs_register_subsystem=crc(ef521fee!=1e804d78);of_get_next_child=crc(f2308994!=63cc3e7d);of_property_read_string_helper=crc(a5f75b8e!=85296651)
pm8941-pwrkey,pm8941_pwrkey,device/oneplus/infiniti-kernel/pm8941-pwrkey.ko,regulator-pmic,1,0,30,0,0,0,0,30,mismatch(e976b219!=38f960dd),load-fail-module-layout,load-fail-crc,__platform_driver_register=crc(26d0cf2d!=dda9df08);platform_driver_unregister=crc(8af50346!=3af3024b);of_property_read_variable_u32_array=crc(5de0294f!=e46d1c95);_dev_err=crc(6b10178d!=89c10d29);of_find_property=crc(9a0c7532!=4d1675b6);devm_kmalloc=crc(d1263f9d!=9601551a);of_device_get_match_data=crc(be4e2011!=218d268b);dev_get_regmap=crc(38acd0f5!=3e1dc6b6)
pmic-glink-debug,pmic_glink_debug,device/oneplus/infiniti-kernel/pmic-glink-debug.ko,regulator-pmic,1,0,28,0,0,0,0,28,mismatch(e976b219!=38f960dd),load-fail-module-layout,load-fail-crc,__platform_driver_register=crc(26d0cf2d!=dda9df08);platform_driver_unregister=crc(8af50346!=3af3024b);devm_kmalloc=crc(d1263f9d!=9601551a);__mutex_init=crc(81d49dc6!=a571f6b0);__init_swait_queue_head=crc(d4e429b7!=608741b5);device_get_next_child_node=crc(eccb4a48!=dd954728);fwnode_property_read_string=crc(9ba07448!=bdd97d71);strcmp=crc(f5df0401!=e2d5255a)
pmic-pon-log,pmic_pon_log,device/oneplus/infiniti-kernel/pmic-pon-log.ko,regulator-pmic,0,0,16,0,0,0,3,13,mismatch(e976b219!=38f960dd),load-fail-module-layout,load-fail-crc,__platform_driver_register=crc(26d0cf2d!=dda9df08);platform_driver_unregister=crc(8af50346!=3af3024b);devm_kmalloc=crc(d1263f9d!=9601551a);of_count_phandle_with_args=crc(8144ad5b!=a0ad1501);scnprintf=crc(f4386284!=96848186);devm_nvmem_device_get=crc(b070a40c!=684a224b);_dev_err=crc(6b10178d!=89c10d29);nvmem_device_read=crc(9cf885fe!=5c4a7885)
proxy-consumer,proxy_consumer,device/oneplus/infiniti-kernel/proxy-consumer.ko,misc,0,0,24,0,0,0,0,24,mismatch(e976b219!=38f960dd),load-fail-module-layout,load-fail-crc,of_find_property=crc(9a0c7532!=4d1675b6);mutex_lock=crc(995658e3!=d5977bfb);mem_alloc_profiling_key=crc(8ee1928d!=0f05f001);kmalloc_caches=crc(d6ce5659!=559b0832);__kmalloc_cache_noprof=crc(6cc46e45!=57abd7cf);of_property_read_variable_u32_array=crc(5de0294f!=e46d1c95);of_property_read_string=crc(fc9f25c0!=27bdd89b);regulator_get=crc(5c7a3bfa!=09fc0c45)
q6_dlkm,q6_dlkm,device/oneplus/infiniti-kernel/q6_dlkm.ko,audio,1,0,7,0,0,0,0,7,mismatch(e976b219!=38f960dd),load-fail-module-layout,load-fail-crc,atomic_notifier_chain_register=crc(d4b63632!=2b9997fb);atomic_notifier_chain_unregister=crc(d4b63632!=7181db30);atomic_notifier_call_chain=crc(c4b2b008!=d3752c27);blocking_notifier_chain_register=crc(bde3e279!=bb0c86a5);blocking_notifier_chain_unregister=crc(bde3e279!=963aa2a9);blocking_notifier_call_chain=crc(559ff49a!=8317ad7c);module_layout=crc(e976b219!=38f960dd)
q6_notifier_dlkm,q6_notifier_dlkm,device/oneplus/infiniti-kernel/q6_notifier_dlkm.ko,audio,1,0,32,0,0,0,2,30,mismatch(e976b219!=38f960dd),load-fail-module-layout,load-fail-crc,___ratelimit=crc(a3384a5c!=f5edea2e);strcmp=crc(f5df0401!=e2d5255a);_printk=crc(16b5b21d!=92997ed8);audio_pdr_service_deregister=missing;mutex_lock=crc(995658e3!=d5977bfb);mutex_unlock=crc(995658e3!=ed55cabd);srcu_notifier_chain_unregister=crc(032feba8!=70049d00);kfree=crc(31359e90!=037a0cba)
q6_pdr_dlkm,q6_pdr_dlkm,device/oneplus/infiniti-kernel/q6_pdr_dlkm.ko,audio,1,0,5,0,0,0,0,5,mismatch(e976b219!=38f960dd),load-fail-module-layout,load-fail-crc,pdr_handle_alloc=crc(9f786dec!=47b2ed49);pdr_add_lookup=crc(1668891b!=432975e6);_printk=crc(16b5b21d!=92997ed8);pdr_handle_release=crc(e37e953d!=f618ca5b);module_layout=crc(e976b219!=38f960dd)
qbt_handler,qbt_handler,device/oneplus/infiniti-kernel/qbt_handler.ko,misc,0,0,68,0,0,0,0,68,mismatch(e976b219!=38f960dd),load-fail-module-layout,load-fail-crc,_printk=crc(16b5b21d!=92997ed8);__platform_driver_register=crc(26d0cf2d!=dda9df08);platform_driver_unregister=crc(8af50346!=3af3024b);devm_kmalloc=crc(d1263f9d!=9601551a);of_get_named_gpio=crc(08f8b82c!=60133d8b);__mutex_init=crc(81d49dc6!=a571f6b0);alloc_chrdev_region=crc(a5dac1ce!=e3ec2f2b);cdev_init=crc(c6764f2d!=f73fc634)
qca_cld3_kiwi_v2,qca_cld3_kiwi_v2,device/oneplus/infiniti-kernel/qca_cld3_kiwi_v2.ko,wlan,0,0,583,0,0,0,108,475,mismatch(e976b219!=38f960dd),load-fail-module-layout,load-fail-crc,scnprintf=crc(f4386284!=96848186);alt_cb_patch_nops=crc(b8c8345a!=a65c6def);_raw_spin_lock=crc(7c62d7bb!=ba8fbd64);_raw_spin_unlock=crc(7c62d7bb!=b5b54b34);_raw_spin_unlock_bh=crc(7c62d7bb!=e46021ca);_raw_spin_lock_bh=crc(7c62d7bb!=0c3690fc);sized_strscpy=crc(8f8e273c!=476b165a);__stack_chk_fail=crc(d272d446!=f0fdf6cb)
qca_cld3_peach_v2,qca_cld3_peach_v2,device/oneplus/infiniti-kernel/qca_cld3_peach_v2.ko,wlan,1,0,598,0,0,0,111,487,mismatch(e976b219!=38f960dd),load-fail-module-layout,load-fail-crc,scnprintf=crc(f4386284!=96848186);alt_cb_patch_nops=crc(b8c8345a!=a65c6def);_raw_spin_lock=crc(7c62d7bb!=ba8fbd64);_raw_spin_unlock=crc(7c62d7bb!=b5b54b34);_raw_spin_unlock_bh=crc(7c62d7bb!=e46021ca);_raw_spin_lock_bh=crc(7c62d7bb!=0c3690fc);sized_strscpy=crc(8f8e273c!=476b165a);__stack_chk_fail=crc(d272d446!=f0fdf6cb)
qca_cld3_wcn7750,qca_cld3_wcn7750,device/oneplus/infiniti-kernel/qca_cld3_wcn7750.ko,wlan,0,0,559,0,0,0,85,474,mismatch(e976b219!=38f960dd),load-fail-module-layout,load-fail-crc,scnprintf=crc(f4386284!=96848186);alt_cb_patch_nops=crc(b8c8345a!=a65c6def);_raw_spin_lock=crc(7c62d7bb!=ba8fbd64);_raw_spin_unlock=crc(7c62d7bb!=b5b54b34);_raw_spin_unlock_bh=crc(7c62d7bb!=e46021ca);_raw_spin_lock_bh=crc(7c62d7bb!=0c3690fc);sized_strscpy=crc(8f8e273c!=476b165a);__stack_chk_fail=crc(d272d446!=f0fdf6cb)
qce50_dlkm,qce50_dlkm,device/oneplus/infiniti-kernel/qce50_dlkm.ko,secure,1,0,78,0,0,0,1,77,mismatch(e976b219!=38f960dd),load-fail-module-layout,load-fail-crc,_printk=crc(16b5b21d!=92997ed8);log_read_mmio=crc(f5e9ca2e!=6b722180);log_post_read_mmio=crc(ec62c96b!=0c1a5ee3);sps_bam_enable_irqs=crc(d8cedbfd!=96ccda4a);sps_bam_disable_irqs=crc(d8cedbfd!=96d962ca);sps_pipe_reset=crc(cd8e75a6!=5e208f0e);sps_disconnect=crc(4307aada!=31a85ef3);memset=crc(110f4d3a!=dcb764ad)
qcedev-mod_dlkm,qcedev_mod_dlkm,device/oneplus/infiniti-kernel/qcedev-mod_dlkm.ko,secure,1,0,91,0,0,0,12,79,mismatch(e976b219!=38f960dd),load-fail-module-layout,load-fail-crc,mem_alloc_profiling_key=crc(8ee1928d!=0f05f001);kmalloc_caches=crc(d6ce5659!=559b0832);__kmalloc_cache_noprof=crc(6cc46e45!=57abd7cf);kfree=crc(31359e90!=037a0cba);alt_cb_patch_nops=crc(b8c8345a!=a65c6def);__tasklet_schedule=crc(d2f2bc67!=9d2ab8ac);memcpy=crc(8a7493b2!=4829a47e);__warn_printk=crc(1127e91b!=56470118)
qcom-amoled-regulator,qcom_amoled_regulator,device/oneplus/infiniti-kernel/qcom-amoled-regulator.ko,regulator-pmic,1,0,23,0,0,0,1,22,mismatch(e976b219!=38f960dd),load-fail-module-layout,load-fail-crc,__platform_driver_register=crc(26d0cf2d!=dda9df08);platform_driver_unregister=crc(8af50346!=3af3024b);devm_kmalloc=crc(d1263f9d!=9601551a);dev_get_regmap=crc(38acd0f5!=3e1dc6b6);of_get_next_available_child=crc(f2308994!=65f0b02d);of_find_property=crc(9a0c7532!=4d1675b6);__of_get_address=crc(c07a2e81!=d3aef5db);regmap_bulk_read=crc(230bd3d9!=b17e0eab)
qcom-dcvs,qcom_dcvs,device/oneplus/infiniti-kernel/qcom-dcvs.ko,misc,0,0,68,0,0,0,1,67,mismatch(e976b219!=38f960dd),load-fail-module-layout,load-fail-crc,mutex_lock=crc(995658e3!=d5977bfb);strcmp=crc(f5df0401!=e2d5255a);mutex_unlock=crc(995658e3!=ed55cabd);__cpu_online_mask=crc(4e994f70!=ac594e02);preempt_schedule_notrace=crc(d272d446!=f70e4a4d);__stack_chk_fail=crc(d272d446!=f0fdf6cb);mem_alloc_profiling_key=crc(8ee1928d!=0f05f001);kmalloc_caches=crc(d6ce5659!=559b0832)
qcom-dload-mode,qcom_dload_mode,device/oneplus/infiniti-kernel/qcom-dload-mode.ko,misc,0,0,30,0,0,0,0,30,mismatch(e976b219!=38f960dd),load-fail-module-layout,load-fail-crc,__platform_driver_register=crc(26d0cf2d!=dda9df08);platform_driver_unregister=crc(8af50346!=3af3024b);param_set_int=crc(dca2caff!=4d3a8101);msm_minidump_enabled=crc(5e505530!=584e21a2);qcom_scm_set_download_mode=crc(7b11da95!=63e3c2e7);_printk=crc(16b5b21d!=92997ed8);devm_kmalloc=crc(d1263f9d!=9601551a);kernel_kobj=crc(45e1f39a!=253f9cbc)
qcom-hv-haptics,qcom_hv_haptics,device/oneplus/infiniti-kernel/qcom-hv-haptics.ko,haptic,1,0,152,0,0,0,3,149,mismatch(e976b219!=38f960dd),load-fail-module-layout,load-fail-crc,trace_event_buffer_reserve=crc(40964d00!=ef09c050);trace_event_buffer_commit=crc(ffe3783c!=f95e6f0d);__trace_trigger_soft_disabled=crc(cb5e01d7!=dd84a68a);__stack_chk_fail=crc(d272d446!=f0fdf6cb);perf_trace_buf_alloc=crc(231ad1b8!=2d2c902f);perf_trace_run_bpf_submit=crc(2a290ade!=1c86eaa7);strlen=crc(90d19584!=98cf60b3);memcpy=crc(8a7493b2!=4829a47e)
qcom-i2c-pmic,qcom_i2c_pmic,device/oneplus/infiniti-kernel/qcom-i2c-pmic.ko,regulator-pmic,1,0,39,0,0,0,0,39,mismatch(e976b219!=38f960dd),load-fail-module-layout,load-fail-crc,i2c_register_driver=crc(6f0760fb!=b84054a9);i2c_del_driver=crc(ef821497!=938a618b);devm_kmalloc=crc(d1263f9d!=9601551a);__devm_regmap_init_i2c=crc(c63976ed!=f8d84327);devm_regmap_qti_debugfs_register=crc(ea7f7efb!=41008c55);of_find_property=crc(9a0c7532!=4d1675b6);irq_domain_instantiate=crc(57b09dd6!=ba2961c9);of_property_count_elems_of_size=crc(a657ffb0!=2b5749ee)
qcom-ipcc,qcom_ipcc,device/oneplus/infiniti-kernel/qcom-ipcc.ko,misc,0,0,29,0,0,0,0,29,mismatch(e976b219!=38f960dd),load-fail-module-layout,load-fail-crc,__platform_driver_register=crc(26d0cf2d!=dda9df08);devm_kmalloc=crc(d1263f9d!=9601551a);devm_platform_ioremap_resource=crc(acb53535!=bb5ea6b9);platform_get_irq=crc(a39e1523!=c5e9775d);devm_kasprintf=crc(581ab8cd!=d831450d);irq_domain_instantiate=crc(57b09dd6!=ba2961c9);of_find_node_with_property=crc(8896e902!=cb16c19d);of_device_is_available=crc(7a32b0be!=8dcaefd7)
qcom-pdc,qcom_pdc,device/oneplus/infiniti-kernel/qcom-pdc.ko,misc,0,0,46,0,0,0,2,44,mismatch(e976b219!=38f960dd),load-fail-module-layout,load-fail-crc,__platform_driver_register=crc(26d0cf2d!=dda9df08);of_address_to_resource=crc(192350c6!=8b255845);arm64_use_ng_mappings=crc(3239fbdb!=af56600a);ioremap_prot=crc(c948ac44!=40863ba1);irq_find_matching_fwspec=crc(6080b7a9!=4f11ccc6);of_property_count_elems_of_size=crc(a657ffb0!=2b5749ee);mem_alloc_profiling_key=crc(8ee1928d!=0f05f001);__kmalloc_noprof=crc(27865ec7!=52c5c991)
qcom-pmic-ecid,qcom_pmic_ecid,device/oneplus/infiniti-kernel/qcom-pmic-ecid.ko,regulator-pmic,0,0,22,0,0,0,0,22,mismatch(e976b219!=38f960dd),load-fail-module-layout,load-fail-crc,class_register=crc(34c2451d!=7ced5682);__platform_driver_register=crc(26d0cf2d!=dda9df08);_printk=crc(16b5b21d!=92997ed8);platform_driver_unregister=crc(8af50346!=3af3024b);ida_destroy=crc(1fc406ed!=a7d5f92e);class_unregister=crc(0eaa09a8!=28c5b8a6);scnprintf=crc(f4386284!=96848186);devm_kmalloc=crc(d1263f9d!=9601551a)
qcom-pmu-lib,qcom_pmu_lib,device/oneplus/infiniti-kernel/qcom-pmu-lib.ko,misc,0,0,56,0,0,0,2,54,mismatch(e976b219!=38f960dd),load-fail-module-layout,load-fail-crc,__cpu_possible_mask=crc(4e994f70!=de7ece30);__per_cpu_offset=crc(0de4cab5!=280f9f14);_raw_spin_lock_irqsave=crc(aa615763!=34db050b);_raw_spin_unlock_irqrestore=crc(582af1c8!=d35cce70);perf_event_read_local=crc(4d2a4466!=ff14dfe1);smp_call_function_single=crc(70c855e3!=6228c21f);perf_event_read_value=crc(1ad2d791!=2c86e11d);alt_cb_patch_nops=crc(b8c8345a!=a65c6def)
qcom-pon,qcom_pon,device/oneplus/infiniti-kernel/qcom-pon.ko,misc,1,0,11,0,0,0,0,11,mismatch(e976b219!=38f960dd),load-fail-module-layout,load-fail-crc,__platform_driver_register=crc(26d0cf2d!=dda9df08);platform_driver_unregister=crc(8af50346!=3af3024b);devm_kmalloc=crc(d1263f9d!=9601551a);dev_get_regmap=crc(38acd0f5!=3e1dc6b6);of_property_read_variable_u32_array=crc(5de0294f!=e46d1c95);of_device_get_match_data=crc(be4e2011!=218d268b);devm_reboot_mode_register=crc(17956f05!=93947210);devm_of_platform_populate=crc(0bab1c4d!=1307ee5f)
qcom-reboot-reason,qcom_reboot_reason,device/oneplus/infiniti-kernel/qcom-reboot-reason.ko,misc,0,0,9,0,0,0,0,9,mismatch(e976b219!=38f960dd),load-fail-module-layout,load-fail-crc,__platform_driver_register=crc(26d0cf2d!=dda9df08);platform_driver_unregister=crc(8af50346!=3af3024b);devm_kmalloc=crc(d1263f9d!=9601551a);nvmem_cell_get=crc(8ac07a09!=6a820f4d);register_reboot_notifier=crc(0a227d4d!=3517383e);unregister_reboot_notifier=crc(0a227d4d!=ac1a55be);strcmp=crc(f5df0401!=e2d5255a);nvmem_cell_write=crc(791ba436!=202d4ed6)
qcom-rng,qcom_rng,device/oneplus/infiniti-kernel/qcom-rng.ko,misc,1,0,26,0,0,0,0,26,mismatch(e976b219!=38f960dd),load-fail-module-layout,load-fail-crc,__platform_driver_register=crc(26d0cf2d!=dda9df08);platform_driver_unregister=crc(8af50346!=3af3024b);devm_kmalloc=crc(d1263f9d!=9601551a);__mutex_init=crc(81d49dc6!=a571f6b0);devm_platform_ioremap_resource=crc(acb53535!=bb5ea6b9);devm_clk_get_optional=crc(f92eae1a!=a5906be8);device_get_match_data=crc(baf0ac54!=7862b16c);crypto_register_rng=crc(838d4313!=2c7bea8d)
qcom-scm,qcom_scm,device/oneplus/infiniti-kernel/qcom-scm.ko,firmware-virt,0,0,93,0,0,0,0,93,mismatch(e976b219!=38f960dd),load-fail-module-layout,load-fail-crc,mem_alloc_profiling_key=crc(8ee1928d!=0f05f001);kmalloc_caches=crc(d6ce5659!=559b0832);__kmalloc_cache_noprof=crc(6cc46e45!=57abd7cf);is_vmalloc_addr=crc(f159075d!=c31db0ce);dev_driver_string=crc(b24ae2ee!=fbe99e5b);__warn_printk=crc(1127e91b!=56470118);dma_map_page_attrs=crc(88e45c5f!=cfef9171);down=crc(8151efdb!=6626afca)
qcom-spmi-adc5-gen3,qcom_spmi_adc5_gen3,device/oneplus/infiniti-kernel/qcom-spmi-adc5-gen3.ko,regulator-pmic,1,0,56,0,0,0,7,49,mismatch(e976b219!=38f960dd),load-fail-module-layout,load-fail-crc,thermal_zone_device_priv=crc(414a80a5!=0aa6f8b5);qcom_adc5_hw_scale=missing;__stack_chk_fail=crc(d272d446!=f0fdf6cb);mutex_lock=crc(995658e3!=d5977bfb);regmap_bulk_read=crc(230bd3d9!=b17e0eab);regmap_bulk_write=crc(ce3989f1!=d926ffed);wait_for_completion_timeout=crc(6dc35028!=4a3ad70e);_printk=crc(16b5b21d!=92997ed8)
qcom-spmi-pmic,qcom_spmi_pmic,device/oneplus/infiniti-kernel/qcom-spmi-pmic.ko,regulator-pmic,0,0,19,0,0,0,0,19,mismatch(e976b219!=38f960dd),load-fail-module-layout,load-fail-crc,of_match_device=crc(dc0ce4b9!=a52b876a);__spmi_driver_register=crc(a6c44cec!=affc420b);driver_unregister=crc(7ec07b0d!=e861a9a2);of_find_property=crc(9a0c7532!=4d1675b6);__devm_regmap_init_spmi_ext=crc(c3446429!=dac4024c);devm_kmalloc=crc(d1263f9d!=9601551a);device_get_match_data=crc(baf0ac54!=7862b16c);of_get_parent=crc(d6c5ea50!=605e1b05)
qcom-spmi-temp-alarm,qcom_spmi_temp_alarm,device/oneplus/infiniti-kernel/qcom-spmi-temp-alarm.ko,thermal,1,0,27,0,0,0,0,27,mismatch(e976b219!=38f960dd),load-fail-module-layout,load-fail-crc,__platform_driver_register=crc(26d0cf2d!=dda9df08);platform_driver_unregister=crc(8af50346!=3af3024b);devm_kmalloc=crc(d1263f9d!=9601551a);__mutex_init=crc(81d49dc6!=a571f6b0);dev_get_regmap=crc(38acd0f5!=3e1dc6b6);of_property_read_variable_u32_array=crc(5de0294f!=e46d1c95);platform_get_irq=crc(a39e1523!=c5e9775d);devm_iio_channel_get=crc(461a83e7!=61357c05)
qcom-vadc-common,qcom_vadc_common,device/oneplus/infiniti-kernel/qcom-vadc-common.ko,regulator-pmic,1,0,2,0,0,0,0,2,mismatch(e976b219!=38f960dd),load-fail-module-layout,load-fail-crc,_printk=crc(16b5b21d!=92997ed8);module_layout=crc(e976b219!=38f960dd)
qcom_aoss,qcom_aoss,device/oneplus/infiniti-kernel/qcom_aoss.ko,misc,0,0,78,0,0,0,3,75,mismatch(e976b219!=38f960dd),load-fail-module-layout,load-fail-crc,strlen=crc(90d19584!=98cf60b3);trace_event_buffer_reserve=crc(40964d00!=ef09c050);memcpy=crc(8a7493b2!=4829a47e);trace_event_buffer_commit=crc(ffe3783c!=f95e6f0d);__trace_trigger_soft_disabled=crc(cb5e01d7!=dd84a68a);__stack_chk_fail=crc(d272d446!=f0fdf6cb);perf_trace_buf_alloc=crc(231ad1b8!=2d2c902f);perf_trace_run_bpf_submit=crc(2a290ade!=1c86eaa7)
qcom_cache_allocation,qcom_cache_allocation,device/oneplus/infiniti-kernel/qcom_cache_allocation.ko,misc,0,0,48,0,0,0,3,45,mismatch(e976b219!=38f960dd),load-fail-module-layout,load-fail-crc,trace_event_buffer_reserve=crc(40964d00!=ef09c050);trace_event_buffer_commit=crc(ffe3783c!=f95e6f0d);__trace_trigger_soft_disabled=crc(cb5e01d7!=dd84a68a);__stack_chk_fail=crc(d272d446!=f0fdf6cb);perf_trace_buf_alloc=crc(231ad1b8!=2d2c902f);perf_trace_run_bpf_submit=crc(2a290ade!=1c86eaa7);bpf_trace_run3=crc(8c4e033a!=3fa5c55f);bpf_trace_run2=crc(d3e815e9!=76f0b8d4)
qcom_cpu_vendor_hooks,qcom_cpu_vendor_hooks,device/oneplus/infiniti-kernel/qcom_cpu_vendor_hooks.ko,misc,0,0,21,0,0,0,0,21,mismatch(e976b219!=38f960dd),load-fail-module-layout,load-fail-crc,__platform_driver_register=crc(26d0cf2d!=dda9df08);platform_driver_unregister=crc(8af50346!=3af3024b);debug_symbol_available=crc(5e505530!=ddcbad69);register_syscore_ops=crc(93441c02!=b9c425de);__tracepoint_android_vh_ipi_stop=crc(7c5aa8a7!=523961c5);tracepoint_probe_register=crc(15cb871d!=5b50af89);__tracepoint_android_vh_printk_hotplug=crc(7c5aa8a7!=58c11528);__tracepoint_android_vh_timer_calc_index=crc(7c5aa8a7!=8be1ae0b)
qcom_cpucp,qcom_cpucp,device/oneplus/infiniti-kernel/qcom_cpucp.ko,misc,0,0,22,0,0,0,0,22,mismatch(e976b219!=38f960dd),load-fail-module-layout,load-fail-crc,__platform_driver_register=crc(26d0cf2d!=dda9df08);platform_driver_unregister=crc(8af50346!=3af3024b);device_get_match_data=crc(baf0ac54!=7862b16c);devm_kmalloc=crc(d1263f9d!=9601551a);platform_get_resource_byname=crc(cc1c0f0f!=ddf84c88);devm_ioremap=crc(6d7dac4a!=6e24b6a0);_dev_err=crc(6b10178d!=89c10d29);platform_get_irq=crc(a39e1523!=c5e9775d)
qcom_cpuss_sleep_stats_v4,qcom_cpuss_sleep_stats_v4,device/oneplus/infiniti-kernel/qcom_cpuss_sleep_stats_v4.ko,misc,1,0,22,0,0,0,1,21,mismatch(e976b219!=38f960dd),load-fail-module-layout,load-fail-crc,__platform_driver_register=crc(26d0cf2d!=dda9df08);platform_driver_unregister=crc(8af50346!=3af3024b);devm_kmalloc=crc(d1263f9d!=9601551a);debugfs_create_dir=crc(85212c97!=bee3c24c);of_device_is_compatible=crc(c993f0e5!=9be608c5);devm_platform_get_and_ioremap_resource=crc(f98b552a!=37e24653);of_device_get_match_data=crc(be4e2011!=218d268b);nr_cpu_ids=crc(f296206e!=017de3d5)
qcom_dma_heaps,qcom_dma_heaps,device/oneplus/infiniti-kernel/qcom_dma_heaps.ko,misc,0,0,171,0,0,0,11,160,mismatch(e976b219!=38f960dd),load-fail-module-layout,load-fail-crc,register_mtrack_debugger=missing;__platform_driver_register=crc(26d0cf2d!=dda9df08);_printk=crc(16b5b21d!=92997ed8);kfree=crc(31359e90!=037a0cba);mem_alloc_profiling_key=crc(8ee1928d!=0f05f001);kmalloc_caches=crc(d6ce5659!=559b0832);__kmalloc_cache_noprof=crc(6cc46e45!=57abd7cf);of_get_next_available_child=crc(f2308994!=65f0b02d)
qcom_dynamic_ramoops,qcom_dynamic_ramoops,device/oneplus/infiniti-kernel/qcom_dynamic_ramoops.ko,misc,1,0,11,0,0,0,0,11,mismatch(e976b219!=38f960dd),load-fail-module-layout,load-fail-crc,__platform_driver_register=crc(26d0cf2d!=dda9df08);platform_driver_unregister=crc(8af50346!=3af3024b);__of_parse_phandle_with_args=crc(e99699d5!=64cc5fec);of_reserved_mem_lookup=crc(1dec9274!=8d5ece04);devm_kmalloc=crc(d1263f9d!=9601551a);of_property_read_variable_u32_array=crc(5de0294f!=e46d1c95);platform_device_register_full=crc(0c789b7f!=d3fad564);_dev_err=crc(6b10178d!=89c10d29)
qcom_edac,qcom_edac,device/oneplus/infiniti-kernel/qcom_edac.ko,misc,1,0,17,0,0,0,0,17,mismatch(e976b219!=38f960dd),load-fail-module-layout,load-fail-crc,__platform_driver_register=crc(26d0cf2d!=dda9df08);platform_driver_unregister=crc(8af50346!=3af3024b);regmap_update_bits_base=crc(807ee877!=1ac5d5d4);regmap_write=crc(8b1835dc!=eab872a6);edac_device_alloc_index=crc(7851be11!=6e3ff83a);edac_device_alloc_ctl_info=crc(c13e104f!=69d371cf);devm_request_threaded_irq=crc(4683501f!=3f92ce93);edac_op_state=crc(7ec472ba!=b51fbd64)
qcom_fdcvs,qcom_fdcvs,device/oneplus/infiniti-kernel/qcom_fdcvs.ko,misc,0,0,18,0,0,0,0,18,mismatch(e976b219!=38f960dd),load-fail-module-layout,load-fail-crc,__platform_driver_register=crc(26d0cf2d!=dda9df08);platform_driver_unregister=crc(8af50346!=3af3024b);devm_kmalloc=crc(d1263f9d!=9601551a);device_create_file=crc(4aef3c59!=03809f67);qmp_get=crc(91c79421!=cd6aa0be);device_remove_file=crc(7d5c30f5!=bf9c299a);__mutex_init=crc(81d49dc6!=a571f6b0);_dev_err=crc(6b10178d!=89c10d29)
qcom_glink,qcom_glink,device/oneplus/infiniti-kernel/qcom_glink.ko,rproc-glink,1,0,81,0,0,0,2,79,mismatch(e976b219!=38f960dd),load-fail-module-layout,load-fail-crc,mem_alloc_profiling_key=crc(8ee1928d!=0f05f001);kmalloc_caches=crc(d6ce5659!=559b0832);__kmalloc_cache_noprof=crc(6cc46e45!=57abd7cf);_raw_spin_lock_irqsave=crc(aa615763!=34db050b);_raw_spin_unlock_irqrestore=crc(582af1c8!=d35cce70);__list_add_valid_or_report=crc(6fabd45b!=7e19152a);kfree=crc(31359e90!=037a0cba);__list_del_entry_valid_or_report=crc(802f8919!=9a835040)
qcom_glink_smem,qcom_glink_smem,device/oneplus/infiniti-kernel/qcom_glink_smem.ko,rproc-glink,1,0,35,0,0,0,2,33,mismatch(e976b219!=38f960dd),load-fail-module-layout,load-fail-crc,mem_alloc_profiling_key=crc(8ee1928d!=0f05f001);kmalloc_caches=crc(d6ce5659!=559b0832);__kmalloc_cache_noprof=crc(6cc46e45!=57abd7cf);dev_set_name=crc(d18d4c79!=24c8c067);device_register=crc(11d13a8c!=ca6fdbd2);of_property_read_variable_u32_array=crc(5de0294f!=e46d1c95);devm_kmalloc=crc(d1263f9d!=9601551a);qcom_smem_alloc=crc(abdd305c!=34b57571)
qcom_glink_spss,qcom_glink_spss,device/oneplus/infiniti-kernel/qcom_glink_spss.ko,rproc-glink,1,0,40,0,0,0,0,40,mismatch(e976b219!=38f960dd),load-fail-module-layout,load-fail-crc,mem_alloc_profiling_key=crc(8ee1928d!=0f05f001);kmalloc_caches=crc(d6ce5659!=559b0832);__kmalloc_cache_noprof=crc(6cc46e45!=57abd7cf);dev_set_name=crc(d18d4c79!=24c8c067);device_register=crc(11d13a8c!=ca6fdbd2);of_property_read_variable_u32_array=crc(5de0294f!=e46d1c95);devm_kmalloc=crc(d1263f9d!=9601551a);qcom_smem_alloc=crc(abdd305c!=34b57571)
qcom_hwspinlock,qcom_hwspinlock,device/oneplus/infiniti-kernel/qcom_hwspinlock.ko,misc,0,0,17,0,0,0,0,17,mismatch(e976b219!=38f960dd),load-fail-module-layout,load-fail-crc,__platform_driver_register=crc(26d0cf2d!=dda9df08);platform_driver_unregister=crc(8af50346!=3af3024b);__of_parse_phandle_with_args=crc(e99699d5!=64cc5fec);syscon_node_to_regmap=crc(394986c6!=63a8282c);of_device_get_match_data=crc(be4e2011!=218d268b);devm_platform_ioremap_resource=crc(acb53535!=bb5ea6b9);__devm_regmap_init_mmio_clk=crc(a71728db!=abba3556);of_property_read_u32_index=crc(81d71a58!=77f00ccb)
qcom_ice,qcom_ice,device/oneplus/infiniti-kernel/qcom_ice.ko,misc,0,0,42,0,0,0,0,42,mismatch(e976b219!=38f960dd),load-fail-module-layout,load-fail-crc,__const_udelay=crc(b7d17430!=eae3dfd6);ktime_get=crc(ff9a6e5c!=b43f9365);usleep_range_state=crc(fdbae8c6!=c3055d20);_dev_warn=crc(6b10178d!=4860eb3f);_dev_err=crc(6b10178d!=89c10d29);clk_prepare=crc(6b710bab!=7c9a7371);clk_enable=crc(6b710bab!=815588a6);clk_unprepare=crc(97ab43c4!=b077e70a)
qcom_iommu_debug,qcom_iommu_debug,device/oneplus/infiniti-kernel/qcom_iommu_debug.ko,misc,1,0,83,0,0,0,1,82,mismatch(e976b219!=38f960dd),load-fail-module-layout,load-fail-crc,mutex_lock=crc(995658e3!=d5977bfb);qcom_iommu_iova_to_phys_hard=crc(b88904ce!=3b06f29b);scnprintf=crc(f4386284!=96848186);mutex_unlock=crc(995658e3!=ed55cabd);simple_read_from_buffer=crc(f7ec7b9a!=619cb7dd);_printk=crc(16b5b21d!=92997ed8);__stack_chk_fail=crc(d272d446!=f0fdf6cb);kstrtoull_from_user=crc(a5ce650a!=7d74d522)
qcom_iommu_util,qcom_iommu_util,device/oneplus/infiniti-kernel/qcom_iommu_util.ko,misc,0,0,123,0,0,0,1,122,mismatch(e976b219!=38f960dd),load-fail-module-layout,load-fail-crc,__of_parse_phandle_with_args=crc(e99699d5!=64cc5fec);__stack_chk_fail=crc(d272d446!=f0fdf6cb);of_find_property=crc(9a0c7532!=4d1675b6);__warn_printk=crc(1127e91b!=56470118);of_phandle_iterator_init=crc(bd6d62b7!=91088810);of_phandle_iterator_next=crc(9f8d22e7!=a3d7542b);of_get_property=crc(25eb83ce!=97bbda8e);of_n_addr_cells=crc(c071ca08!=29f55d65)
qcom_ipc_logging,qcom_ipc_logging,device/oneplus/infiniti-kernel/qcom_ipc_logging.ko,misc,0,0,49,0,0,0,1,48,mismatch(e976b219!=38f960dd),load-fail-module-layout,load-fail-crc,_raw_read_lock_irqsave=crc(3f8725d8!=b1342cdb);_raw_spin_lock=crc(7c62d7bb!=ba8fbd64);memcpy=crc(8a7493b2!=4829a47e);sched_clock=crc(f018baf9!=e94986d6);complete=crc(7da92691!=a6257a2f);_raw_spin_unlock=crc(7c62d7bb!=b5b54b34);_raw_read_unlock_irqrestore=crc(1591c5c2!=df2ebb87);_printk=crc(16b5b21d!=92997ed8)
qcom_llcc_pmu,qcom_llcc_pmu,device/oneplus/infiniti-kernel/qcom_llcc_pmu.ko,misc,0,0,28,0,0,0,0,28,mismatch(e976b219!=38f960dd),load-fail-module-layout,load-fail-crc,__platform_driver_register=crc(26d0cf2d!=dda9df08);platform_driver_unregister=crc(8af50346!=3af3024b);devm_kmalloc=crc(d1263f9d!=9601551a);of_device_get_match_data=crc(be4e2011!=218d268b);platform_get_resource_byname=crc(cc1c0f0f!=ddf84c88);devm_ioremap_resource=crc(fc3a1f89!=12cfb69d);perf_pmu_register=crc(ea81a2c0!=816f4821);of_find_property=crc(9a0c7532!=4d1675b6)
qcom_logbuf_boot_log,qcom_logbuf_boot_log,device/oneplus/infiniti-kernel/qcom_logbuf_boot_log.ko,misc,0,0,17,0,0,0,0,17,mismatch(e976b219!=38f960dd),load-fail-module-layout,load-fail-crc,kthread_should_stop=crc(5e505530!=b3f7646e);kmsg_dump_get_line=crc(fc941761!=4f2c996d);schedule_timeout_interruptible=crc(0bac81a1!=054496b4);__stack_chk_fail=crc(d272d446!=f0fdf6cb);mem_alloc_profiling_key=crc(8ee1928d!=0f05f001);__kmalloc_large_noprof=crc(27865ec7!=441d0de9);kimage_voffset=crc(7f175992!=e4bbc1dd);memstart_addr=crc(c9a2f5d2!=9688de8b)
qcom_logbuf_vendor_hooks,qcom_logbuf_vendor_hooks,device/oneplus/infiniti-kernel/qcom_logbuf_vendor_hooks.ko,misc,0,0,10,0,0,0,0,10,mismatch(e976b219!=38f960dd),load-fail-module-layout,load-fail-crc,memstart_addr=crc(c9a2f5d2!=9688de8b);kimage_voffset=crc(7f175992!=e4bbc1dd);msm_minidump_add_region=crc(dd21467e!=bc932109);_printk=crc(16b5b21d!=92997ed8);__stack_chk_fail=crc(d272d446!=f0fdf6cb);__platform_driver_register=crc(26d0cf2d!=dda9df08);platform_driver_unregister=crc(8af50346!=3af3024b);debug_symbol_available=crc(5e505530!=ddcbad69)
qcom_lpm,qcom_lpm,device/oneplus/infiniti-kernel/qcom_lpm.ko,misc,1,0,73,0,0,0,1,72,mismatch(e976b219!=38f960dd),load-fail-module-layout,load-fail-crc,trace_event_buffer_reserve=crc(40964d00!=ef09c050);trace_event_buffer_commit=crc(ffe3783c!=f95e6f0d);__trace_trigger_soft_disabled=crc(cb5e01d7!=dd84a68a);__stack_chk_fail=crc(d272d446!=f0fdf6cb);perf_trace_buf_alloc=crc(231ad1b8!=2d2c902f);perf_trace_run_bpf_submit=crc(2a290ade!=1c86eaa7);bpf_trace_run5=crc(df495bd0!=92d33301);bpf_trace_run4=crc(1c4f6ddb!=6f883632)
qcom_lpm_monitor,qcom_lpm_monitor,device/oneplus/infiniti-kernel/qcom_lpm_monitor.ko,misc,0,0,34,0,0,0,0,34,mismatch(e976b219!=38f960dd),load-fail-module-layout,load-fail-crc,mutex_lock=crc(995658e3!=d5977bfb);qmi_send_indication=crc(1419ad0a!=0bbcc96f);wait_for_completion_timeout=crc(6dc35028!=4a3ad70e);mutex_unlock=crc(995658e3!=ed55cabd);snprintf=crc(f4386284!=656e4a6e);_printk=crc(16b5b21d!=92997ed8);__platform_driver_register=crc(26d0cf2d!=dda9df08);platform_driver_unregister=crc(8af50346!=3af3024b)
qcom_pd_mapper,qcom_pd_mapper,device/oneplus/infiniti-kernel/qcom_pd_mapper.ko,misc,0,0,31,0,0,0,0,31,mismatch(e976b219!=38f960dd),load-fail-module-layout,load-fail-crc,__auxiliary_driver_register=crc(b51d7261!=ea95fd7d);auxiliary_driver_unregister=crc(77f5a90f!=d3d53fb0);mutex_lock=crc(995658e3!=d5977bfb);alt_cb_patch_nops=crc(b8c8345a!=a65c6def);of_find_node_opts_by_path=crc(bcf52949!=a7a68f8b);of_match_node=crc(fafe4b12!=db2a782a);mem_alloc_profiling_key=crc(8ee1928d!=0f05f001);kmalloc_caches=crc(d6ce5659!=559b0832)
qcom_pdr_msg,qcom_pdr_msg,device/oneplus/infiniti-kernel/qcom_pdr_msg.ko,misc,0,0,2,0,0,0,0,2,mismatch(e976b219!=38f960dd),load-fail-module-layout,load-fail-crc,qmi_response_type_v01_ei=crc(77b5c22d!=4cd2fe40);module_layout=crc(e976b219!=38f960dd)
qcom_pil_info,qcom_pil_info,device/oneplus/infiniti-kernel/qcom_pil_info.ko,rproc-glink,1,0,17,0,0,0,0,17,mismatch(e976b219!=38f960dd),load-fail-module-layout,load-fail-crc,_printk=crc(16b5b21d!=92997ed8);__stack_chk_fail=crc(d272d446!=f0fdf6cb);of_find_compatible_node=crc(730d7351!=9420f854);of_address_to_resource=crc(192350c6!=8b255845);arm64_use_ng_mappings=crc(3239fbdb!=af56600a);ioremap_prot=crc(c948ac44!=40863ba1);mutex_lock=crc(995658e3!=d5977bfb);__memset_io=crc(35a367f6!=18b48e28)
qcom_q6v5,qcom_q6v5,device/oneplus/infiniti-kernel/qcom_q6v5.ko,rproc-glink,1,0,58,0,0,0,3,55,mismatch(e976b219!=38f960dd),load-fail-module-layout,load-fail-crc,memset=crc(110f4d3a!=dcb764ad);snprintf=crc(f4386284!=656e4a6e);kobject_uevent_env=crc(37679765!=c2f18be0);_printk=crc(16b5b21d!=92997ed8);__stack_chk_fail=crc(d272d446!=f0fdf6cb);mem_alloc_profiling_key=crc(8ee1928d!=0f05f001);kmalloc_caches=crc(d6ce5659!=559b0832);__kmalloc_cache_noprof=crc(6cc46e45!=57abd7cf)
qcom_q6v5_pas,qcom_q6v5_pas,device/oneplus/infiniti-kernel/qcom_q6v5_pas.ko,rproc-glink,1,0,151,0,0,0,1,150,mismatch(e976b219!=38f960dd),load-fail-module-layout,load-fail-crc,strnlen=crc(b5bedffb!=a916b694);__fortify_panic=crc(31b67631!=75ca79b5);__memcpy_fromio=crc(7c5d831e!=5d112304);strcmp=crc(f5df0401!=e2d5255a);arm64_use_ng_mappings=crc(3239fbdb!=af56600a);ioremap_prot=crc(c948ac44!=40863ba1);iounmap=crc(fbb66790!=edc03953);_dev_err=crc(6b10178d!=89c10d29)
qcom_ramdump,qcom_ramdump,device/oneplus/infiniti-kernel/qcom_ramdump.ko,misc,1,0,35,0,0,0,0,35,mismatch(e976b219!=38f960dd),load-fail-module-layout,load-fail-crc,_printk=crc(16b5b21d!=92997ed8);mem_alloc_profiling_key=crc(8ee1928d!=0f05f001);vmalloc_noprof=crc(38faebe9!=1b2fa1a9);devm_ioremap=crc(6d7dac4a!=6e24b6a0);__memcpy_fromio=crc(7c5d831e!=5d112304);memcpy=crc(8a7493b2!=4829a47e);_dev_err=crc(6b10178d!=89c10d29);memset=crc(110f4d3a!=dcb764ad)
qcom_rpmh,qcom_rpmh,device/oneplus/infiniti-kernel/qcom_rpmh.ko,misc,0,0,93,0,0,0,2,91,mismatch(e976b219!=38f960dd),load-fail-module-layout,load-fail-crc,strlen=crc(90d19584!=98cf60b3);trace_event_buffer_reserve=crc(40964d00!=ef09c050);memcpy=crc(8a7493b2!=4829a47e);trace_event_buffer_commit=crc(ffe3783c!=f95e6f0d);__trace_trigger_soft_disabled=crc(cb5e01d7!=dd84a68a);__stack_chk_fail=crc(d272d446!=f0fdf6cb);perf_trace_buf_alloc=crc(231ad1b8!=2d2c902f);perf_trace_run_bpf_submit=crc(2a290ade!=1c86eaa7)
qcom_scmi_client,qcom_scmi_client,device/oneplus/infiniti-kernel/qcom_scmi_client.ko,firmware-virt,0,0,6,0,0,0,0,6,mismatch(e976b219!=38f960dd),load-fail-module-layout,load-fail-crc,scmi_driver_register=crc(fe9b3693!=d6aa91f0);scmi_driver_unregister=crc(02bfc607!=240793d7);strcmp=crc(f5df0401!=e2d5255a);_dev_err=crc(6b10178d!=89c10d29);_printk=crc(16b5b21d!=92997ed8);module_layout=crc(e976b219!=38f960dd)
qcom_scmi_vendor,qcom_scmi_vendor,device/oneplus/infiniti-kernel/qcom_scmi_vendor.ko,firmware-virt,0,0,7,0,0,0,0,7,mismatch(e976b219!=38f960dd),load-fail-module-layout,load-fail-crc,scmi_protocol_register=crc(7b60aaa4!=dc9547bd);scmi_protocol_unregister=crc(e0d65112!=72fe82d2);dev_err_probe=crc(de026a97!=3083bbb7);__stack_chk_fail=crc(d272d446!=f0fdf6cb);memcpy=crc(8a7493b2!=4829a47e);_printk=crc(16b5b21d!=92997ed8);module_layout=crc(e976b219!=38f960dd)
qcom_sdei,qcom_sdei,device/oneplus/infiniti-kernel/qcom_sdei.ko,misc,0,0,14,0,0,0,0,14,mismatch(e976b219!=38f960dd),load-fail-module-layout,load-fail-crc,__platform_driver_register=crc(26d0cf2d!=dda9df08);platform_driver_unregister=crc(8af50346!=3af3024b);__cpu_online_mask=crc(4e994f70!=ac594e02);on_each_cpu_cond_mask=crc(ccba25d4!=5f43c059);sdei_event_register=crc(31e85bf8!=9ed58e12);sdei_event_enable=crc(e6b3818f!=537aa6d0);sdei_event_unregister=crc(e6b3818f!=b903738e);sdei_event_disable=crc(e6b3818f!=8dfdf56a)
qcom_smd,qcom_smd,device/oneplus/infiniti-kernel/qcom_smd.ko,rproc-glink,1,0,66,0,0,0,0,66,mismatch(e976b219!=38f960dd),load-fail-module-layout,load-fail-crc,qcom_smem_is_available=crc(5e505530!=2673f635);mem_alloc_profiling_key=crc(8ee1928d!=0f05f001);kmalloc_caches=crc(d6ce5659!=559b0832);__kmalloc_cache_noprof=crc(6cc46e45!=57abd7cf);__init_waitqueue_head=crc(de463212!=d9a5ea54);dev_set_name=crc(d18d4c79!=24c8c067);device_register=crc(11d13a8c!=ca6fdbd2);of_property_read_variable_u32_array=crc(5de0294f!=e46d1c95)
qcom_soc_wdt,qcom_soc_wdt,device/oneplus/infiniti-kernel/qcom_soc_wdt.ko,misc,0,0,11,0,0,0,4,7,mismatch(e976b219!=38f960dd),load-fail-module-layout,load-fail-crc,__platform_driver_register=crc(26d0cf2d!=dda9df08);platform_driver_unregister=crc(8af50346!=3af3024b);devm_kmalloc=crc(d1263f9d!=9601551a);platform_get_resource_byname=crc(cc1c0f0f!=ddf84c88);devm_ioremap_resource=crc(fc3a1f89!=12cfb69d);qcom_wdt_register=missing;_dev_err=crc(6b10178d!=89c10d29);qcom_wdt_pet_suspend=missing
qcom_spss,qcom_spss,device/oneplus/infiniti-kernel/qcom_spss.ko,misc,1,0,74,0,0,0,0,74,mismatch(e976b219!=38f960dd),load-fail-module-layout,load-fail-crc,snprintf=crc(f4386284!=656e4a6e);qmp_send=crc(887664c0!=01b2e132);__stack_chk_fail=crc(d272d446!=f0fdf6cb);arm64_use_ng_mappings=crc(3239fbdb!=af56600a);ioremap_prot=crc(c948ac44!=40863ba1);iounmap=crc(fbb66790!=edc03953);_printk=crc(16b5b21d!=92997ed8);log_read_mmio=crc(f5e9ca2e!=6b722180)
qcom_stats,qcom_stats,device/oneplus/infiniti-kernel/qcom_stats.ko,misc,1,0,49,0,0,0,1,48,mismatch(e976b219!=38f960dd),load-fail-module-layout,load-fail-crc,strim=crc(21f64238!=77bc13a0);_printk=crc(16b5b21d!=92997ed8);__stack_chk_fail=crc(d272d446!=f0fdf6cb);mutex_lock=crc(995658e3!=d5977bfb);qmp_send=crc(887664c0!=01b2e132);mutex_unlock=crc(995658e3!=ed55cabd);ktime_get_with_offset=crc(9d1dd621!=c4f0da12);log_read_mmio=crc(f5e9ca2e!=6b722180)
qcom_sysmon,qcom_sysmon,device/oneplus/infiniti-kernel/qcom_sysmon.ko,rproc-glink,1,0,50,0,0,0,0,50,mismatch(e976b219!=38f960dd),load-fail-module-layout,load-fail-crc,mem_alloc_profiling_key=crc(8ee1928d!=0f05f001);kmalloc_caches=crc(d6ce5659!=559b0832);__kmalloc_cache_noprof=crc(6cc46e45!=57abd7cf);__init_swait_queue_head=crc(d4e429b7!=608741b5);init_timer_key=crc(534026f3!=c6f46339);__mutex_init=crc(81d49dc6!=a571f6b0);of_irq_get_byname=crc(2e70b08b!=6f76a35e);devm_request_threaded_irq=crc(4683501f!=3f92ce93)
qcom_tsens,qcom_tsens,device/oneplus/infiniti-kernel/qcom_tsens.ko,misc,0,0,58,0,0,0,2,56,mismatch(e976b219!=38f960dd),load-fail-module-layout,load-fail-crc,kfree=crc(31359e90!=037a0cba);__stack_chk_fail=crc(d272d446!=f0fdf6cb);regmap_read=crc(23aa8f00!=61488f9c);regmap_write=crc(8b1835dc!=eab872a6);regmap_update_bits_base=crc(807ee877!=1ac5d5d4);nvmem_cell_read_variable_le_u32=crc(8e9dfc9f!=646bf9a2);_dev_warn=crc(6b10178d!=4860eb3f);nvmem_cell_get=crc(8ac07a09!=6a820f4d)
qcom_tzmem,qcom_tzmem,device/oneplus/infiniti-kernel/qcom_tzmem.ko,misc,0,0,26,0,0,0,0,26,mismatch(e976b219!=38f960dd),load-fail-module-layout,load-fail-crc,mem_alloc_profiling_key=crc(8ee1928d!=0f05f001);kmalloc_caches=crc(d6ce5659!=559b0832);__kmalloc_cache_noprof=crc(6cc46e45!=57abd7cf);gen_pool_create=crc(d208edc1!=ced0f4d4);gen_pool_best_fit=crc(d04d3e2e!=b737b185);gen_pool_set_algo=crc(50decc1b!=96e5d30f);gen_pool_destroy=crc(68d3a859!=6c224cda);kfree=crc(31359e90!=037a0cba)
qcom_va_minidump,qcom_va_minidump,device/oneplus/infiniti-kernel/qcom_va_minidump.ko,misc,1,0,48,0,0,0,0,48,mismatch(e976b219!=38f960dd),load-fail-module-layout,load-fail-crc,msm_minidump_enabled=crc(5e505530!=584e21a2);mem_alloc_profiling_key=crc(8ee1928d!=0f05f001);kmalloc_caches=crc(d6ce5659!=559b0832);__kmalloc_cache_noprof=crc(6cc46e45!=57abd7cf);mutex_lock=crc(995658e3!=d5977bfb);kset_find_obj=crc(9001c97b!=1ac9c753);kobject_init_and_add=crc(dcf6bcc3!=3ee9df91);kobject_uevent=crc(4c68a99a!=3468ccd9)
qcom_voltage_adj,qcom_voltage_adj,device/oneplus/infiniti-kernel/qcom_voltage_adj.ko,misc,0,0,24,0,0,0,0,24,mismatch(e976b219!=38f960dd),load-fail-module-layout,load-fail-crc,mutex_lock=crc(995658e3!=d5977bfb);regmap_read=crc(23aa8f00!=61488f9c);mutex_unlock=crc(995658e3!=ed55cabd);_printk=crc(16b5b21d!=92997ed8);__stack_chk_fail=crc(d272d446!=f0fdf6cb);regmap_write=crc(8b1835dc!=eab872a6);__platform_driver_register=crc(26d0cf2d!=dda9df08);platform_driver_unregister=crc(8af50346!=3af3024b)
qcom_wdt_core,qcom_wdt_core,device/oneplus/infiniti-kernel/qcom_wdt_core.ko,misc,0,0,79,0,0,0,5,74,mismatch(e976b219!=38f960dd),load-fail-module-layout,load-fail-crc,timer_delete_sync=crc(5f54576f!=82ee90dc);_raw_spin_lock=crc(7c62d7bb!=ba8fbd64);_raw_spin_unlock=crc(7c62d7bb!=b5b54b34);pm_suspend_target_state=crc(ba9dde65!=377bbcbc);sched_clock=crc(f018baf9!=e94986d6);jiffies=crc(f2a4b08a!=15ba50a6);__msecs_to_jiffies=crc(7162a662!=7f02188f);add_timer=crc(3413379a!=24d273d1)
qcrypto-msm_dlkm,qcrypto_msm_dlkm,device/oneplus/infiniti-kernel/qcrypto-msm_dlkm.ko,secure,1,0,89,0,0,0,11,78,mismatch(e976b219!=38f960dd),load-fail-module-layout,load-fail-crc,_raw_spin_lock_irqsave=crc(aa615763!=34db050b);_raw_spin_unlock_irqrestore=crc(582af1c8!=d35cce70);_printk=crc(16b5b21d!=92997ed8);debugfs_create_dir=crc(85212c97!=bee3c24c);snprintf=crc(f4386284!=656e4a6e);debugfs_create_file=crc(d0616c24!=fcb58d19);debugfs_remove=crc(608c0df3!=ab0f296e);__mutex_init=crc(81d49dc6!=a571f6b0)
qmi_helpers,qmi_helpers,device/oneplus/infiniti-kernel/qmi_helpers.ko,misc,1,0,38,0,0,0,0,38,mismatch(e976b219!=38f960dd),load-fail-module-layout,load-fail-crc,mem_alloc_profiling_key=crc(8ee1928d!=0f05f001);__kmalloc_noprof=crc(27865ec7!=52c5c991);kfree=crc(31359e90!=037a0cba);_printk=crc(16b5b21d!=92997ed8);memcpy=crc(8a7493b2!=4829a47e);strlen=crc(90d19584!=98cf60b3);__stack_chk_fail=crc(d272d446!=f0fdf6cb);__fortify_panic=crc(31b67631!=75ca79b5)
qmp_dlkm,qmp_dlkm,device/oneplus/infiniti-kernel/qmp_dlkm.ko,misc,1,0,55,0,0,0,8,47,mismatch(e976b219!=38f960dd),load-fail-module-layout,load-fail-crc,swr_driver_register=missing;swr_driver_unregister=missing;__devm_regmap_init_swr=missing;devm_kmalloc=crc(d1263f9d!=9601551a);devm_regulator_get=crc(98863b61!=7b90f198);of_property_read_string=crc(fc9f25c0!=27bdd89b);of_find_property=crc(9a0c7532!=4d1675b6);mem_alloc_profiling_key=crc(8ee1928d!=0f05f001)
qnoc-alor,qnoc_alor,device/oneplus/infiniti-kernel/qnoc-alor.ko,misc,0,0,9,0,0,0,2,7,mismatch(e976b219!=38f960dd),load-fail-module-layout,load-fail-crc,__platform_driver_register=crc(26d0cf2d!=dda9df08);qcom_icc_rpmh_probe=crc(bb6067c0!=832d281f);_dev_info=crc(6b10178d!=8dacace4);_dev_err=crc(6b10178d!=89c10d29);qcom_qnoc4_ops=missing;icc_qnoc_qos_regs=missing;qcom_icc_rpmh_remove=crc(b3033c61!=9341bfa6);icc_sync_state=crc(8c082a8d!=8f33e31a)
qnoc-canoe,qnoc_canoe,device/oneplus/infiniti-kernel/qnoc-canoe.ko,misc,0,0,9,0,0,0,2,7,mismatch(e976b219!=38f960dd),load-fail-module-layout,load-fail-crc,__platform_driver_register=crc(26d0cf2d!=dda9df08);qcom_icc_rpmh_probe=crc(bb6067c0!=832d281f);dev_err_probe=crc(de026a97!=3083bbb7);_dev_info=crc(6b10178d!=8dacace4);qcom_qnoc4_ops=missing;icc_qnoc_qos_regs=missing;qcom_icc_rpmh_remove=crc(b3033c61!=9341bfa6);icc_sync_state=crc(8c082a8d!=8f33e31a)
qnoc-qos,qnoc_qos,device/oneplus/infiniti-kernel/qnoc-qos.ko,misc,0,0,2,0,0,0,0,2,mismatch(e976b219!=38f960dd),load-fail-module-layout,load-fail-crc,regmap_update_bits_base=crc(807ee877!=1ac5d5d4);module_layout=crc(e976b219!=38f960dd)
qpnp-power-on,qpnp_power_on,device/oneplus/infiniti-kernel/qpnp-power-on.ko,regulator-pmic,1,0,65,0,0,0,0,65,mismatch(e976b219!=38f960dd),load-fail-module-layout,load-fail-crc,regmap_update_bits_base=crc(807ee877!=1ac5d5d4);_dev_err=crc(6b10178d!=89c10d29);regmap_write=crc(8b1835dc!=eab872a6);__const_udelay=crc(b7d17430!=eae3dfd6);__platform_driver_register=crc(26d0cf2d!=dda9df08);platform_driver_unregister=crc(8af50346!=3af3024b);mutex_lock=crc(995658e3!=d5977bfb);regmap_read=crc(23aa8f00!=61488f9c)
qptf,qptf,device/oneplus/infiniti-kernel/qptf.ko,misc,0,0,29,0,0,0,0,29,mismatch(e976b219!=38f960dd),load-fail-module-layout,load-fail-crc,blocking_notifier_chain_register=crc(bde3e279!=bb0c86a5);blocking_notifier_chain_unregister=crc(bde3e279!=963aa2a9);mutex_lock=crc(995658e3!=d5977bfb);mutex_unlock=crc(995658e3!=ed55cabd);blocking_notifier_call_chain=crc(559ff49a!=8317ad7c);__stack_chk_fail=crc(d272d446!=f0fdf6cb);of_count_phandle_with_args=crc(8144ad5b!=a0ad1501);__of_parse_phandle_with_args=crc(e99699d5!=64cc5fec)
qrng_dlkm,qrng_dlkm,device/oneplus/infiniti-kernel/qrng_dlkm.ko,secure,1,0,44,0,0,0,0,44,mismatch(e976b219!=38f960dd),load-fail-module-layout,load-fail-crc,__platform_driver_register=crc(26d0cf2d!=dda9df08);crypto_register_rngs=crc(377ca380!=1ff18b3e);_printk=crc(16b5b21d!=92997ed8);crypto_unregister_rngs=crc(35d2c022!=2521048e);platform_driver_unregister=crc(8af50346!=3af3024b);platform_get_resource=crc(1b038a1f!=7b3363db);mem_alloc_profiling_key=crc(8ee1928d!=0f05f001);kmalloc_caches=crc(d6ce5659!=559b0832)
qrtr-gunyah,qrtr_gunyah,device/oneplus/infiniti-kernel/qrtr-gunyah.ko,misc,0,0,58,0,0,0,0,58,mismatch(e976b219!=38f960dd),load-fail-module-layout,load-fail-crc,__platform_driver_register=crc(26d0cf2d!=dda9df08);platform_driver_unregister=crc(8af50346!=3af3024b);devm_kmalloc=crc(d1263f9d!=9601551a);__mutex_init=crc(81d49dc6!=a571f6b0);of_property_read_variable_u32_array=crc(5de0294f!=e46d1c95);of_find_property=crc(9a0c7532!=4d1675b6);__of_parse_phandle_with_args=crc(e99699d5!=64cc5fec);dma_alloc_attrs=crc(cf96de2a!=1078313b)
qrtr-mhi,qrtr_mhi,device/oneplus/infiniti-kernel/qrtr-mhi.ko,misc,1,0,26,0,0,0,0,26,mismatch(e976b219!=38f960dd),load-fail-module-layout,load-fail-crc,__mhi_driver_register=crc(cac096ee!=a30eb75c);mhi_driver_unregister=crc(24bac2fc!=1376a4db);devm_kmalloc=crc(d1263f9d!=9601551a);__init_swait_queue_head=crc(d4e429b7!=608741b5);of_find_compatible_node=crc(730d7351!=9420f854);of_property_read_variable_u32_array=crc(5de0294f!=e46d1c95);of_find_property=crc(9a0c7532!=4d1675b6);qrtr_endpoint_register=crc(32181c60!=0a7fd8a5)
qrtr-smd,qrtr_smd,device/oneplus/infiniti-kernel/qrtr-smd.ko,misc,1,0,23,0,0,0,0,23,mismatch(e976b219!=38f960dd),load-fail-module-layout,load-fail-crc,__register_rpmsg_driver=crc(0219a521!=f2bb1e4b);unregister_rpmsg_driver=crc(19f15c28!=e3061fff);devm_kmalloc=crc(d1263f9d!=9601551a);of_property_read_variable_u32_array=crc(5de0294f!=e46d1c95);of_find_property=crc(9a0c7532!=4d1675b6);of_property_count_elems_of_size=crc(a657ffb0!=2b5749ee);mem_alloc_profiling_key=crc(8ee1928d!=0f05f001);__kmalloc_noprof=crc(27865ec7!=52c5c991)
qrtr,qrtr,device/oneplus/infiniti-kernel/qrtr.ko,misc,0,0,146,0,0,0,3,143,mismatch(e976b219!=38f960dd),load-fail-module-layout,load-fail-crc,memcpy=crc(8a7493b2!=4829a47e);_printk=crc(16b5b21d!=92997ed8);__stack_chk_fail=crc(d272d446!=f0fdf6cb);_raw_spin_lock_irqsave=crc(aa615763!=34db050b);xa_load=crc(c67180ef!=a85a3e6d);alt_cb_patch_nops=crc(b8c8345a!=a65c6def);_raw_spin_unlock_irqrestore=crc(582af1c8!=d35cce70);refcount_warn_saturate=crc(2373037a!=0296695f)
qsee_ipc_irq_bridge,qsee_ipc_irq_bridge,device/oneplus/infiniti-kernel/qsee_ipc_irq_bridge.ko,misc,1,0,37,0,0,0,3,34,mismatch(e976b219!=38f960dd),load-fail-module-layout,load-fail-crc,mem_alloc_profiling_key=crc(8ee1928d!=0f05f001);kmalloc_caches=crc(d6ce5659!=559b0832);__kmalloc_cache_noprof=crc(6cc46e45!=57abd7cf);__mutex_init=crc(81d49dc6!=a571f6b0);ipc_log_context_create=missing;__platform_driver_register=crc(26d0cf2d!=dda9df08);_printk=crc(16b5b21d!=92997ed8);ipc_log_string=missing
qseecom_proxy,qseecom_proxy,device/oneplus/infiniti-kernel/qseecom_proxy.ko,secure,1,0,3,0,0,0,0,3,mismatch(e976b219!=38f960dd),load-fail-module-layout,load-fail-crc,_printk=crc(16b5b21d!=92997ed8);___ratelimit=crc(a3384a5c!=f5edea2e);module_layout=crc(e976b219!=38f960dd)
qti-fixed-regulator,qti_fixed_regulator,device/oneplus/infiniti-kernel/qti-fixed-regulator.ko,regulator-pmic,1,0,29,0,0,0,3,26,mismatch(e976b219!=38f960dd),load-fail-module-layout,load-fail-crc,__platform_driver_register=crc(26d0cf2d!=dda9df08);platform_driver_unregister=crc(8af50346!=3af3024b);of_device_get_match_data=crc(be4e2011!=218d268b);devm_kmalloc=crc(d1263f9d!=9601551a);of_get_regulator_init_data=crc(e56d3b9b!=8edffd07);of_property_read_variable_u32_array=crc(5de0294f!=e46d1c95);of_find_property=crc(9a0c7532!=4d1675b6);devm_kstrdup=crc(63b8d0f8!=50860ba0)
qti-glink-adc,qti_glink_adc,device/oneplus/infiniti-kernel/qti-glink-adc.ko,regulator-pmic,1,0,22,0,0,0,0,22,mismatch(e976b219!=38f960dd),load-fail-module-layout,load-fail-crc,__platform_driver_register=crc(26d0cf2d!=dda9df08);platform_driver_unregister=crc(8af50346!=3af3024b);devm_iio_device_alloc=crc(5aa09556!=7d0c973a);__mutex_init=crc(81d49dc6!=a571f6b0);__init_swait_queue_head=crc(d4e429b7!=608741b5);device_get_child_node_count=crc(c6ca26bd!=d6783a41);devm_kmalloc=crc(d1263f9d!=9601551a);device_get_next_child_node=crc(eccb4a48!=dd954728)
qti-ocp-notifier,qti_ocp_notifier,device/oneplus/infiniti-kernel/qti-ocp-notifier.ko,misc,1,0,23,0,0,0,3,20,mismatch(e976b219!=38f960dd),load-fail-module-layout,load-fail-crc,__platform_driver_register=crc(26d0cf2d!=dda9df08);platform_driver_unregister=crc(8af50346!=3af3024b);devm_kmalloc=crc(d1263f9d!=9601551a);devm_nvmem_cell_get=crc(8ac07a09!=f23350d6);platform_get_irq=crc(a39e1523!=c5e9775d);ipc_log_context_create=missing;nvmem_cell_read=crc(22690a37!=99f018c4);kfree=crc(31359e90!=037a0cba)
qti-regmap-debugfs,qti_regmap_debugfs,device/oneplus/infiniti-kernel/qti-regmap-debugfs.ko,misc,0,0,33,0,0,0,1,32,mismatch(e976b219!=38f960dd),load-fail-module-layout,load-fail-crc,mutex_lock=crc(995658e3!=d5977bfb);_dev_err=crc(6b10178d!=89c10d29);mem_alloc_profiling_key=crc(8ee1928d!=0f05f001);kmalloc_caches=crc(d6ce5659!=559b0832);__kmalloc_cache_noprof=crc(6cc46e45!=57abd7cf);debugfs_create_x32=crc(57c32703!=5065e870);debugfs_create_u32=crc(57c32703!=feef8a9d);debugfs_create_file_unsafe=crc(d0616c24!=badcc205)
qti_amoled_ecm,qti_amoled_ecm,device/oneplus/infiniti-kernel/qti_amoled_ecm.ko,misc,1,0,39,0,0,0,0,39,mismatch(e976b219!=38f960dd),load-fail-module-layout,load-fail-crc,__platform_driver_register=crc(26d0cf2d!=dda9df08);platform_driver_unregister=crc(8af50346!=3af3024b);devm_kmalloc=crc(d1263f9d!=9601551a);dev_get_regmap=crc(38acd0f5!=3e1dc6b6);of_property_read_variable_u32_array=crc(5de0294f!=e46d1c95);of_property_read_string_helper=crc(a5f75b8e!=85296651);scnprintf=crc(f4386284!=96848186);of_irq_get_byname=crc(2e70b08b!=6f76a35e)
qti_battery_debug,qti_battery_debug,device/oneplus/infiniti-kernel/qti_battery_debug.ko,misc,1,0,32,0,0,0,0,32,mismatch(e976b219!=38f960dd),load-fail-module-layout,load-fail-crc,__platform_driver_register=crc(26d0cf2d!=dda9df08);platform_driver_unregister=crc(8af50346!=3af3024b);devm_kmalloc=crc(d1263f9d!=9601551a);pmic_glink_register_client=crc(b0110b62!=c34db291);__mutex_init=crc(81d49dc6!=a571f6b0);__init_swait_queue_head=crc(d4e429b7!=608741b5);sysfs_create_group=crc(3ee3b24e!=00ef1eb0);debugfs_create_dir=crc(85212c97!=bee3c24c)
qti_btl,qti_btl,device/oneplus/infiniti-kernel/qti_btl.ko,misc,0,0,17,0,0,0,0,17,mismatch(e976b219!=38f960dd),load-fail-module-layout,load-fail-crc,scnprintf=crc(f4386284!=96848186);kstrtou16=crc(0a2c0292!=4af6ddf0);__stack_chk_fail=crc(d272d446!=f0fdf6cb);nvmem_device_read=crc(9cf885fe!=5c4a7885);sscanf=crc(f5197fd4!=bcab6ee6);_dev_err=crc(6b10178d!=89c10d29);__platform_driver_register=crc(26d0cf2d!=dda9df08);platform_driver_unregister=crc(8af50346!=3af3024b)
qti_cpufreq_cdev,qti_cpufreq_cdev,device/oneplus/infiniti-kernel/qti_cpufreq_cdev.ko,misc,1,0,29,0,0,0,0,29,mismatch(e976b219!=38f960dd),load-fail-module-layout,load-fail-crc,__platform_driver_register=crc(26d0cf2d!=dda9df08);platform_driver_unregister=crc(8af50346!=3af3024b);mutex_lock=crc(995658e3!=d5977bfb);of_get_next_available_child=crc(f2308994!=65f0b02d);__cpu_possible_mask=crc(4e994f70!=de7ece30);__list_add_valid_or_report=crc(6fabd45b!=7e19152a);of_phandle_iterator_init=crc(bd6d62b7!=91088810);of_phandle_iterator_next=crc(9f8d22e7!=a3d7542b)
qti_devfreq_cdev,qti_devfreq_cdev,device/oneplus/infiniti-kernel/qti_devfreq_cdev.ko,misc,1,0,18,0,0,0,0,18,mismatch(e976b219!=38f960dd),load-fail-module-layout,load-fail-crc,__platform_driver_register=crc(26d0cf2d!=dda9df08);platform_driver_unregister=crc(8af50346!=3af3024b);devm_kmalloc=crc(d1263f9d!=9601551a);__of_parse_phandle_with_args=crc(e99699d5!=64cc5fec);of_find_device_by_node=crc(65e45ac5!=e3dc67df);device_link_add=crc(20f5ce6b!=5cda1f41);put_device=crc(2aa807c4!=7307e245);dev_pm_opp_get_opp_count=crc(1e135a6f!=98f08b78)
qti_dynamic_hw_trip,qti_dynamic_hw_trip,device/oneplus/infiniti-kernel/qti_dynamic_hw_trip.ko,misc,0,0,16,0,0,0,4,12,mismatch(e976b219!=38f960dd),load-fail-module-layout,load-fail-crc,__platform_driver_register=crc(26d0cf2d!=dda9df08);platform_driver_unregister=crc(8af50346!=3af3024b);of_property_read_variable_u32_array=crc(5de0294f!=e46d1c95);devm_kmalloc=crc(d1263f9d!=9601551a);platform_get_qcom_scmi_device=missing;snprintf=crc(f4386284!=656e4a6e);ipc_log_context_create=missing;thermal_zone_device_register_with_trips=crc(4cb924df!=0c4e2d27)
qti_pmic_glink,qti_pmic_glink,device/oneplus/infiniti-kernel/qti_pmic_glink.ko,regulator-pmic,1,0,61,0,0,0,3,58,mismatch(e976b219!=38f960dd),load-fail-module-layout,load-fail-crc,down_read=crc(512802b6!=3355da1c);mutex_lock=crc(995658e3!=d5977bfb);rpmsg_send=crc(9023b26d!=19ecfe44);mutex_unlock=crc(995658e3!=ed55cabd);up_read=crc(512802b6!=6b50e951);_printk=crc(16b5b21d!=92997ed8);mem_alloc_profiling_key=crc(8ee1928d!=0f05f001);kmalloc_caches=crc(d6ce5659!=559b0832)
qti_power_telemetry,qti_power_telemetry,device/oneplus/infiniti-kernel/qti_power_telemetry.ko,misc,0,0,50,0,0,0,5,45,mismatch(e976b219!=38f960dd),load-fail-module-layout,load-fail-crc,trace_event_buffer_reserve=crc(40964d00!=ef09c050);trace_event_buffer_commit=crc(ffe3783c!=f95e6f0d);__trace_trigger_soft_disabled=crc(cb5e01d7!=dd84a68a);__stack_chk_fail=crc(d272d446!=f0fdf6cb);perf_trace_buf_alloc=crc(231ad1b8!=2d2c902f);perf_trace_run_bpf_submit=crc(2a290ade!=1c86eaa7);bpf_trace_run4=crc(1c4f6ddb!=6f883632);__platform_driver_register=crc(26d0cf2d!=dda9df08)
qti_ptd_share,qti_ptd_share,device/oneplus/infiniti-kernel/qti_ptd_share.ko,misc,0,0,24,0,0,0,11,13,mismatch(e976b219!=38f960dd),load-fail-module-layout,load-fail-crc,qptm_get_node_id=missing;qptm_get_node_name=missing;ipc_log_string=missing;strlen=crc(90d19584!=98cf60b3);qcom_smem_is_available=crc(5e505530!=2673f635);qcom_smem_alloc=crc(abdd305c!=34b57571);qcom_smem_get=crc(869bde71!=5899664c);qptm_available_node_count=missing
qti_qmi_cdev,qti_qmi_cdev,device/oneplus/infiniti-kernel/qti_qmi_cdev.ko,misc,1,0,37,0,0,0,0,37,mismatch(e976b219!=38f960dd),load-fail-module-layout,load-fail-crc,__platform_driver_register=crc(26d0cf2d!=dda9df08);platform_driver_unregister=crc(8af50346!=3af3024b);of_get_next_available_child=crc(f2308994!=65f0b02d);devm_kmalloc=crc(d1263f9d!=9601551a);of_property_read_variable_u32_array=crc(5de0294f!=e46d1c95);__mutex_init=crc(81d49dc6!=a571f6b0);strnlen=crc(b5bedffb!=a916b694);sized_strscpy=crc(8f8e273c!=476b165a)
qti_qmi_sensor_v2,qti_qmi_sensor_v2,device/oneplus/infiniti-kernel/qti_qmi_sensor_v2.ko,misc,1,0,41,0,0,0,0,41,mismatch(e976b219!=38f960dd),load-fail-module-layout,load-fail-crc,strncasecmp=crc(7c65196d!=96b29254);system_highpri_wq=crc(571c73d5!=cd91b127);queue_work_on=crc(8f4cd990!=c5b6f236);_printk=crc(16b5b21d!=92997ed8);__platform_driver_register=crc(26d0cf2d!=dda9df08);platform_driver_unregister=crc(8af50346!=3af3024b);of_get_next_available_child=crc(f2308994!=65f0b02d);devm_kmalloc=crc(d1263f9d!=9601551a)
qti_thermal_vendor_hooks,qti_thermal_vendor_hooks,device/oneplus/infiniti-kernel/qti_thermal_vendor_hooks.ko,misc,0,0,5,0,0,0,0,5,mismatch(e976b219!=38f960dd),load-fail-module-layout,load-fail-crc,__tracepoint_android_vh_thermal_pm_notify_suspend=crc(7c5aa8a7!=602601d1);tracepoint_probe_register=crc(15cb871d!=5b50af89);_printk=crc(16b5b21d!=92997ed8);tracepoint_probe_unregister=crc(15cb871d!=b980dc42);module_layout=crc(e976b219!=38f960dd)
qti_userspace_cdev,qti_userspace_cdev,device/oneplus/infiniti-kernel/qti_userspace_cdev.ko,misc,1,0,12,0,0,0,0,12,mismatch(e976b219!=38f960dd),load-fail-module-layout,load-fail-crc,__platform_driver_register=crc(26d0cf2d!=dda9df08);platform_driver_unregister=crc(8af50346!=3af3024b);of_get_next_available_child=crc(f2308994!=65f0b02d);devm_kmalloc=crc(d1263f9d!=9601551a);of_property_read_variable_u32_array=crc(5de0294f!=e46d1c95);strnlen=crc(b5bedffb!=a916b694);sized_strscpy=crc(8f8e273c!=476b165a);devm_thermal_of_cooling_device_register=crc(484fd7ab!=4c223cb2)
qts,qts,device/oneplus/infiniti-kernel/qts.ko,misc,0,0,59,0,0,0,0,59,mismatch(e976b219!=38f960dd),load-fail-module-layout,load-fail-crc,mem_alloc_profiling_key=crc(8ee1928d!=0f05f001);kmalloc_caches=crc(d6ce5659!=559b0832);__kmalloc_cache_noprof=crc(6cc46e45!=57abd7cf);__mutex_init=crc(81d49dc6!=a571f6b0);kernel_kobj=crc(45e1f39a!=253f9cbc);kset_create_and_add=crc(3138eb5c!=807cd607);mutex_lock=crc(995658e3!=d5977bfb);of_count_phandle_with_args=crc(8144ad5b!=a0ad1501)
radio-i2c-rtc6226-qca,radio_i2c_rtc6226_qca,device/oneplus/infiniti-kernel/radio-i2c-rtc6226-qca.ko,misc,1,0,78,0,0,0,1,77,mismatch(e976b219!=38f960dd),load-fail-module-layout,load-fail-crc,_raw_spin_lock_irqsave=crc(aa615763!=34db050b);__kfifo_in=crc(069f1edd!=f23fcb99);_raw_spin_unlock_irqrestore=crc(582af1c8!=d35cce70);__wake_up=crc(f7c60e8b!=e2964344);__stack_chk_fail=crc(d272d446!=f0fdf6cb);_printk=crc(16b5b21d!=92997ed8);wait_for_completion_timeout=crc(6dc35028!=4a3ad70e);msleep=crc(67628f51!=f9a482f9)
rdbg,rdbg,device/oneplus/infiniti-kernel/rdbg.ko,misc,1,0,36,0,0,0,1,35,mismatch(e976b219!=38f960dd),load-fail-module-layout,load-fail-crc,mem_alloc_profiling_key=crc(8ee1928d!=0f05f001);__kmalloc_noprof=crc(27865ec7!=52c5c991);__platform_driver_register=crc(26d0cf2d!=dda9df08);alloc_chrdev_region=crc(a5dac1ce!=e3ec2f2b);cdev_init=crc(c6764f2d!=f73fc634);cdev_add=crc(67805d93!=23a1fef4);class_create=crc(934914c3!=73ab41b8);device_create=crc(ecc3b985!=ccdf99ab)
reboot-mode,reboot_mode,device/oneplus/infiniti-kernel/reboot-mode.ko,misc,1,0,16,0,0,0,0,16,mismatch(e976b219!=38f960dd),load-fail-module-layout,load-fail-crc,_dev_err=crc(6b10178d!=89c10d29);devm_kfree=crc(963fe25e!=36aa809e);strncmp=crc(d6761c95!=5a921311);devm_kmalloc=crc(d1263f9d!=9601551a);of_property_read_variable_u32_array=crc(5de0294f!=e46d1c95);kstrdup_const=crc(fda36fca!=365e7911);__list_add_valid_or_report=crc(6fabd45b!=7e19152a);register_reboot_notifier=crc(0a227d4d!=3517383e)
redriver,redriver,device/oneplus/infiniti-kernel/redriver.ko,misc,1,0,8,0,0,0,0,8,mismatch(e976b219!=38f960dd),load-fail-module-layout,load-fail-crc,_raw_spin_lock=crc(7c62d7bb!=ba8fbd64);_raw_spin_unlock=crc(7c62d7bb!=b5b54b34);__list_add_valid_or_report=crc(6fabd45b!=7e19152a);__list_del_entry_valid_or_report=crc(802f8919!=9a835040);__of_parse_phandle_with_args=crc(e99699d5!=64cc5fec);of_device_is_available=crc(7a32b0be!=8dcaefd7);__stack_chk_fail=crc(d272d446!=f0fdf6cb);module_layout=crc(e976b219!=38f960dd)
repeater-qti-pmic-eusb2,repeater_qti_pmic_eusb2,device/oneplus/infiniti-kernel/repeater-qti-pmic-eusb2.ko,regulator-pmic,1,0,38,0,0,0,3,35,mismatch(e976b219!=38f960dd),load-fail-module-layout,load-fail-crc,__platform_driver_register=crc(26d0cf2d!=dda9df08);platform_driver_unregister=crc(8af50346!=3af3024b);devm_kmalloc=crc(d1263f9d!=9601551a);dev_get_regmap=crc(38acd0f5!=3e1dc6b6);of_property_read_variable_u32_array=crc(5de0294f!=e46d1c95);devm_regulator_get=crc(98863b61!=7b90f198);usb_add_repeater_dev=missing;proc_mkdir=crc(17dad4e0!=6f5cba65)
repeater,repeater,device/oneplus/infiniti-kernel/repeater.ko,misc,1,0,18,0,0,0,0,18,mismatch(e976b219!=38f960dd),load-fail-module-layout,load-fail-crc,put_device=crc(2aa807c4!=7307e245);module_put=crc(648e225c!=a69868bb);__devres_alloc_node=crc(6ac151d5!=f8282e8b);_raw_spin_lock_irqsave=crc(aa615763!=34db050b);of_device_is_available=crc(7a32b0be!=8dcaefd7);try_module_get=crc(8b4800b3!=56b60f0b);devres_add=crc(38248392!=4d651b80);get_device=crc(2d56d2a6!=1cf8a51f)
rmnet_aps,rmnet_aps,device/oneplus/infiniti-kernel/rmnet_aps.ko,network,1,0,61,0,0,0,7,54,mismatch(e976b219!=38f960dd),load-fail-module-layout,load-fail-crc,genl_register_family=crc(576db919!=47c36fbe);genl_unregister_family=crc(66601109!=6cb2a46a);nla_memcpy=crc(e9ff1d71!=f1db1704);mutex_lock=crc(995658e3!=d5977bfb);init_net=crc(853101e3!=66460e0d);dev_get_by_index=crc(d20845b1!=10e29f61);strncmp=crc(d6761c95!=5a921311);mutex_unlock=crc(995658e3!=ed55cabd)
rmnet_core,rmnet_core,device/oneplus/infiniti-kernel/rmnet_core.ko,network,1,0,156,0,0,0,13,143,mismatch(e976b219!=38f960dd),load-fail-module-layout,load-fail-crc,__dev_get_by_index=crc(d20845b1!=09367561);mem_alloc_profiling_key=crc(8ee1928d!=0f05f001);kmalloc_caches=crc(d6ce5659!=559b0832);__kmalloc_cache_noprof=crc(6cc46e45!=57abd7cf);kfree=crc(31359e90!=037a0cba);synchronize_rcu=crc(d272d446!=6091797f);unregister_netdevice_queue=crc(dcb4235b!=dec76050);nla_put=crc(d7e32719!=f9a61ed4)
rmnet_ctl,rmnet_ctl,device/oneplus/infiniti-kernel/rmnet_ctl.ko,network,1,0,27,0,0,0,7,20,mismatch(e976b219!=38f960dd),load-fail-module-layout,load-fail-crc,ipa_register_ipa_ready_cb=missing;_printk=crc(16b5b21d!=92997ed8);ipa_unregister_rmnet_ctl_cb=missing;ipa_register_rmnet_ctl_cb=missing;_raw_spin_lock_bh=crc(7c62d7bb!=0c3690fc);ipa_rmnet_ctl_xmit=missing;_raw_spin_unlock_bh=crc(7c62d7bb!=e46021ca);debugfs_create_dir=crc(85212c97!=bee3c24c)
rmnet_mem,rmnet_mem,device/oneplus/infiniti-kernel/rmnet_mem.ko,network,1,0,45,0,0,0,0,45,mismatch(e976b219!=38f960dd),load-fail-module-layout,load-fail-crc,alt_cb_patch_nops=crc(b8c8345a!=a65c6def);_raw_spin_lock_irqsave=crc(aa615763!=34db050b);raw_notifier_call_chain=crc(b02f5ee9!=a851973a);_raw_spin_unlock_irqrestore=crc(582af1c8!=d35cce70);raw_notifier_chain_register=crc(0b3dd79c!=dc9fa232);raw_notifier_chain_unregister=crc(0b3dd79c!=d06524ba);mem_alloc_profiling_key=crc(8ee1928d!=0f05f001);kmalloc_caches=crc(d6ce5659!=559b0832)
rmnet_offload,rmnet_offload,device/oneplus/infiniti-kernel/rmnet_offload.ko,network,1,0,33,0,0,0,13,20,mismatch(e976b219!=38f960dd),load-fail-module-layout,load-fail-crc,rmnet_module_hook_register=missing;rmnet_module_hook_unregister_no_sync=missing;__stack_chk_fail=crc(d272d446!=f0fdf6cb);rmnet_recycle_frag_descriptor=missing;rmnet_frag_descriptor_add_frags_from=missing;__list_del_entry_valid_or_report=crc(802f8919!=9a835040);__list_add_valid_or_report=crc(6fabd45b!=7e19152a);kstrtoull=crc(3996d9b9!=5c3c7387)
rmnet_perf,rmnet_perf,device/oneplus/infiniti-kernel/rmnet_perf.ko,network,1,0,66,0,0,0,3,63,mismatch(e976b219!=38f960dd),load-fail-module-layout,load-fail-crc,ipv6_skip_exthdr=crc(a4f41b33!=3b32317d);skb_copy_bits=crc(f958eb46!=131c942e);__stack_chk_fail=crc(d272d446!=f0fdf6cb);__pskb_pull_tail=crc(516786dc!=a2e1d05b);_printk=crc(16b5b21d!=92997ed8);__alloc_skb=crc(f9414958!=8a292505);genlmsg_put=crc(a1bf231c!=35179be6);mem_alloc_profiling_key=crc(8ee1928d!=0f05f001)
rmnet_perf_tether,rmnet_perf_tether,device/oneplus/infiniti-kernel/rmnet_perf_tether.ko,network,1,0,27,0,0,0,3,24,mismatch(e976b219!=38f960dd),load-fail-module-layout,load-fail-crc,_raw_spin_lock_irqsave=crc(aa615763!=34db050b);_raw_spin_unlock_irqrestore=crc(582af1c8!=d35cce70);__stack_chk_fail=crc(d272d446!=f0fdf6cb);__list_add_valid_or_report=crc(6fabd45b!=7e19152a);init_net=crc(853101e3!=66460e0d);__dev_get_by_index=crc(d20845b1!=09367561);__list_del_entry_valid_or_report=crc(802f8919!=9a835040);dev_get_by_name=crc(8dcf2ec8!=533e7409)
rmnet_sch,rmnet_sch,device/oneplus/infiniti-kernel/rmnet_sch.ko,network,1,0,9,0,0,0,0,9,mismatch(e976b219!=38f960dd),load-fail-module-layout,load-fail-crc,_printk=crc(16b5b21d!=92997ed8);register_qdisc=crc(8cfed007!=c281a010);unregister_qdisc=crc(b00b69c3!=d76d3b26);preempt_schedule_notrace=crc(d272d446!=f70e4a4d);alt_cb_patch_nops=crc(b8c8345a!=a65c6def);kfree_skb_list_reason=crc(bd349df2!=d2702804);param_ops_charp=crc(fc32a8b7!=cf9a411f);param_array_ops=crc(fc32a8b7!=b269324e)
rmnet_shs,rmnet_shs,device/oneplus/infiniti-kernel/rmnet_shs.ko,network,1,0,138,0,0,0,34,104,mismatch(e976b219!=38f960dd),load-fail-module-layout,load-fail-crc,rmnet_module_hook_unregister_no_sync=missing;rmnet_module_hook_register=missing;__tracepoint_rmnet_shs_wq_low=missing;_raw_spin_lock_bh=crc(7c62d7bb!=0c3690fc);_raw_spin_unlock_bh=crc(7c62d7bb!=e46021ca);__list_add_valid_or_report=crc(6fabd45b!=7e19152a);__cpu_online_mask=crc(4e994f70!=ac594e02);__traceiter_rmnet_shs_wq_low=missing
rmnet_wlan,rmnet_wlan,device/oneplus/infiniti-kernel/rmnet_wlan.ko,network,1,0,70,0,0,0,2,68,mismatch(e976b219!=38f960dd),load-fail-module-layout,load-fail-crc,cancel_delayed_work_sync=crc(22a4e35b!=cec49a87);system_wq=crc(571c73d5!=2d3385d3);queue_delayed_work_on=crc(bb4f284a!=42ad47ad);skb_copy_bits=crc(f958eb46!=131c942e);__stack_chk_fail=crc(d272d446!=f0fdf6cb);rmnet_module_hook_register=missing;rmnet_module_hook_unregister_no_sync=missing;synchronize_rcu=crc(d272d446!=6091797f)
rpmh-regulator,rpmh_regulator,device/oneplus/infiniti-kernel/rpmh-regulator.ko,regulator-pmic,0,0,38,0,0,0,6,32,mismatch(e976b219!=38f960dd),load-fail-module-layout,load-fail-crc,ipc_log_context_create=missing;__platform_driver_register=crc(26d0cf2d!=dda9df08);ipc_log_context_destroy=missing;platform_driver_unregister=crc(8af50346!=3af3024b);devm_kmalloc=crc(d1263f9d!=9601551a);__mutex_init=crc(81d49dc6!=a571f6b0);of_match_node=crc(fafe4b12!=db2a782a);of_property_read_string=crc(fc9f25c0!=27bdd89b)
rproc_qcom_common,rproc_qcom_common,device/oneplus/infiniti-kernel/rproc_qcom_common.ko,rproc-glink,1,0,82,0,0,0,0,82,mismatch(e976b219!=38f960dd),load-fail-module-layout,load-fail-crc,qcom_smem_get=crc(869bde71!=5899664c);_dev_err=crc(6b10178d!=89c10d29);kfree=crc(31359e90!=037a0cba);__list_del_entry_valid_or_report=crc(802f8919!=9a835040);rproc_coredump_cleanup=crc(687bd2be!=6f96201f);rproc_coredump=crc(687bd2be!=5a246466);arm64_use_ng_mappings=crc(3239fbdb!=af56600a);ioremap_prot=crc(c948ac44!=40863ba1)
rtc-pm8xxx,rtc_pm8xxx,device/oneplus/infiniti-kernel/rtc-pm8xxx.ko,regulator-pmic,0,0,29,0,0,0,0,29,mismatch(e976b219!=38f960dd),load-fail-module-layout,load-fail-crc,__platform_driver_register=crc(26d0cf2d!=dda9df08);platform_driver_unregister=crc(8af50346!=3af3024b);of_match_node=crc(fafe4b12!=db2a782a);devm_kmalloc=crc(d1263f9d!=9601551a);dev_get_regmap=crc(38acd0f5!=3e1dc6b6);platform_get_irq=crc(a39e1523!=c5e9775d);of_find_property=crc(9a0c7532!=4d1675b6);devm_nvmem_cell_get=crc(8ac07a09!=f23350d6)
saupwk,saupwk,device/oneplus/infiniti-kernel/saupwk.ko,misc,0,0,2,0,0,0,0,2,mismatch(e976b219!=38f960dd),load-fail-module-layout,load-fail-crc,param_ops_string=crc(fc32a8b7!=7eb96cab);module_layout=crc(e976b219!=38f960dd)
sched-walt,sched_walt,device/oneplus/infiniti-kernel/sched-walt.ko,sched-pm,0,0,347,0,0,0,47,300,mismatch(e976b219!=38f960dd),load-fail-module-layout,load-fail-crc,init_task=crc(35075030!=8780cdbc);vendor_data_pad=crc(f54e5881!=d820ab9a);sched_clock=crc(f018baf9!=e94986d6);_printk_deferred=crc(16b5b21d!=1e19eb6c);nr_cpu_ids=crc(f296206e!=017de3d5);scnprintf=crc(f4386284!=96848186);__stack_chk_fail=crc(d272d446!=f0fdf6cb);__per_cpu_offset=crc(0de4cab5!=280f9f14)
sdca_registers_dlkm,sdca_registers_dlkm,device/oneplus/infiniti-kernel/sdca_registers_dlkm.ko,misc,0,0,18,0,0,0,1,17,mismatch(e976b219!=38f960dd),load-fail-module-layout,load-fail-crc,debugfs_create_dir=crc(85212c97!=bee3c24c);debugfs_create_file=crc(d0616c24!=fcb58d19);_dev_err=crc(6b10178d!=89c10d29);debugfs_remove=crc(608c0df3!=ab0f296e);snprintf=crc(f4386284!=656e4a6e);simple_read_from_buffer=crc(f7ec7b9a!=619cb7dd);__stack_chk_fail=crc(d272d446!=f0fdf6cb);__check_object_size=missing
sdhci-msm,sdhci_msm,device/oneplus/infiniti-kernel/sdhci-msm.ko,misc,0,0,155,0,0,0,2,153,mismatch(e976b219!=38f960dd),load-fail-module-layout,load-fail-crc,__platform_driver_register=crc(26d0cf2d!=dda9df08);platform_driver_unregister=crc(8af50346!=3af3024b);log_read_mmio=crc(f5e9ca2e!=6b722180);log_post_read_mmio=crc(ec62c96b!=0c1a5ee3);log_write_mmio=crc(295b83ed!=c905402b);log_post_write_mmio=crc(295b83ed!=fa4d3c24);of_find_property=crc(9a0c7532!=4d1675b6);nvmem_cell_get=crc(8ac07a09!=6a820f4d)
secure_buffer,secure_buffer,device/oneplus/infiniti-kernel/secure_buffer.ko,secure,0,0,39,0,0,0,0,39,mismatch(e976b219!=38f960dd),load-fail-module-layout,load-fail-crc,trace_event_buffer_reserve=crc(40964d00!=ef09c050);memcpy=crc(8a7493b2!=4829a47e);trace_event_buffer_commit=crc(ffe3783c!=f95e6f0d);__trace_trigger_soft_disabled=crc(cb5e01d7!=dd84a68a);__stack_chk_fail=crc(d272d446!=f0fdf6cb);perf_trace_buf_alloc=crc(231ad1b8!=2d2c902f);perf_trace_run_bpf_submit=crc(2a290ade!=1c86eaa7);bpf_trace_run5=crc(df495bd0!=92d33301)
sg,sg,device/oneplus/infiniti-kernel/sg.ko,misc,0,0,95,0,0,0,2,93,mismatch(e976b219!=38f960dd),load-fail-module-layout,load-fail-crc,register_chrdev_region=crc(e3a536c7!=3fd78f3b);class_register=crc(34c2451d!=7ced5682);unregister_chrdev_region=crc(0bc5fb0d!=6091b333);scsi_register_interface=crc(4f285ae5!=c9734a3c);class_unregister=crc(0eaa09a8!=28c5b8a6);register_sysctl_sz=crc(695cd80d!=3bd45f5c);unregister_sysctl_table=crc(7a4f524e!=1693c4c3);class_interface_unregister=crc(ec7f110c!=7c93ce4a)
si_core_module,si_core_module,device/oneplus/infiniti-kernel/si_core_module.ko,misc,1,0,70,0,0,0,2,68,mismatch(e976b219!=38f960dd),load-fail-module-layout,load-fail-crc,qcom_scm_invoke_smc=crc(fc03a89b!=6a57beeb);qcom_scm_invoke_callback_response=crc(a3ea39cb!=46af89ee);msleep=crc(67628f51!=f9a482f9);_printk=crc(16b5b21d!=92997ed8);__cpu_online_mask=crc(4e994f70!=ac594e02);preempt_schedule_notrace=crc(d272d446!=f70e4a4d);strlen=crc(90d19584!=98cf60b3);trace_event_buffer_reserve=crc(40964d00!=ef09c050)
simple_amp_dlkm,simple_amp_dlkm,device/oneplus/infiniti-kernel/simple_amp_dlkm.ko,misc,0,0,75,0,0,0,10,65,mismatch(e976b219!=38f960dd),load-fail-module-layout,load-fail-crc,_printk=crc(16b5b21d!=92997ed8);regmap_read=crc(23aa8f00!=61488f9c);___ratelimit=crc(a3384a5c!=f5edea2e);__stack_chk_fail=crc(d272d446!=f0fdf6cb);swr_driver_register=missing;swr_driver_unregister=missing;devm_kmalloc=crc(d1263f9d!=9601551a);of_property_count_elems_of_size=crc(a657ffb0!=2b5749ee)
slc_mpam,slc_mpam,device/oneplus/infiniti-kernel/slc_mpam.ko,misc,1,0,35,0,0,0,9,26,mismatch(e976b219!=38f960dd),load-fail-module-layout,load-fail-crc,__platform_driver_register=crc(26d0cf2d!=dda9df08);platform_driver_unregister=crc(8af50346!=3af3024b);platform_mpam_get_root_group=missing;qcom_msc_lookup=missing;msc_system_get_mpam_version=missing;of_get_next_child=crc(f2308994!=63cc3e7d);sized_strscpy=crc(8f8e273c!=476b165a);of_property_read_variable_u32_array=crc(5de0294f!=e46d1c95)
slc_perfmon,slc_perfmon,device/oneplus/infiniti-kernel/slc_perfmon.ko,misc,0,0,43,0,0,0,1,42,mismatch(e976b219!=38f960dd),load-fail-module-layout,load-fail-crc,__platform_driver_register=crc(26d0cf2d!=dda9df08);platform_driver_unregister=crc(8af50346!=3af3024b);get_qcom_scmi_device=missing;devm_clk_get=crc(f92eae1a!=4177572f);devm_kmalloc=crc(d1263f9d!=9601551a);__mutex_init=crc(81d49dc6!=a571f6b0);of_property_read_variable_u32_array=crc(5de0294f!=e46d1c95);platform_get_resource_byname=crc(cc1c0f0f!=ddf84c88)
slim-qcom-ngd-ctrl,slim_qcom_ngd_ctrl,device/oneplus/infiniti-kernel/slim-qcom-ngd-ctrl.ko,misc,1,0,118,0,0,0,3,115,mismatch(e976b219!=38f960dd),load-fail-module-layout,load-fail-crc,strlen=crc(90d19584!=98cf60b3);trace_event_buffer_reserve=crc(40964d00!=ef09c050);memcpy=crc(8a7493b2!=4829a47e);vsnprintf=crc(78dfe782!=00148653);trace_event_buffer_commit=crc(ffe3783c!=f95e6f0d);__trace_trigger_soft_disabled=crc(cb5e01d7!=dd84a68a);__stack_chk_fail=crc(d272d446!=f0fdf6cb);perf_trace_buf_alloc=crc(231ad1b8!=2d2c902f)
slimbus,slimbus,device/oneplus/infiniti-kernel/slimbus.ko,misc,1,0,51,0,0,0,0,51,mismatch(e976b219!=38f960dd),load-fail-module-layout,load-fail-crc,of_match_device=crc(dc0ce4b9!=a52b876a);add_uevent_var=crc(b7ec1db1!=9c6febfc);_dev_err=crc(6b10178d!=89c10d29);driver_register=crc(794ad139!=40274166);driver_unregister=crc(7ec07b0d!=e861a9a2);ida_alloc_range=crc(9d6ab308!=e7a02573);__mutex_init=crc(81d49dc6!=a571f6b0);__init_swait_queue_head=crc(d4e429b7!=608741b5)
smcinvoke_dlkm,smcinvoke_dlkm,device/oneplus/infiniti-kernel/smcinvoke_dlkm.ko,secure,1,0,82,0,0,0,9,73,mismatch(e976b219!=38f960dd),load-fail-module-layout,load-fail-crc,provide_qseecom_kernel_fun_ops=missing;memset=crc(110f4d3a!=dcb764ad);snprintf=crc(f4386284!=656e4a6e);firmware_request_nowarn=crc(34ad6a9e!=29135875);mem_alloc_profiling_key=crc(8ee1928d!=0f05f001);__kmalloc_noprof=crc(27865ec7!=52c5c991);qtee_shmbridge_allocate_shm=crc(8c00d5f5!=79123a12);memcpy=crc(8a7493b2!=4829a47e)
smem-mailbox,smem_mailbox,device/oneplus/infiniti-kernel/smem-mailbox.ko,misc,1,0,21,0,0,0,0,21,mismatch(e976b219!=38f960dd),load-fail-module-layout,load-fail-crc,_printk=crc(16b5b21d!=92997ed8);qcom_smem_get=crc(869bde71!=5899664c);__memcpy_fromio=crc(7c5d831e!=5d112304);mem_alloc_profiling_key=crc(8ee1928d!=0f05f001);kmalloc_caches=crc(d6ce5659!=559b0832);__kmalloc_cache_noprof=crc(6cc46e45!=57abd7cf);strnlen=crc(b5bedffb!=a916b694);sized_strscpy=crc(8f8e273c!=476b165a)
smem,smem,device/oneplus/infiniti-kernel/smem.ko,misc,0,0,24,0,0,0,0,24,mismatch(e976b219!=38f960dd),load-fail-module-layout,load-fail-crc,hwspin_lock_bust=crc(24972801!=d6e51e24);__hwspin_lock_timeout=crc(774be9b8!=b8cca274);__hwspin_unlock=crc(cf1ef8fd!=cf0217e2);_dev_err=crc(6b10178d!=89c10d29);__stack_chk_fail=crc(d272d446!=f0fdf6cb);__platform_driver_register=crc(26d0cf2d!=dda9df08);platform_driver_unregister=crc(8af50346!=3af3024b);of_find_property=crc(9a0c7532!=4d1675b6)
smmu_proxy_dlkm,smmu_proxy_dlkm,device/oneplus/infiniti-kernel/smmu_proxy_dlkm.ko,secure,1,0,38,0,0,0,2,36,mismatch(e976b219!=38f960dd),load-fail-module-layout,load-fail-crc,get_client_env_object=missing;_printk=crc(16b5b21d!=92997ed8);__stack_chk_fail=crc(d272d446!=f0fdf6cb);alloc_chrdev_region=crc(a5dac1ce!=e3ec2f2b);class_create=crc(934914c3!=73ab41b8);cdev_init=crc(c6764f2d!=f73fc634);cdev_add=crc(67805d93!=23a1fef4);device_create=crc(ecc3b985!=ccdf99ab)
smp2p,smp2p,device/oneplus/infiniti-kernel/smp2p.ko,misc,1,0,74,0,0,0,2,72,mismatch(e976b219!=38f960dd),load-fail-module-layout,load-fail-crc,trace_event_buffer_reserve=crc(40964d00!=ef09c050);trace_event_buffer_commit=crc(ffe3783c!=f95e6f0d);__trace_trigger_soft_disabled=crc(cb5e01d7!=dd84a68a);__stack_chk_fail=crc(d272d446!=f0fdf6cb);perf_trace_buf_alloc=crc(231ad1b8!=2d2c902f);perf_trace_run_bpf_submit=crc(2a290ade!=1c86eaa7);bpf_trace_run1=crc(bcae9d73!=129058d9);kfree=crc(31359e90!=037a0cba)
smp2p_sleepstate,smp2p_sleepstate,device/oneplus/infiniti-kernel/smp2p_sleepstate.ko,misc,1,0,16,0,0,0,0,16,mismatch(e976b219!=38f960dd),load-fail-module-layout,load-fail-crc,__platform_driver_register=crc(26d0cf2d!=dda9df08);_printk=crc(16b5b21d!=92997ed8);qcom_smem_state_get=crc(0e5e7e55!=01678aee);qcom_smem_state_update_bits=crc(abfcb568!=f730fb4a);qcom_smem_alloc=crc(abdd305c!=34b57571);qcom_smem_get=crc(869bde71!=5899664c);register_pm_notifier=crc(0a227d4d!=9cc4f70a);wakeup_source_register=crc(6f3ab219!=7494de09)
snd-usb-audio-qmi,snd_usb_audio_qmi,device/oneplus/infiniti-kernel/snd-usb-audio-qmi.ko,misc,1,0,67,0,0,0,3,64,mismatch(e976b219!=38f960dd),load-fail-module-layout,load-fail-crc,__platform_driver_register=crc(26d0cf2d!=dda9df08);qmi_handle_release=crc(43e77c9f!=5f8450f2);kfree=crc(31359e90!=037a0cba);ipc_log_context_destroy=missing;platform_driver_unregister=crc(8af50346!=3af3024b);devm_kmalloc=crc(d1263f9d!=9601551a);of_property_read_variable_u32_array=crc(5de0294f!=e46d1c95);iommu_domain_alloc=crc(c601bc97!=a3ed50b9)
snd_event_dlkm,snd_event_dlkm,device/oneplus/infiniti-kernel/snd_event_dlkm.ko,misc,1,0,13,0,0,0,0,13,mismatch(e976b219!=38f960dd),load-fail-module-layout,load-fail-crc,mem_alloc_profiling_key=crc(8ee1928d!=0f05f001);kmalloc_caches=crc(d6ce5659!=559b0832);__kmalloc_cache_noprof=crc(6cc46e45!=57abd7cf);mutex_lock=crc(995658e3!=d5977bfb);mutex_unlock=crc(995658e3!=ed55cabd);___ratelimit=crc(a3384a5c!=f5edea2e);_printk=crc(16b5b21d!=92997ed8);__list_add_valid_or_report=crc(6fabd45b!=7e19152a)
socinfo,socinfo,device/oneplus/infiniti-kernel/socinfo.ko,misc,0,0,31,0,0,0,0,31,mismatch(e976b219!=38f960dd),load-fail-module-layout,load-fail-crc,_printk=crc(16b5b21d!=92997ed8);strnlen=crc(b5bedffb!=a916b694);sized_strscpy=crc(8f8e273c!=476b165a);__fortify_panic=crc(31b67631!=75ca79b5);__platform_driver_register=crc(26d0cf2d!=dda9df08);platform_driver_unregister=crc(8af50346!=3af3024b);qcom_smem_get=crc(869bde71!=5899664c);devm_kmalloc=crc(d1263f9d!=9601551a)
spcom,spcom,device/oneplus/infiniti-kernel/spcom.ko,misc,1,0,73,0,0,0,4,69,mismatch(e976b219!=38f960dd),load-fail-module-layout,load-fail-crc,_printk=crc(16b5b21d!=92997ed8);ipc_log_string=missing;__platform_driver_register=crc(26d0cf2d!=dda9df08);platform_driver_unregister=crc(8af50346!=3af3024b);of_find_property=crc(9a0c7532!=4d1675b6);mem_alloc_profiling_key=crc(8ee1928d!=0f05f001);__kmalloc_large_noprof=crc(27865ec7!=441d0de9);__mutex_init=crc(81d49dc6!=a571f6b0)
spf_core_dlkm,spf_core_dlkm,device/oneplus/infiniti-kernel/spf_core_dlkm.ko,misc,1,0,36,0,0,0,3,33,mismatch(e976b219!=38f960dd),load-fail-module-layout,load-fail-crc,mutex_lock=crc(995658e3!=d5977bfb);jiffies=crc(f2a4b08a!=15ba50a6);__msecs_to_jiffies=crc(7162a662!=7f02188f);___ratelimit=crc(a3384a5c!=f5edea2e);usleep_range_state=crc(fdbae8c6!=c3055d20);gpr_send_pkt=missing;init_wait_entry=crc(6668f05d!=fe487975);prepare_to_wait_event=crc(a29be00c!=8c26d495)
spi-msm-geni,spi_msm_geni,device/oneplus/infiniti-kernel/spi-msm-geni.ko,misc,1,0,107,0,0,0,3,104,mismatch(e976b219!=38f960dd),load-fail-module-layout,load-fail-crc,strlen=crc(90d19584!=98cf60b3);trace_event_buffer_reserve=crc(40964d00!=ef09c050);memcpy=crc(8a7493b2!=4829a47e);vsnprintf=crc(78dfe782!=00148653);trace_event_buffer_commit=crc(ffe3783c!=f95e6f0d);__trace_trigger_soft_disabled=crc(cb5e01d7!=dd84a68a);__stack_chk_fail=crc(d272d446!=f0fdf6cb);perf_trace_buf_alloc=crc(231ad1b8!=2d2c902f)
spmi-pmic-arb-debug,spmi_pmic_arb_debug,device/oneplus/infiniti-kernel/spmi-pmic-arb-debug.ko,regulator-pmic,1,0,33,0,0,0,0,33,mismatch(e976b219!=38f960dd),load-fail-module-layout,load-fail-crc,__platform_driver_register=crc(26d0cf2d!=dda9df08);platform_driver_unregister=crc(8af50346!=3af3024b);of_property_read_variable_u32_array=crc(5de0294f!=e46d1c95);platform_get_resource_byname=crc(cc1c0f0f!=ddf84c88);arm64_use_ng_mappings=crc(3239fbdb!=af56600a);ioremap_prot=crc(c948ac44!=40863ba1);iounmap=crc(fbb66790!=edc03953);devm_kmalloc=crc(d1263f9d!=9601551a)
spmi-pmic-arb,spmi_pmic_arb,device/oneplus/infiniti-kernel/spmi-pmic-arb.ko,regulator-pmic,0,0,56,0,0,0,0,56,mismatch(e976b219!=38f960dd),load-fail-module-layout,load-fail-crc,__of_parse_phandle_with_args=crc(e99699d5!=64cc5fec);of_device_is_compatible=crc(c993f0e5!=9be608c5);of_find_device_by_node=crc(65e45ac5!=e3dc67df);_printk=crc(16b5b21d!=92997ed8);__stack_chk_fail=crc(d272d446!=f0fdf6cb);__platform_driver_register=crc(26d0cf2d!=dda9df08);platform_driver_unregister=crc(8af50346!=3af3024b);devm_kmalloc=crc(d1263f9d!=9601551a)
sps_drv,sps_drv,device/oneplus/infiniti-kernel/sps_drv.ko,misc,1,0,72,0,0,0,4,68,mismatch(e976b219!=38f960dd),load-fail-module-layout,load-fail-crc,ipc_log_string=missing;_printk=crc(16b5b21d!=92997ed8);___ratelimit=crc(a3384a5c!=f5edea2e);memstart_addr=crc(c9a2f5d2!=9688de8b);scnprintf=crc(f4386284!=96848186);__stack_chk_fail=crc(d272d446!=f0fdf6cb);log_read_mmio=crc(f5e9ca2e!=6b722180);log_post_read_mmio=crc(ec62c96b!=0c1a5ee3)
spss_utils,spss_utils,device/oneplus/infiniti-kernel/spss_utils.ko,misc,1,0,52,0,0,0,1,51,mismatch(e976b219!=38f960dd),load-fail-module-layout,load-fail-crc,__platform_driver_register=crc(26d0cf2d!=dda9df08);_printk=crc(16b5b21d!=92997ed8);platform_driver_unregister=crc(8af50346!=3af3024b);of_property_read_string=crc(fc9f25c0!=27bdd89b);of_property_read_variable_u32_array=crc(5de0294f!=e46d1c95);arm64_use_ng_mappings=crc(3239fbdb!=af56600a);ioremap_prot=crc(c948ac44!=40863ba1);iounmap=crc(fbb66790!=edc03953)
st_fts,st_fts,device/oneplus/infiniti-kernel/st_fts.ko,misc,0,0,94,0,0,0,2,92,mismatch(e976b219!=38f960dd),load-fail-module-layout,load-fail-crc,input_event=crc(9c6be304!=bdfd6d17);input_mt_report_slot_state=crc(61e6a0fd!=e56b99b1);mutex_lock=crc(995658e3!=d5977bfb);mutex_unlock=crc(995658e3!=ed55cabd);panel_event_notifier_register=crc(8447562d!=bfeb38d0);mem_alloc_profiling_key=crc(8ee1928d!=0f05f001);kmalloc_caches=crc(d6ce5659!=559b0832);__kmalloc_cache_noprof=crc(6cc46e45!=57abd7cf)
stm_console,stm_console,device/oneplus/infiniti-kernel/stm_console.ko,misc,1,0,6,0,0,0,0,6,mismatch(e976b219!=38f960dd),load-fail-module-layout,load-fail-crc,stm_source_register_device=crc(d77c27a1!=d7d4d604);stm_source_unregister_device=crc(c9c8ab5a!=f0d5ecdb);register_console=crc(092279bd!=5d53082c);unregister_console=crc(3b46cc3a!=03938801);stm_source_write=crc(bfae5e92!=a1fc7d5d);module_layout=crc(e976b219!=38f960dd)
stm_core,stm_core,device/oneplus/infiniti-kernel/stm_core.ko,misc,1,0,72,0,0,0,1,71,mismatch(e976b219!=38f960dd),load-fail-module-layout,load-fail-crc,device_match_name=crc(ee9df0a8!=449d55f3);class_find_device=crc(1dd811f7!=b35fa15c);try_module_get=crc(8b4800b3!=56b60f0b);put_device=crc(2aa807c4!=7307e245);module_put=crc(648e225c!=a69868bb);mutex_lock=crc(995658e3!=d5977bfb);strcmp=crc(f5df0401!=e2d5255a);mem_alloc_profiling_key=crc(8ee1928d!=0f05f001)
stm_ftrace,stm_ftrace,device/oneplus/infiniti-kernel/stm_ftrace.ko,misc,1,0,9,0,0,0,0,9,mismatch(e976b219!=38f960dd),load-fail-module-layout,load-fail-crc,__cpu_possible_mask=crc(4e994f70!=de7ece30);__sw_hweight64=crc(be1fa9a4!=9f46ced8);stm_source_register_device=crc(d77c27a1!=d7d4d604);_printk=crc(16b5b21d!=92997ed8);stm_source_unregister_device=crc(c9c8ab5a!=f0d5ecdb);register_ftrace_export=crc(d4d0f49b!=9593ef31);unregister_ftrace_export=crc(d4d0f49b!=81f372a2);stm_source_write=crc(bfae5e92!=a1fc7d5d)
stm_heartbeat,stm_heartbeat,device/oneplus/infiniti-kernel/stm_heartbeat.ko,misc,1,0,11,0,0,0,0,11,mismatch(e976b219!=38f960dd),load-fail-module-layout,load-fail-crc,kasprintf=crc(ee6b5fe5!=fb384d37);hrtimer_init=crc(80684a2f!=ea82d349);stm_source_register_device=crc(d77c27a1!=d7d4d604);stm_source_unregister_device=crc(c9c8ab5a!=f0d5ecdb);kfree=crc(31359e90!=037a0cba);hrtimer_start_range_ns=crc(afb2b6c9!=c0b7c197);hrtimer_cancel=crc(f42c304c!=102fe6de);stm_source_write=crc(bfae5e92!=a1fc7d5d)
stm_nfc_i2c,stm_nfc_i2c,device/oneplus/infiniti-kernel/stm_nfc_i2c.ko,misc,0,0,61,0,0,0,2,59,mismatch(e976b219!=38f960dd),load-fail-module-layout,load-fail-crc,nvmem_cell_write=crc(791ba436!=202d4ed6);_printk=crc(16b5b21d!=92997ed8);nvmem_cell_read=crc(22690a37!=99f018c4);_dev_err=crc(6b10178d!=89c10d29);_dev_info=crc(6b10178d!=8dacace4);kfree=crc(31359e90!=037a0cba);__stack_chk_fail=crc(d272d446!=f0fdf6cb);gpiod_get_value=crc(8fdfd4d8!=6d1faffb)
stm_p_ost,stm_p_ost,device/oneplus/infiniti-kernel/stm_p_ost.ko,misc,1,0,15,0,0,0,0,15,mismatch(e976b219!=38f960dd),load-fail-module-layout,load-fail-crc,stm_register_protocol=crc(e6a89596!=ddeb1bac);stm_unregister_protocol=crc(ba8386d0!=33b9c479);sched_clock=crc(f018baf9!=e94986d6);stm_data_write=crc(14eed713!=14657169);__stack_chk_fail=crc(d272d446!=f0fdf6cb);mem_alloc_profiling_key=crc(8ee1928d!=0f05f001);kmalloc_caches=crc(d6ce5659!=559b0832);__kmalloc_cache_noprof=crc(6cc46e45!=57abd7cf)
stm_st54se_gpio,stm_st54se_gpio,device/oneplus/infiniti-kernel/stm_st54se_gpio.ko,misc,0,0,23,0,0,0,0,23,mismatch(e976b219!=38f960dd),load-fail-module-layout,load-fail-crc,gpio_to_desc=crc(a49e2188!=5a24a77c);gpiod_get_raw_value=crc(8fdfd4d8!=e4890657);gpiod_set_raw_value=crc(ffbbe456!=cfc9d9bf);usleep_range_state=crc(fdbae8c6!=c3055d20);_printk=crc(16b5b21d!=92997ed8);__platform_driver_register=crc(26d0cf2d!=dda9df08);platform_driver_unregister=crc(8af50346!=3af3024b);devm_kmalloc=crc(d1263f9d!=9601551a)
storage_log,storage_log,device/oneplus/infiniti-kernel/storage_log.ko,misc,0,0,26,0,0,0,1,25,mismatch(e976b219!=38f960dd),load-fail-module-layout,load-fail-crc,vsnprintf=crc(78dfe782!=00148653);sched_clock=crc(f018baf9!=e94986d6);sprintf=crc(69b7acda!=3c3ff9fd);_raw_spin_lock_irqsave=crc(aa615763!=34db050b);memcpy=crc(8a7493b2!=4829a47e);_raw_spin_unlock_irqrestore=crc(582af1c8!=d35cce70);__fortify_panic=crc(31b67631!=75ca79b5);__stack_chk_fail=crc(d272d446!=f0fdf6cb)
stub-regulator,stub_regulator,device/oneplus/infiniti-kernel/stub-regulator.ko,regulator-pmic,0,0,12,0,0,0,1,11,mismatch(e976b219!=38f960dd),load-fail-module-layout,load-fail-crc,__platform_driver_register=crc(26d0cf2d!=dda9df08);platform_driver_unregister=crc(8af50346!=3af3024b);devm_kmalloc=crc(d1263f9d!=9601551a);of_get_regulator_init_data=crc(e56d3b9b!=8edffd07);of_property_read_variable_u32_array=crc(5de0294f!=e46d1c95);devm_kstrdup=crc(63b8d0f8!=50860ba0);devm_regulator_register=crc(3d34a210!=132ed42f);devm_regulator_debug_register=missing
stub_dlkm,stub_dlkm,device/oneplus/infiniti-kernel/stub_dlkm.ko,misc,1,0,5,0,0,0,0,5,mismatch(e976b219!=38f960dd),load-fail-module-layout,load-fail-crc,__platform_driver_register=crc(26d0cf2d!=dda9df08);platform_driver_unregister=crc(8af50346!=3af3024b);snd_soc_register_component=crc(61a945c4!=2454ae99);snd_soc_unregister_component=crc(4ee10116!=8f003d02);module_layout=crc(e976b219!=38f960dd)
swr_ctrl_dlkm,swr_ctrl_dlkm,device/oneplus/infiniti-kernel/swr_ctrl_dlkm.ko,audio,1,0,113,0,0,0,17,96,mismatch(e976b219!=38f960dd),load-fail-module-layout,load-fail-crc,of_get_named_gpio=crc(08f8b82c!=60133d8b);gpio_to_desc=crc(a49e2188!=5a24a77c);gpiod_to_irq=crc(8fdfd4d8!=5f93cf57);___ratelimit=crc(a3384a5c!=f5edea2e);platform_get_irq_byname=crc(95367eeb!=08a61cc9);request_threaded_irq=crc(c407eb52!=92d5838e);_dev_err=crc(6b10178d!=89c10d29);irq_set_irq_wake=crc(fe9be5a6!=ce2840e7)
swr_dlkm,swr_dlkm,device/oneplus/infiniti-kernel/swr_dlkm.ko,audio,1,0,42,0,0,0,0,42,mismatch(e976b219!=38f960dd),load-fail-module-layout,load-fail-crc,__regmap_init=crc(ed49dd68!=c3c4807a);__devm_regmap_init=crc(ed49dd68!=02973e87);dev_get_regmap=crc(38acd0f5!=3e1dc6b6);mem_alloc_profiling_key=crc(8ee1928d!=0f05f001);__kmalloc_noprof=crc(27865ec7!=52c5c991);___ratelimit=crc(a3384a5c!=f5edea2e);kfree=crc(31359e90!=037a0cba);_dev_err=crc(6b10178d!=89c10d29)
swr_dmic_dlkm,swr_dmic_dlkm,device/oneplus/infiniti-kernel/swr_dmic_dlkm.ko,audio,1,0,43,0,0,0,10,33,mismatch(e976b219!=38f960dd),load-fail-module-layout,load-fail-crc,swr_driver_register=missing;swr_driver_unregister=missing;devm_kmalloc=crc(d1263f9d!=9601551a);of_property_read_variable_u32_array=crc(5de0294f!=e46d1c95);__of_parse_phandle_with_args=crc(e99699d5!=64cc5fec);of_find_device_by_node=crc(65e45ac5!=e3dc67df);snd_soc_lookup_component=crc(a66c1efd!=fe9593f6);wcd939x_codec_force_enable_micbias_v2=missing
swr_haptics_dlkm,swr_haptics_dlkm,device/oneplus/infiniti-kernel/swr_haptics_dlkm.ko,audio,1,0,41,0,0,0,12,29,mismatch(e976b219!=38f960dd),load-fail-module-layout,load-fail-crc,swr_driver_register=missing;swr_driver_unregister=missing;devm_kmalloc=crc(d1263f9d!=9601551a);of_device_get_match_data=crc(be4e2011!=218d268b);__mutex_init=crc(81d49dc6!=a571f6b0);of_property_read_variable_u32_array=crc(5de0294f!=e46d1c95);of_find_property=crc(9a0c7532!=4d1675b6);devm_regulator_get=crc(98863b61!=7b90f198)
sync_fence,sync_fence,device/oneplus/infiniti-kernel/sync_fence.ko,mm-driver,1,0,55,0,0,0,1,54,mismatch(e976b219!=38f960dd),load-fail-module-layout,load-fail-crc,__msecs_to_jiffies=crc(7162a662!=7f02188f);init_wait_entry=crc(6668f05d!=fe487975);prepare_to_wait_event=crc(a29be00c!=8c26d495);schedule_timeout=crc(0bac81a1!=8ddd8aad);finish_wait=crc(3d03c2e0!=92540fbf);_printk=crc(16b5b21d!=92997ed8);__stack_chk_fail=crc(d272d446!=f0fdf6cb);__fortify_panic=crc(31b67631!=75ca79b5)
synx-driver,synx_driver,device/oneplus/infiniti-kernel/synx-driver.ko,mm-driver,1,0,105,0,0,0,16,89,mismatch(e976b219!=38f960dd),load-fail-module-layout,load-fail-crc,_printk=crc(16b5b21d!=92997ed8);mutex_lock=crc(995658e3!=d5977bfb);mutex_unlock=crc(995658e3!=ed55cabd);___ratelimit=crc(a3384a5c!=f5edea2e);kfree=crc(31359e90!=037a0cba);dma_fence_array_ops=crc(2f6bf308!=8a833583);dma_fence_remove_callback=crc(24823257!=70daa11e);_raw_spin_lock_irqsave=crc(aa615763!=34db050b)
sys_pm_vx,sys_pm_vx,device/oneplus/infiniti-kernel/sys_pm_vx.ko,misc,1,0,42,0,0,0,0,42,mismatch(e976b219!=38f960dd),load-fail-module-layout,load-fail-crc,mutex_lock=crc(995658e3!=d5977bfb);mutex_unlock=crc(995658e3!=ed55cabd);__platform_driver_register=crc(26d0cf2d!=dda9df08);platform_driver_unregister=crc(8af50346!=3af3024b);devm_kmalloc=crc(d1263f9d!=9601551a);of_iomap=crc(e2ff4068!=1e39818e);of_match_node=crc(fafe4b12!=db2a782a);debugfs_create_dir=crc(85212c97!=bee3c24c)
sysmon_subsystem_stats,sysmon_subsystem_stats,device/oneplus/infiniti-kernel/sysmon_subsystem_stats.ko,misc,1,0,26,0,0,0,0,26,mismatch(e976b219!=38f960dd),load-fail-module-layout,load-fail-crc,_printk=crc(16b5b21d!=92997ed8);qcom_smem_get=crc(869bde71!=5899664c);__stack_chk_fail=crc(d272d446!=f0fdf6cb);arch_timer_read_counter=crc(36e9bb71!=75fb9062);memset=crc(110f4d3a!=dcb764ad);memcpy=crc(8a7493b2!=4829a47e);debugfs_create_dir=crc(85212c97!=bee3c24c);debugfs_create_file=crc(d0616c24!=fcb58d19)
tango32,tango32,device/oneplus/infiniti-kernel/tango32.ko,misc,0,0,30,0,0,0,1,29,mismatch(e976b219!=38f960dd),load-fail-module-layout,load-fail-crc,misc_register=crc(d9a13df1!=0a4bc86f);misc_deregister=crc(78d4940f!=b9697e94);__arch_copy_to_user=crc(1f42c609!=6cbbfc54);fdget=crc(b7218f7c!=7230beea);alt_cb_patch_nops=crc(b8c8345a!=a65c6def);security_file_ioctl=crc(8b08d57f!=6dc8b9c2);__tracepoint_mmap_lock_start_locking=crc(7c5aa8a7!=385c7481);down_write_killable=crc(cd6876a9!=ced2405e)
tcsrcc-canoe,tcsrcc_canoe,device/oneplus/infiniti-kernel/tcsrcc-canoe.ko,misc,0,0,9,0,0,0,0,9,mismatch(e976b219!=38f960dd),load-fail-module-layout,load-fail-crc,__platform_driver_register=crc(26d0cf2d!=dda9df08);platform_driver_unregister=crc(8af50346!=3af3024b);qcom_cc_map=crc(60e78d81!=24dcedd6);qcom_cc_really_probe=crc(91741fe0!=cd7ea79e);dev_err_probe=crc(de026a97!=3083bbb7);_dev_info=crc(6b10178d!=8dacace4);qcom_cc_sync_state=crc(cb661904!=98f6923a);clk_branch2_ops=crc(885fbfd6!=5240eaa2)
test-kit,test_kit,device/oneplus/infiniti-kernel/test-kit.ko,misc,1,0,24,0,0,0,1,23,mismatch(e976b219!=38f960dd),load-fail-module-layout,load-fail-crc,_printk=crc(16b5b21d!=92997ed8);snprintf=crc(f4386284!=656e4a6e);__stack_chk_fail=crc(d272d446!=f0fdf6cb);mem_alloc_profiling_key=crc(8ee1928d!=0f05f001);kmalloc_caches=crc(d6ce5659!=559b0832);__kmalloc_cache_noprof=crc(6cc46e45!=57abd7cf);mutex_lock=crc(995658e3!=d5977bfb);mutex_unlock=crc(995658e3!=ed55cabd)
thermal_config,thermal_config,device/oneplus/infiniti-kernel/thermal_config.ko,thermal,1,0,23,0,0,0,1,22,mismatch(e976b219!=38f960dd),load-fail-module-layout,load-fail-crc,strlen=crc(90d19584!=98cf60b3);thermal_zone_get_zone_by_name=crc(dcba0806!=3bfdcaed);mem_alloc_profiling_key=crc(8ee1928d!=0f05f001);kmalloc_caches=crc(d6ce5659!=559b0832);__kmalloc_cache_noprof=crc(6cc46e45!=57abd7cf);scnprintf=crc(f4386284!=96848186);jiffies_to_msecs=crc(693ab53d!=37befc70);__kmalloc_noprof=crc(27865ec7!=52c5c991)
thermal_pause,thermal_pause,device/oneplus/infiniti-kernel/thermal_pause.ko,thermal,0,0,34,0,0,0,2,32,mismatch(e976b219!=38f960dd),load-fail-module-layout,load-fail-crc,blocking_notifier_chain_register=crc(bde3e279!=bb0c86a5);blocking_notifier_chain_unregister=crc(bde3e279!=963aa2a9);__platform_driver_register=crc(26d0cf2d!=dda9df08);platform_driver_unregister=crc(8af50346!=3af3024b);of_get_next_available_child=crc(f2308994!=65f0b02d);__cpu_possible_mask=crc(4e994f70!=de7ece30);__list_add_valid_or_report=crc(6fabd45b!=7e19152a);of_phandle_iterator_init=crc(bd6d62b7!=91088810)
tmecom-intf_dlkm,tmecom_intf_dlkm,device/oneplus/infiniti-kernel/tmecom-intf_dlkm.ko,misc,0,0,27,0,0,0,0,27,mismatch(e976b219!=38f960dd),load-fail-module-layout,load-fail-crc,_printk=crc(16b5b21d!=92997ed8);_dev_err=crc(6b10178d!=89c10d29);mutex_lock=crc(995658e3!=d5977bfb);memcpy=crc(8a7493b2!=4829a47e);mbox_send_message=crc(df009b30!=3f18d3e0);init_wait_entry=crc(6668f05d!=fe487975);prepare_to_wait_event=crc(a29be00c!=8c26d495);schedule_timeout=crc(0bac81a1!=8ddd8aad)
tz_log_dlkm,tz_log_dlkm,device/oneplus/infiniti-kernel/tz_log_dlkm.ko,secure,1,0,52,0,0,0,1,51,mismatch(e976b219!=38f960dd),load-fail-module-layout,load-fail-crc,mem_alloc_profiling_key=crc(8ee1928d!=0f05f001);kmalloc_caches=crc(d6ce5659!=559b0832);__kmalloc_cache_noprof=crc(6cc46e45!=57abd7cf);mutex_lock=crc(995658e3!=d5977bfb);mutex_unlock=crc(995658e3!=ed55cabd);single_open=crc(d34d4b7a!=a9dab572);kfree=crc(31359e90!=037a0cba);__list_del_entry_valid_or_report=crc(802f8919!=9a835040)
ua_cpu_ioctl,ua_cpu_ioctl,device/oneplus/infiniti-kernel/ua_cpu_ioctl.ko,misc,0,0,113,0,0,0,71,42,mismatch(e976b219!=38f960dd),load-fail-module-layout,load-fail-crc,proc_mkdir=crc(17dad4e0!=6f5cba65);proc_create=crc(bcb84f5d!=4c5e9ba6);input_register_handler=crc(db6bf94a!=51f93f0d);remove_proc_entry=crc(1b68847f!=0514a7b7);single_open=crc(d34d4b7a!=a9dab572);_raw_spin_lock_irqsave=crc(aa615763!=34db050b);seq_printf=crc(8b6a8169!=7eb5779c);_raw_spin_unlock_irqrestore=crc(582af1c8!=d35cce70)
ucsi_qti_glink,ucsi_qti_glink,device/oneplus/infiniti-kernel/ucsi_qti_glink.ko,misc,1,0,39,0,0,0,3,36,mismatch(e976b219!=38f960dd),load-fail-module-layout,load-fail-crc,__platform_driver_register=crc(26d0cf2d!=dda9df08);platform_driver_unregister=crc(8af50346!=3af3024b);devm_kmalloc=crc(d1263f9d!=9601551a);__mutex_init=crc(81d49dc6!=a571f6b0);__init_swait_queue_head=crc(d4e429b7!=608741b5);pmic_glink_register_client=crc(b0110b62!=c34db291);_dev_err=crc(6b10178d!=89c10d29);pmic_glink_unregister_client=crc(d1634642!=56e3edd9)
ufcs_class,ufcs_class,device/oneplus/infiniti-kernel/ufcs_class.ko,charger,1,0,72,0,0,0,0,72,mismatch(e976b219!=38f960dd),load-fail-module-layout,load-fail-crc,_printk=crc(16b5b21d!=92997ed8);mem_alloc_profiling_key=crc(8ee1928d!=0f05f001);kmalloc_caches=crc(d6ce5659!=559b0832);__kmalloc_cache_noprof=crc(6cc46e45!=57abd7cf);device_initialize=crc(2aa807c4!=4c141d4a);__kfifo_alloc=crc(8cf44413!=139f2189);dev_set_name=crc(d18d4c79!=24c8c067);device_set_wakeup_capable=crc(07ce4252!=45d30def)
ufs-oplus-dbg,ufs_oplus_dbg,device/oneplus/infiniti-kernel/ufs-oplus-dbg.ko,misc,0,0,62,0,0,0,3,59,mismatch(e976b219!=38f960dd),load-fail-module-layout,load-fail-crc,ktime_get=crc(ff9a6e5c!=b43f9365);proc_mkdir=crc(17dad4e0!=6f5cba65);proc_create_data=crc(a7a03b02!=e3ac8466);remove_proc_entry=crc(1b68847f!=0514a7b7);rtc_class_open=crc(3d044b82!=178cba5a);rtc_read_time=crc(ae01c9ec!=af02e019);rtc_valid_tm=crc(8fb082d9!=5838f6c9);rtc_class_close=crc(89c67ec4!=605f2c02)
ufs-qcom,ufs_qcom,device/oneplus/infiniti-kernel/ufs-qcom.ko,misc,0,0,228,0,0,0,12,216,mismatch(e976b219!=38f960dd),load-fail-module-layout,load-fail-crc,strlen=crc(90d19584!=98cf60b3);trace_event_buffer_reserve=crc(40964d00!=ef09c050);memcpy=crc(8a7493b2!=4829a47e);trace_event_buffer_commit=crc(ffe3783c!=f95e6f0d);__trace_trigger_soft_disabled=crc(cb5e01d7!=dd84a68a);__stack_chk_fail=crc(d272d446!=f0fdf6cb);perf_trace_buf_alloc=crc(231ad1b8!=2d2c902f);perf_trace_run_bpf_submit=crc(2a290ade!=1c86eaa7)
ufshcd-crypto-qti,ufshcd_crypto_qti,device/oneplus/infiniti-kernel/ufshcd-crypto-qti.ko,misc,0,0,15,0,0,0,0,15,mismatch(e976b219!=38f960dd),load-fail-module-layout,load-fail-crc,devm_kmalloc=crc(d1263f9d!=9601551a);devm_blk_crypto_profile_init=crc(78adf832!=3a478f8d);log_read_mmio=crc(f5e9ca2e!=6b722180);log_post_read_mmio=crc(ec62c96b!=0c1a5ee3);memcpy=crc(8a7493b2!=4829a47e);ufshcd_hold=crc(5b9334fd!=90fb3873);qcom_ice_program_key_hwkm=crc(b4c11670!=5d6afcf0);ufshcd_release=crc(5b9334fd!=cacbf109)
usb_f_ccid,usb_f_ccid,device/oneplus/infiniti-kernel/usb_f_ccid.ko,usb,1,0,50,0,0,0,1,49,mismatch(e976b219!=38f960dd),load-fail-module-layout,load-fail-crc,usb_function_register=crc(a28e2bd1!=d476622c);usb_function_unregister=crc(d9315b46!=73800ac4);mem_alloc_profiling_key=crc(8ee1928d!=0f05f001);kmalloc_caches=crc(d6ce5659!=559b0832);__kmalloc_cache_noprof=crc(6cc46e45!=57abd7cf);config_group_init_type_name=crc(c7acfe4b!=b7dcf263);strlen=crc(90d19584!=98cf60b3);__init_waitqueue_head=crc(de463212!=d9a5ea54)
usb_f_cdev,usb_f_cdev,device/oneplus/infiniti-kernel/usb_f_cdev.ko,usb,1,0,75,0,0,0,1,74,mismatch(e976b219!=38f960dd),load-fail-module-layout,load-fail-crc,_raw_spin_lock_irqsave=crc(aa615763!=34db050b);_raw_spin_unlock_irqrestore=crc(582af1c8!=d35cce70);usb_ep_queue=crc(5d806e7e!=a6cda142);_printk=crc(16b5b21d!=92997ed8);get_device=crc(2d56d2a6!=1cf8a51f);init_wait_entry=crc(6668f05d!=fe487975);prepare_to_wait_event=crc(a29be00c!=8c26d495);schedule=crc(d272d446!=01000e51)
usb_f_gsi,usb_f_gsi,device/oneplus/infiniti-kernel/usb_f_gsi.ko,usb,1,0,109,0,0,0,6,103,mismatch(e976b219!=38f960dd),load-fail-module-layout,load-fail-crc,complete_all=crc(7da92691!=93d6dd8c);alloc_workqueue=crc(c531e61f!=49cd25ed);__mutex_init=crc(81d49dc6!=a571f6b0);class_create=crc(934914c3!=73ab41b8);alloc_chrdev_region=crc(a5dac1ce!=e3ec2f2b);debugfs_create_dir=crc(85212c97!=bee3c24c);debugfs_create_file=crc(d0616c24!=fcb58d19);debugfs_create_bool=crc(4dc74bab!=36ddcb72)
usb_f_qdss,usb_f_qdss,device/oneplus/infiniti-kernel/usb_f_qdss.ko,usb,1,0,54,0,0,0,8,46,mismatch(e976b219!=38f960dd),load-fail-module-layout,load-fail-crc,mutex_lock=crc(995658e3!=d5977bfb);mutex_unlock=crc(995658e3!=ed55cabd);_printk=crc(16b5b21d!=92997ed8);_raw_spin_lock_irqsave=crc(aa615763!=34db050b);usb_ep_free_request=crc(9ef6ce06!=f6c3e5d4);kfree=crc(31359e90!=037a0cba);__list_del_entry_valid_or_report=crc(802f8919!=9a835040);ipc_log_string=missing
videocc-canoe,videocc_canoe,device/oneplus/infiniti-kernel/videocc-canoe.ko,misc,0,0,26,0,0,0,0,26,mismatch(e976b219!=38f960dd),load-fail-module-layout,load-fail-crc,__platform_driver_register=crc(26d0cf2d!=dda9df08);platform_driver_unregister=crc(8af50346!=3af3024b);qcom_cc_map=crc(60e78d81!=24dcedd6);qcom_cc_runtime_init=crc(40df0093!=b1f1f487);__pm_runtime_resume=crc(cc47d0a5!=0f14191c);clk_lucid_evo_pll_configure=crc(0d118103!=e9ea1362);of_get_property=crc(25eb83ce!=97bbda8e);regmap_update_bits_base=crc(807ee877!=1ac5d5d4)
wcd9378_dlkm,wcd9378_dlkm,device/oneplus/infiniti-kernel/wcd9378_dlkm.ko,audio,1,0,109,0,0,0,38,71,mismatch(e976b219!=38f960dd),load-fail-module-layout,load-fail-crc,_printk=crc(16b5b21d!=92997ed8);___ratelimit=crc(a3384a5c!=f5edea2e);memset=crc(110f4d3a!=dcb764ad);scnprintf=crc(f4386284!=96848186);upload_mm_fb_kevent_limit=missing;oplus_is_daemon_event_id=missing;oplus_audio_daemon_feedback_event=missing;__stack_chk_fail=crc(d272d446!=f0fdf6cb)
wcd9378_slave_dlkm,wcd9378_slave_dlkm,device/oneplus/infiniti-kernel/wcd9378_slave_dlkm.ko,audio,1,0,30,0,0,0,7,23,mismatch(e976b219!=38f960dd),load-fail-module-layout,load-fail-crc,swr_driver_register=missing;swr_driver_unregister=missing;devm_kmalloc=crc(d1263f9d!=9601551a);debugfs_create_dir=crc(85212c97!=bee3c24c);debugfs_create_file=crc(d0616c24!=fcb58d19);component_add=crc(82073af5!=3810502a);debugfs_remove=crc(608c0df3!=ab0f296e);component_del=crc(8a276d80!=83de1b39)
wcd938x_dlkm,wcd938x_dlkm,device/oneplus/infiniti-kernel/wcd938x_dlkm.ko,audio,1,0,103,0,0,0,36,67,mismatch(e976b219!=38f960dd),load-fail-module-layout,load-fail-crc,___ratelimit=crc(a3384a5c!=f5edea2e);_printk=crc(16b5b21d!=92997ed8);mutex_lock=crc(995658e3!=d5977bfb);snd_soc_component_read=crc(73f80fd0!=f388ea36);snd_soc_component_update_bits=crc(9f9e884d!=d098dad4);usleep_range_state=crc(fdbae8c6!=c3055d20);mutex_unlock=crc(995658e3!=ed55cabd);_dev_err=crc(6b10178d!=89c10d29)
wcd938x_slave_dlkm,wcd938x_slave_dlkm,device/oneplus/infiniti-kernel/wcd938x_slave_dlkm.ko,audio,1,0,29,0,0,0,7,22,mismatch(e976b219!=38f960dd),load-fail-module-layout,load-fail-crc,swr_driver_register=missing;swr_driver_unregister=missing;devm_kmalloc=crc(d1263f9d!=9601551a);debugfs_create_dir=crc(85212c97!=bee3c24c);debugfs_create_file=crc(d0616c24!=fcb58d19);component_add=crc(82073af5!=3810502a);debugfs_remove=crc(608c0df3!=ab0f296e);component_del=crc(8a276d80!=83de1b39)
wcd939x_dlkm,wcd939x_dlkm,device/oneplus/infiniti-kernel/wcd939x_dlkm.ko,audio,1,0,138,0,0,0,42,96,mismatch(e976b219!=38f960dd),load-fail-module-layout,load-fail-crc,___ratelimit=crc(a3384a5c!=f5edea2e);_printk=crc(16b5b21d!=92997ed8);mutex_lock=crc(995658e3!=d5977bfb);snd_soc_component_read=crc(73f80fd0!=f388ea36);snd_soc_component_update_bits=crc(9f9e884d!=d098dad4);usleep_range_state=crc(fdbae8c6!=c3055d20);mutex_unlock=crc(995658e3!=ed55cabd);swr_device_wakeup_vote=missing
wcd939x_slave_dlkm,wcd939x_slave_dlkm,device/oneplus/infiniti-kernel/wcd939x_slave_dlkm.ko,audio,1,0,29,0,0,0,7,22,mismatch(e976b219!=38f960dd),load-fail-module-layout,load-fail-crc,swr_driver_register=missing;swr_driver_unregister=missing;devm_kmalloc=crc(d1263f9d!=9601551a);debugfs_create_dir=crc(85212c97!=bee3c24c);debugfs_create_file=crc(d0616c24!=fcb58d19);component_add=crc(82073af5!=3810502a);debugfs_remove=crc(608c0df3!=ab0f296e);component_del=crc(8a276d80!=83de1b39)
wcd9xxx_dlkm,wcd9xxx_dlkm,device/oneplus/infiniti-kernel/wcd9xxx_dlkm.ko,audio,1,0,33,0,0,0,2,31,mismatch(e976b219!=38f960dd),load-fail-module-layout,load-fail-crc,mutex_lock=crc(995658e3!=d5977bfb);mutex_unlock=crc(995658e3!=ed55cabd);_printk=crc(16b5b21d!=92997ed8);__platform_driver_register=crc(26d0cf2d!=dda9df08);platform_driver_unregister=crc(8af50346!=3af3024b);devm_kmalloc=crc(d1263f9d!=9601551a);of_property_read_variable_u32_array=crc(5de0294f!=e46d1c95);of_property_read_string=crc(fc9f25c0!=27bdd89b)
wcd_core_dlkm,wcd_core_dlkm,device/oneplus/infiniti-kernel/wcd_core_dlkm.ko,audio,1,0,57,0,0,0,0,57,mismatch(e976b219!=38f960dd),load-fail-module-layout,load-fail-crc,_printk=crc(16b5b21d!=92997ed8);__stack_chk_fail=crc(d272d446!=f0fdf6cb);gpio_to_desc=crc(a49e2188!=5a24a77c);gpiod_get_raw_value_cansleep=crc(8fdfd4d8!=9a93807e);of_find_device_by_node=crc(65e45ac5!=e3dc67df);___ratelimit=crc(a3384a5c!=f5edea2e);_dev_err=crc(6b10178d!=89c10d29);pinctrl_select_state=crc(5be6d775!=9bbeda9a)
wcd_usbss_i2c,wcd_usbss_i2c,device/oneplus/infiniti-kernel/wcd_usbss_i2c.ko,audio,1,0,81,0,0,0,1,80,mismatch(e976b219!=38f960dd),load-fail-module-layout,load-fail-crc,__devm_regmap_init=crc(ed49dd68!=02973e87);mutex_lock=crc(995658e3!=d5977bfb);mutex_unlock=crc(995658e3!=ed55cabd);_dev_err=crc(6b10178d!=89c10d29);__stack_chk_fail=crc(d272d446!=f0fdf6cb);i2c_transfer=crc(a293b777!=5a43ffe8);_printk=crc(16b5b21d!=92997ed8);scnprintf=crc(f4386284!=96848186)
wlan_firmware_service,wlan_firmware_service,device/oneplus/infiniti-kernel/wlan_firmware_service.ko,wlan,1,0,4,0,0,0,0,4,mismatch(e976b219!=38f960dd),load-fail-module-layout,load-fail-crc,qmi_response_type_v01_ei=crc(77b5c22d!=4cd2fe40);of_find_node_with_property=crc(8896e902!=cb16c19d);of_device_is_available=crc(7a32b0be!=8dcaefd7);module_layout=crc(e976b219!=38f960dd)
wsa883x_dlkm,wsa883x_dlkm,device/oneplus/infiniti-kernel/wsa883x_dlkm.ko,misc,1,0,91,0,0,0,27,64,mismatch(e976b219!=38f960dd),load-fail-module-layout,load-fail-crc,snprintf=crc(f4386284!=656e4a6e);snd_info_create_module_entry=crc(bfb773bd!=7590de6d);snd_info_register=crc(d1a855d5!=c3c6170c);snd_info_create_card_entry=crc(07562544!=82683264);snd_info_free_entry=crc(d8d5c206!=ba92a62f);__stack_chk_fail=crc(d272d446!=f0fdf6cb);_printk=crc(16b5b21d!=92997ed8);__sw_hweight8=crc(e6b91231!=dc3fcbc9)
wsa884x_dlkm,wsa884x_dlkm,device/oneplus/infiniti-kernel/wsa884x_dlkm.ko,misc,1,0,95,0,0,0,26,69,mismatch(e976b219!=38f960dd),load-fail-module-layout,load-fail-crc,snprintf=crc(f4386284!=656e4a6e);snd_info_create_module_entry=crc(bfb773bd!=7590de6d);snd_info_register=crc(d1a855d5!=c3c6170c);snd_info_create_card_entry=crc(07562544!=82683264);snd_info_free_entry=crc(d8d5c206!=ba92a62f);__stack_chk_fail=crc(d272d446!=f0fdf6cb);___ratelimit=crc(a3384a5c!=f5edea2e);_printk=crc(16b5b21d!=92997ed8)
zram,zram,device/oneplus/infiniti-kernel/zram.ko,misc,1,0,200,0,0,0,2,198,mismatch(e976b219!=38f960dd),load-fail-module-layout,load-fail-crc,crypto_has_alg=crc(0d32a81c!=951a2773);strcmp=crc(f5df0401!=e2d5255a);scnprintf=crc(f4386284!=96848186);preempt_schedule=crc(d272d446!=43b0c9c3);crypto_comp_compress=crc(ca5e84a3!=517a92a1);crypto_comp_decompress=crc(ca5e84a3!=38fb0d93);__stack_chk_fail=crc(d272d446!=f0fdf6cb);__per_cpu_offset=crc(0de4cab5!=280f9f14)
zsmalloc,zsmalloc,device/oneplus/infiniti-kernel/zsmalloc.ko,misc,1,0,46,0,0,0,1,45,mismatch(e976b219!=38f960dd),load-fail-module-layout,load-fail-crc,_raw_read_lock=crc(e7251b3a!=fe8c61f0);memstart_addr=crc(c9a2f5d2!=9688de8b);_raw_read_unlock=crc(e7251b3a!=dd4d55b6);kasan_flag_enabled=missing;memcpy=crc(8a7493b2!=4829a47e);preempt_schedule=crc(d272d446!=43b0c9c3);__stack_chk_fail=crc(d272d446!=f0fdf6cb);mem_alloc_profiling_key=crc(8ee1928d!=0f05f001)
6lowpan,6lowpan,out/target/product/infiniti/system_dlkm/lib/modules/6lowpan.ko,misc,1,0,29,29,0,0,0,0,match,load-clean,load-clean,
8021q,8021q,out/target/product/infiniti/system_dlkm/lib/modules/8021q.ko,misc,1,0,99,97,2,0,0,0,match,load-clean,load-clean,
9pnet,9pnet,out/target/product/infiniti/system_dlkm/lib/modules/9pnet.ko,misc,1,0,83,74,9,0,0,0,match,load-clean,load-clean,
9pnet_fd,9pnet_fd,out/target/product/infiniti/system_dlkm/lib/modules/9pnet_fd.ko,misc,1,0,45,32,4,9,0,0,match,load-clean,load-clean,
aqc111,aqc111,out/target/product/infiniti/system_dlkm/lib/modules/aqc111.ko,misc,1,0,53,35,10,8,0,0,match,load-clean,load-clean,
asix,asix,out/target/product/infiniti/system_dlkm/lib/modules/asix.ko,misc,1,0,98,66,12,20,0,0,match,load-clean,load-clean,
ax88179_178a,ax88179_178a,out/target/product/infiniti/system_dlkm/lib/modules/ax88179_178a.ko,misc,1,0,58,32,14,12,0,0,match,load-clean,load-clean,
bluetooth,bluetooth,out/target/product/infiniti/system_dlkm/lib/modules/bluetooth.ko,bt,1,0,236,228,8,0,0,0,match,load-clean,load-clean,
bsd_comp,bsd_comp,out/target/product/infiniti/system_dlkm/lib/modules/bsd_comp.ko,misc,1,0,10,9,1,0,0,0,match,load-clean,load-clean,
btbcm,btbcm,out/target/product/infiniti/system_dlkm/lib/modules/btbcm.ko,bt,1,0,21,20,1,0,0,0,match,load-clean,load-clean,
btqca,btqca,out/target/product/infiniti/system_dlkm/lib/modules/btqca.ko,bt,1,0,31,30,1,0,0,0,match,load-clean,load-clean,
btsdio,btsdio,out/target/product/infiniti/system_dlkm/lib/modules/btsdio.ko,bt,1,0,33,32,1,0,0,0,match,load-clean,load-clean,
can-bcm,can_bcm,out/target/product/infiniti/system_dlkm/lib/modules/can-bcm.ko,misc,1,0,74,73,1,0,0,0,match,load-clean,load-clean,
can-dev,can_dev,out/target/product/infiniti/system_dlkm/lib/modules/can-dev.ko,misc,1,0,62,62,0,0,0,0,match,load-clean,load-clean,
can-gw,can_gw,out/target/product/infiniti/system_dlkm/lib/modules/can-gw.ko,misc,1,0,42,40,2,0,0,0,match,load-clean,load-clean,
can-raw,can_raw,out/target/product/infiniti/system_dlkm/lib/modules/can-raw.ko,misc,1,0,58,56,2,0,0,0,match,load-clean,load-clean,
can,can,out/target/product/infiniti/system_dlkm/lib/modules/can.ko,misc,1,0,59,57,2,0,0,0,match,load-clean,load-clean,
cctrng,cctrng,out/target/product/infiniti/system_dlkm/lib/modules/cctrng.ko,misc,1,0,37,37,0,0,0,0,match,load-clean,load-clean,
cdc-acm,cdc_acm,out/target/product/infiniti/system_dlkm/lib/modules/cdc-acm.ko,misc,1,0,96,95,1,0,0,0,match,load-clean,load-clean,
cdc_eem,cdc_eem,out/target/product/infiniti/system_dlkm/lib/modules/cdc_eem.ko,misc,1,0,24,17,5,2,0,0,match,load-clean,load-clean,
cdc_ether,cdc_ether,out/target/product/infiniti/system_dlkm/lib/modules/cdc_ether.ko,misc,1,0,30,16,4,10,0,0,match,load-clean,load-clean,
cdc_ncm,cdc_ncm,out/target/product/infiniti/system_dlkm/lib/modules/cdc_ncm.ko,misc,1,0,72,47,10,15,0,0,match,load-clean,load-clean,
clk-gate_test,clk_gate_test,out/target/product/infiniti/system_dlkm/lib/modules/clk-gate_test.ko,misc,0,0,27,6,0,0,8,13,mismatch(21d0f8b0!=38f960dd),load-fail-module-layout,load-fail-crc,platform_device_register_full=crc(92bc696d!=d3fad564);__clk_hw_register_gate=crc(a4c3bf9e!=2bfe64cf);clk_hw_get_name=crc(6bd60ee2!=b4444c91);clk_hw_get_flags=crc(1a97eb2e!=88caffec);clk_hw_unregister_gate=crc(39468ff0!=6dd7d3eb);platform_device_put=crc(07ba5792!=acd5eaab);kunit_binary_str_assert_format=missing;__kunit_do_failed_assertion=missing
clk-test,clk_test,out/target/product/infiniti/system_dlkm/lib/modules/clk-test.ko,misc,0,0,45,16,2,0,14,13,mismatch(21d0f8b0!=38f960dd),load-fail-module-layout,load-fail-crc,kunit_kmalloc_array=missing;clk_hw_register=crc(a74298b6!=d10c0830);clk_hw_unregister=crc(0574964e!=c52cddb9);clk_hw_get_num_parents=crc(c0b18217!=822030c1);clk_hw_forward_rate_request=crc(1d39614d!=2603646d);clk_hw_get_clk=crc(c30bfa57!=535e6743);kunit_binary_assert_format=missing;__kunit_do_failed_assertion=missing
clk_kunit_helpers,clk_kunit_helpers,out/target/product/infiniti/system_dlkm/lib/modules/clk_kunit_helpers.ko,misc,1,0,13,5,0,0,1,7,mismatch(21d0f8b0!=38f960dd),load-fail-module-layout,load-fail-crc,kunit_add_action_or_reset=missing;clk_get=crc(2353930d!=b94d8934);of_clk_get=crc(b57f5be6!=80878b03);clk_hw_get_clk=crc(c30bfa57!=535e6743);clk_hw_register=crc(a74298b6!=d10c0830);clk_hw_unregister=crc(0574964e!=c52cddb9);of_clk_hw_register=crc(47dbd4b4!=9c279239);module_layout=crc(21d0f8b0!=38f960dd)
dev_addr_lists_test,dev_addr_lists_test,out/target/product/infiniti/system_dlkm/lib/modules/dev_addr_lists_test.ko,misc,0,0,21,4,0,0,6,11,mismatch(21d0f8b0!=38f960dd),load-fail-module-layout,load-fail-crc,alloc_etherdev_mqs=crc(5b3a70d6!=76d073bc);register_netdev=crc(7ba4acc7!=cc7fe720);free_netdev=crc(af487750!=5707c1f9);kunit_fail_assert_format=missing;__kunit_do_failed_assertion=missing;kunit_unary_assert_format=missing;__kunit_abort=missing;unregister_netdev=crc(b70854f9!=64b0acc0)
ext4-inode-test,ext4_inode_test,out/target/product/infiniti/system_dlkm/lib/modules/ext4-inode-test.ko,misc,0,0,5,2,0,0,2,1,mismatch(21d0f8b0!=38f960dd),load-fail-module-layout,load-fail-missing,kunit_binary_assert_format=missing;__kunit_do_failed_assertion=missing;module_layout=crc(21d0f8b0!=38f960dd)
fat_test,fat_test,out/target/product/infiniti/system_dlkm/lib/modules/fat_test.ko,misc,0,0,7,2,0,0,2,3,mismatch(21d0f8b0!=38f960dd),load-fail-module-layout,load-fail-crc,fat_time_fat2unix=crc(736e915c!=5ee52c22);kunit_binary_assert_format=missing;__kunit_do_failed_assertion=missing;fat_time_unix2fat=crc(26ecadc1!=48a124f0);module_layout=crc(21d0f8b0!=38f960dd)
ftdi_sio,ftdi_sio,out/target/product/infiniti/system_dlkm/lib/modules/ftdi_sio.ko,misc,1,0,47,45,2,0,0,0,match,load-clean,load-clean,
hci_uart,hci_uart,out/target/product/infiniti/system_dlkm/lib/modules/hci_uart.ko,misc,1,0,180,169,11,0,0,0,match,load-clean,load-clean,
hid-uclogic-test,hid_uclogic_test,out/target/product/infiniti/system_dlkm/lib/modules/hid-uclogic-test.ko,misc,0,0,10,4,0,0,5,1,mismatch(21d0f8b0!=38f960dd),load-fail-module-layout,load-fail-missing,uclogic_rdesc_template_apply=missing;kunit_mem_assert_format=missing;__kunit_do_failed_assertion=missing;kunit_ptr_not_err_assert_format=missing;__kunit_abort=missing;module_layout=crc(21d0f8b0!=38f960dd)
hidp,hidp,out/target/product/infiniti/system_dlkm/lib/modules/hidp.ko,misc,1,0,106,104,2,0,0,0,match,load-clean,load-clean,
ieee802154,ieee802154,out/target/product/infiniti/system_dlkm/lib/modules/ieee802154.ko,misc,1,0,96,95,1,0,0,0,match,load-clean,load-clean,
ieee802154_6lowpan,ieee802154_6lowpan,out/target/product/infiniti/system_dlkm/lib/modules/ieee802154_6lowpan.ko,misc,1,0,65,64,1,0,0,0,match,load-clean,load-clean,
ieee802154_socket,ieee802154_socket,out/target/product/infiniti/system_dlkm/lib/modules/ieee802154_socket.ko,misc,1,0,73,73,0,0,0,0,match,load-clean,load-clean,
iio-test-format,iio_test_format,out/target/product/infiniti/system_dlkm/lib/modules/iio-test-format.ko,misc,0,0,11,3,1,0,6,1,mismatch(21d0f8b0!=38f960dd),load-fail-module-layout,load-fail-missing,kunit_kmalloc_array=missing;kunit_binary_str_assert_format=missing;__kunit_do_failed_assertion=missing;kunit_binary_assert_format=missing;kunit_ptr_not_err_assert_format=missing;__kunit_abort=missing;module_layout=crc(21d0f8b0!=38f960dd)
input_test,input_test,out/target/product/infiniti/system_dlkm/lib/modules/input_test.ko,misc,0,0,24,2,0,0,6,16,mismatch(21d0f8b0!=38f960dd),load-fail-module-layout,load-fail-crc,input_allocate_device=crc(dc71de5f!=212e2959);input_set_capability=crc(5d3df214!=f0b6f1a0);input_register_device=crc(6ab78205!=8c49457c);kunit_ptr_not_err_assert_format=missing;__kunit_do_failed_assertion=missing;__kunit_abort=missing;input_free_device=crc(471e6ac7!=119ca257);kunit_fail_assert_format=missing
kheaders,kheaders,out/target/product/infiniti/system_dlkm/lib/modules/kheaders.ko,misc,1,0,5,5,0,0,0,0,match,load-clean,load-clean,
kunit-example-test,kunit_example_test,out/target/product/infiniti/system_dlkm/lib/modules/kunit-example-test.ko,misc,0,0,18,4,0,0,13,1,mismatch(21d0f8b0!=38f960dd),load-fail-module-layout,load-fail-missing,kunit_log_append=missing;kunit_try_catch_throw=missing;kunit_ptr_not_err_assert_format=missing;__kunit_do_failed_assertion=missing;kunit_binary_ptr_assert_format=missing;kunit_mem_assert_format=missing;kunit_running=missing;__kunit_activate_static_stub=missing
kunit-test,kunit_test,out/target/product/infiniti/system_dlkm/lib/modules/kunit-test.ko,misc,0,0,41,10,1,0,26,4,mismatch(21d0f8b0!=38f960dd),load-fail-module-layout,load-fail-crc,kunit_kmalloc_array=missing;kunit_ptr_not_err_assert_format=missing;__kunit_do_failed_assertion=missing;__kunit_abort=missing;kunit_try_catch_run=missing;kunit_unary_assert_format=missing;kunit_fail_assert_format=missing;kunit_try_catch_throw=missing
kunit,kunit,out/target/product/infiniti/system_dlkm/lib/modules/kunit.ko,misc,0,0,90,37,6,0,4,43,mismatch(21d0f8b0!=38f960dd),load-fail-module-layout,load-fail-crc,kunit_running=missing;kunit_hooks=missing;register_module_notifier=crc(ec64a3d1!=f353a698);unregister_module_notifier=crc(c93e87d8!=6a5ecb18);param_ops_bool=crc(e6de52c9!=3abda418);param_ops_int=crc(b2fb935e!=07008d70);kmalloc_caches=crc(efe8a82e!=559b0832);__kmalloc_cache_noprof=crc(e17134b6!=57abd7cf)
l2tp_core,l2tp_core,out/target/product/infiniti/system_dlkm/lib/modules/l2tp_core.ko,misc,1,0,84,81,3,0,0,0,match,load-clean,load-clean,
l2tp_ppp,l2tp_ppp,out/target/product/infiniti/system_dlkm/lib/modules/l2tp_ppp.ko,misc,1,0,77,73,0,4,0,0,match,load-clean,load-clean,
lib_test,lib_test,out/target/product/infiniti/system_dlkm/lib/modules/lib_test.ko,misc,0,0,7,2,1,0,3,1,mismatch(21d0f8b0!=38f960dd),load-fail-module-layout,load-fail-missing,kunit_binary_assert_format=missing;__kunit_do_failed_assertion=missing;__kunit_abort=missing;module_layout=crc(21d0f8b0!=38f960dd)
libarc4,libarc4,out/target/product/infiniti/system_dlkm/lib/modules/libarc4.ko,misc,1,0,1,1,0,0,0,0,match,load-clean,load-clean,
mac802154,mac802154,out/target/product/infiniti/system_dlkm/lib/modules/mac802154.ko,misc,1,0,142,130,1,11,0,0,match,load-clean,load-clean,
macsec,macsec,out/target/product/infiniti/system_dlkm/lib/modules/macsec.ko,misc,1,0,100,98,2,0,0,0,match,load-clean,load-clean,
mii,mii,out/target/product/infiniti/system_dlkm/lib/modules/mii.ko,misc,1,0,7,7,0,0,0,0,match,load-clean,load-clean,
netfs,netfs,out/target/product/infiniti/system_dlkm/lib/modules/netfs.ko,misc,1,0,136,78,58,0,0,0,match,load-clean,load-clean,
nfc,nfc,out/target/product/infiniti/system_dlkm/lib/modules/nfc.ko,misc,1,0,128,127,1,0,0,0,match,load-clean,load-clean,
nhc_dest,nhc_dest,out/target/product/infiniti/system_dlkm/lib/modules/nhc_dest.ko,misc,1,0,3,3,0,0,0,0,match,load-clean,load-clean,
nhc_fragment,nhc_fragment,out/target/product/infiniti/system_dlkm/lib/modules/nhc_fragment.ko,misc,1,0,3,3,0,0,0,0,match,load-clean,load-clean,
nhc_hop,nhc_hop,out/target/product/infiniti/system_dlkm/lib/modules/nhc_hop.ko,misc,1,0,3,3,0,0,0,0,match,load-clean,load-clean,
nhc_ipv6,nhc_ipv6,out/target/product/infiniti/system_dlkm/lib/modules/nhc_ipv6.ko,misc,1,0,3,3,0,0,0,0,match,load-clean,load-clean,
nhc_mobility,nhc_mobility,out/target/product/infiniti/system_dlkm/lib/modules/nhc_mobility.ko,misc,1,0,3,3,0,0,0,0,match,load-clean,load-clean,
nhc_routing,nhc_routing,out/target/product/infiniti/system_dlkm/lib/modules/nhc_routing.ko,misc,1,0,3,3,0,0,0,0,match,load-clean,load-clean,
nhc_udp,nhc_udp,out/target/product/infiniti/system_dlkm/lib/modules/nhc_udp.ko,misc,1,0,7,7,0,0,0,0,match,load-clean,load-clean,
open-dice,open_dice,out/target/product/infiniti/system_dlkm/lib/modules/open-dice.ko,misc,1,0,19,15,4,0,0,0,match,load-clean,load-clean,
ppp_deflate,ppp_deflate,out/target/product/infiniti/system_dlkm/lib/modules/ppp_deflate.ko,misc,1,0,21,20,1,0,0,0,match,load-clean,load-clean,
ppp_generic,ppp_generic,out/target/product/infiniti/system_dlkm/lib/modules/ppp_generic.ko,misc,1,0,108,107,1,0,0,0,match,load-clean,load-clean,
ppp_mppe,ppp_mppe,out/target/product/infiniti/system_dlkm/lib/modules/ppp_mppe.ko,misc,1,0,19,18,1,0,0,0,match,load-clean,load-clean,
pppox,pppox,out/target/product/infiniti/system_dlkm/lib/modules/pppox.ko,misc,1,0,10,10,0,0,0,0,match,load-clean,load-clean,
pps_core,pps_core,out/target/product/infiniti/system_dlkm/lib/modules/pps_core.ko,misc,1,0,44,43,1,0,0,0,match,load-clean,load-clean,
pptp,pptp,out/target/product/infiniti/system_dlkm/lib/modules/pptp.ko,misc,1,0,58,57,1,0,0,0,match,load-clean,load-clean,
ptp,ptp,out/target/product/infiniti/system_dlkm/lib/modules/ptp.ko,misc,1,0,77,73,4,0,0,0,match,load-clean,load-clean,
ptp_kvm,ptp_kvm,out/target/product/infiniti/system_dlkm/lib/modules/ptp_kvm.ko,misc,1,0,12,10,2,0,0,0,match,load-clean,load-clean,
pwrseq-core,pwrseq_core,out/target/product/infiniti/system_dlkm/lib/modules/pwrseq-core.ko,misc,1,0,54,51,3,0,0,0,match,load-clean,load-clean,
r8152,r8152,out/target/product/infiniti/system_dlkm/lib/modules/r8152.ko,misc,1,0,132,124,8,0,0,0,match,load-clean,load-clean,
r8153_ecm,r8153_ecm,out/target/product/infiniti/system_dlkm/lib/modules/r8153_ecm.ko,misc,1,0,15,4,5,6,0,0,match,load-clean,load-clean,
regmap-kunit,regmap_kunit,out/target/product/infiniti/system_dlkm/lib/modules/regmap-kunit.ko,misc,0,0,40,6,1,0,10,23,mismatch(21d0f8b0!=38f960dd),load-fail-module-layout,load-fail-crc,kunit_kmalloc_array=missing;kunit_device_register=missing;get_device=crc(c2749a62!=1cf8a51f);put_device=crc(234c9de3!=7307e245);regmap_write=crc(6b883e5a!=eab872a6);regmap_read=crc(64311477!=61488f9c);kunit_unary_assert_format=missing;__kunit_do_failed_assertion=missing
regmap-ram,regmap_ram,out/target/product/infiniti/system_dlkm/lib/modules/regmap-ram.ko,misc,0,0,6,3,1,0,0,2,mismatch(21d0f8b0!=38f960dd),load-fail-module-layout,load-fail-crc,__regmap_init=crc(8c54772b!=c3c4807a);module_layout=crc(21d0f8b0!=38f960dd)
regmap-raw-ram,regmap_raw_ram,out/target/product/infiniti/system_dlkm/lib/modules/regmap-raw-ram.ko,misc,0,0,7,4,1,0,0,2,mismatch(21d0f8b0!=38f960dd),load-fail-module-layout,load-fail-crc,__regmap_init=crc(8c54772b!=c3c4807a);module_layout=crc(21d0f8b0!=38f960dd)
rfcomm,rfcomm,out/target/product/infiniti/system_dlkm/lib/modules/rfcomm.ko,misc,1,0,145,143,2,0,0,0,match,load-clean,load-clean,
rfkill,rfkill,out/target/product/infiniti/system_dlkm/lib/modules/rfkill.ko,misc,1,0,56,55,1,0,0,0,match,load-clean,load-clean,
rtl8150,rtl8150,out/target/product/infiniti/system_dlkm/lib/modules/rtl8150.ko,misc,1,0,53,51,2,0,0,0,match,load-clean,load-clean,
slcan,slcan,out/target/product/infiniti/system_dlkm/lib/modules/slcan.ko,misc,1,0,52,51,1,0,0,0,match,load-clean,load-clean,
slhc,slhc,out/target/product/infiniti/system_dlkm/lib/modules/slhc.ko,misc,1,0,11,10,1,0,0,0,match,load-clean,load-clean,
soc-topology-test,soc_topology_test,out/target/product/infiniti/system_dlkm/lib/modules/soc-topology-test.ko,misc,0,0,18,2,0,0,6,10,mismatch(21d0f8b0!=38f960dd),load-fail-module-layout,load-fail-crc,kunit_device_register=missing;get_device=crc(c2749a62!=1cf8a51f);put_device=crc(234c9de3!=7307e245);kunit_kmalloc_array=missing;kunit_ptr_not_err_assert_format=missing;__kunit_do_failed_assertion=missing;snd_soc_register_card=crc(139a08b5!=e6004d5d);kunit_fail_assert_format=missing
soc-utils-test,soc_utils_test,out/target/product/infiniti/system_dlkm/lib/modules/soc-utils-test.ko,misc,0,0,9,3,2,0,3,1,mismatch(21d0f8b0!=38f960dd),load-fail-module-layout,load-fail-missing,kunit_binary_assert_format=missing;__kunit_do_failed_assertion=missing;__kunit_abort=missing;module_layout=crc(21d0f8b0!=38f960dd)
time_test,time_test,out/target/product/infiniti/system_dlkm/lib/modules/time_test.ko,misc,0,0,6,2,0,0,3,1,mismatch(21d0f8b0!=38f960dd),load-fail-module-layout,load-fail-missing,kunit_binary_assert_format=missing;__kunit_do_failed_assertion=missing;__kunit_abort=missing;module_layout=crc(21d0f8b0!=38f960dd)
tipc,tipc,out/target/product/infiniti/system_dlkm/lib/modules/tipc.ko,misc,1,0,246,244,2,0,0,0,match,load-clean,load-clean,
tls,tls,out/target/product/infiniti/system_dlkm/lib/modules/tls.ko,misc,1,0,145,107,38,0,0,0,match,load-clean,load-clean,
usbmon,usbmon,out/target/product/infiniti/system_dlkm/lib/modules/usbmon.ko,misc,1,0,60,55,5,0,0,0,match,load-clean,load-clean,
usbnet,usbnet,out/target/product/infiniti/system_dlkm/lib/modules/usbnet.ko,misc,1,0,93,88,4,1,0,0,match,load-clean,load-clean,
usbserial,usbserial,out/target/product/infiniti/system_dlkm/lib/modules/usbserial.ko,misc,1,0,107,106,1,0,0,0,match,load-clean,load-clean,
vcan,vcan,out/target/product/infiniti/system_dlkm/lib/modules/vcan.ko,misc,1,0,16,16,0,0,0,0,match,load-clean,load-clean,
vcpu_stall_detector,vcpu_stall_detector,out/target/product/infiniti/system_dlkm/lib/modules/vcpu_stall_detector.ko,misc,1,0,23,22,1,0,0,0,match,load-clean,load-clean,
virtio_balloon,virtio_balloon,out/target/product/infiniti/system_dlkm/lib/modules/virtio_balloon.ko,misc,1,0,80,66,14,0,0,0,match,load-clean,load-clean,
virtio_blk,virtio_blk,out/target/product/infiniti/system_dlkm/lib/modules/virtio_blk.ko,misc,1,0,83,78,5,0,0,0,match,load-clean,load-clean,
virtio_console,virtio_console,out/target/product/infiniti/system_dlkm/lib/modules/virtio_console.ko,misc,1,0,98,94,4,0,0,0,match,load-clean,load-clean,
virtio_pci,virtio_pci,out/target/product/infiniti/system_dlkm/lib/modules/virtio_pci.ko,misc,1,0,104,63,10,31,0,0,match,load-clean,load-clean,
virtio_pci_legacy_dev,virtio_pci_legacy_dev,out/target/product/infiniti/system_dlkm/lib/modules/virtio_pci_legacy_dev.ko,misc,1,0,12,12,0,0,0,0,match,load-clean,load-clean,
virtio_pci_modern_dev,virtio_pci_modern_dev,out/target/product/infiniti/system_dlkm/lib/modules/virtio_pci_modern_dev.ko,misc,1,0,20,14,6,0,0,0,match,load-clean,load-clean,
vmw_vsock_virtio_transport,vmw_vsock_virtio_transport,out/target/product/infiniti/system_dlkm/lib/modules/vmw_vsock_virtio_transport.ko,misc,1,0,78,36,42,0,0,0,match,load-clean,load-clean,
wwan,wwan,out/target/product/infiniti/system_dlkm/lib/modules/wwan.ko,misc,1,0,75,74,1,0,0,0,match,load-clean,load-clean,
