module,modinfo_name,path,subsystem,in_modules_load,source_built_override,n_versions,n_kmi_pure,n_kmi_extended,n_vendor_internal_resolved,n_vendor_internal_missing,n_crc_mismatch,module_layout_status,verdict,secondary_verdict,sample_failing
adsp_loader_dlkm,adsp_loader_dlkm,/home/jmulesa/android/lineage/device/oneplus/infiniti-kernel/adsp_loader_dlkm.ko,audio,1,0,45,0,0,0,2,43,mismatch(e976b219!=21d0f8b0),load-fail-module-layout,load-fail-crc,_printk=crc(16b5b21d!=92997ed8);mutex_lock=crc(995658e3!=d5977bfb);ktime_get=crc(ff9a6e5c!=b43f9365);mutex_unlock=crc(995658e3!=ed55cabd);_dev_err=crc(6b10178d!=b4ce05a5);rproc_shutdown=crc(bef187d1!=69f3da31);system_wq=crc(571c73d5!=2d3385d3);queue_work_on=crc(8f4cd990!=c5b6f236)
adsp_sleepmon,adsp_sleepmon,/home/jmulesa/android/lineage/device/oneplus/infiniti-kernel/adsp_sleepmon.ko,audio,1,0,71,0,0,0,0,71,mismatch(e976b219!=21d0f8b0),load-fail-module-layout,load-fail-crc,_printk=crc(16b5b21d!=92997ed8);arch_timer_read_counter=crc(36e9bb71!=75fb9062);wait_for_completion=crc(7da92691!=25974000);mutex_lock=crc(995658e3!=d5977bfb);rpmsg_send=crc(9023b26d!=a39d99f7);mutex_unlock=crc(995658e3!=ed55cabd);__stack_chk_fail=crc(d272d446!=f0fdf6cb);__platform_driver_register=crc(26d0cf2d!=12db679a)
altmode-glink,altmode_glink,/home/jmulesa/android/lineage/device/oneplus/infiniti-kernel/altmode-glink.ko,misc,1,0,42,0,0,0,3,39,mismatch(e976b219!=21d0f8b0),load-fail-module-layout,load-fail-crc,__of_parse_phandle_with_args=crc(e99699d5!=1fec5304);mutex_lock=crc(995658e3!=d5977bfb);of_find_device_by_node=crc(65e45ac5!=a823db6e);mem_alloc_profiling_key=crc(8ee1928d!=0f05f001);kmalloc_caches=crc(d6ce5659!=efe8a82e);__kmalloc_cache_noprof=crc(6cc46e45!=e17134b6);mutex_unlock=crc(995658e3!=ed55cabd);_dev_err=crc(6b10178d!=b4ce05a5)
arm_smmu,arm_smmu,/home/jmulesa/android/lineage/device/oneplus/infiniti-kernel/arm_smmu.ko,misc,0,0,151,0,0,0,0,151,mismatch(e976b219!=21d0f8b0),load-fail-module-layout,load-fail-crc,_dev_warn=crc(6b10178d!=47a915f1);of_find_property=crc(9a0c7532!=6b201699);of_device_is_compatible=crc(c993f0e5!=2077fc84);devm_krealloc=crc(93eb68a1!=f1d19835);log_read_mmio=crc(f5e9ca2e!=6b722180);log_post_read_mmio=crc(ec62c96b!=0c1a5ee3);log_write_mmio=crc(295b83ed!=c905402b);log_post_write_mmio=crc(295b83ed!=fa4d3c24)
arm_smmu_pmu,arm_smmu_pmu,/home/jmulesa/android/lineage/device/oneplus/infiniti-kernel/arm_smmu_pmu.ko,misc,0,0,35,0,0,0,0,35,mismatch(e976b219!=21d0f8b0),load-fail-module-layout,load-fail-crc,scnprintf=crc(f4386284!=96848186);__cpuhp_setup_state=crc(d96d6f98!=b66eb73f);__platform_driver_register=crc(26d0cf2d!=12db679a);platform_driver_unregister=crc(8af50346!=6fc35f2b);__cpu_online_mask=crc(4e994f70!=ac594e02);nr_cpu_ids=crc(f296206e!=017de3d5);perf_pmu_migrate_context=crc(66c30a1b!=7237d4b2);cpu_bit_bitmap=crc(6bbc9298!=62ad2053)
atmel_mxt_ts,atmel_mxt_ts,/home/jmulesa/android/lineage/device/oneplus/infiniti-kernel/atmel_mxt_ts.ko,misc,0,0,78,0,0,0,0,78,mismatch(e976b219!=21d0f8b0),load-fail-module-layout,load-fail-crc,i2c_register_driver=crc(6f0760fb!=2ff78d9b);i2c_del_driver=crc(ef821497!=84dd786f);device_property_present=crc(a83605e2!=fe84e5f9);of_count_phandle_with_args=crc(8144ad5b!=b088bcfc);__of_parse_phandle_with_args=crc(e99699d5!=1fec5304);of_drm_find_panel=crc(daefb31f!=f5e60d89);of_property_read_string=crc(fc9f25c0!=af7cb74b);strlen=crc(90d19584!=98cf60b3)
audio_pkt_dlkm,audio_pkt_dlkm,/home/jmulesa/android/lineage/device/oneplus/infiniti-kernel/audio_pkt_dlkm.ko,audio,1,0,60,0,0,0,11,49,mismatch(e976b219!=21d0f8b0),load-fail-module-layout,load-fail-crc,ipc_log_string=missing;_raw_spin_lock_irqsave=crc(aa615763!=34db050b);__wake_up=crc(f7c60e8b!=e2964344);_raw_spin_unlock_irqrestore=crc(582af1c8!=d35cce70);spf_core_apm_close_all=missing;msm_audio_ion_crash_handler=missing;skb_dequeue=crc(f88e9e04!=31bd8d07);sk_skb_reason_drop=crc(3334991b!=dcf2c89b)
audio_prm_dlkm,audio_prm_dlkm,/home/jmulesa/android/lineage/device/oneplus/infiniti-kernel/audio_prm_dlkm.ko,audio,1,0,34,0,0,0,11,23,mismatch(e976b219!=21d0f8b0),load-fail-module-layout,load-fail-crc,mem_alloc_profiling_key=crc(8ee1928d!=0f05f001);kmalloc_caches=crc(d6ce5659!=efe8a82e);__kmalloc_cache_noprof=crc(6cc46e45!=e17134b6);kfree=crc(31359e90!=037a0cba);mutex_lock=crc(995658e3!=d5977bfb);gpr_get_q6_state=missing;gpr_send_pkt=missing;init_wait_entry=crc(6668f05d!=fe487975)
audpkt_ion_dlkm,audpkt_ion_dlkm,/home/jmulesa/android/lineage/device/oneplus/infiniti-kernel/audpkt_ion_dlkm.ko,misc,1,0,48,0,0,0,3,45,mismatch(e976b219!=21d0f8b0),load-fail-module-layout,load-fail-crc,mutex_lock=crc(995658e3!=d5977bfb);_printk=crc(16b5b21d!=92997ed8);mutex_unlock=crc(995658e3!=ed55cabd);__list_add_valid_or_report=crc(6fabd45b!=7e19152a);kfree=crc(31359e90!=037a0cba);__list_del_entry_valid_or_report=crc(802f8919!=9a835040);qcom_scm_assign_mem=crc(ad9b4ffa!=cdaced8a);__stack_chk_fail=crc(d272d446!=f0fdf6cb)
bam_dma,bam_dma,/home/jmulesa/android/lineage/device/oneplus/infiniti-kernel/bam_dma.ko,misc,1,0,82,0,0,0,3,79,mismatch(e976b219!=21d0f8b0),load-fail-module-layout,load-fail-crc,strlen=crc(90d19584!=98cf60b3);trace_event_buffer_reserve=crc(40964d00!=29eba14a);memcpy=crc(8a7493b2!=4829a47e);vsnprintf=crc(78dfe782!=00148653);trace_event_buffer_commit=crc(ffe3783c!=2fc1082e);__trace_trigger_soft_disabled=crc(cb5e01d7!=0fd10466);__stack_chk_fail=crc(d272d446!=f0fdf6cb);perf_trace_buf_alloc=crc(231ad1b8!=2d2c902f)
bcl_pmic5,bcl_pmic5,/home/jmulesa/android/lineage/device/oneplus/infiniti-kernel/bcl_pmic5.ko,regulator-pmic,0,0,64,0,0,0,2,62,mismatch(e976b219!=21d0f8b0),load-fail-module-layout,load-fail-crc,trace_event_buffer_reserve=crc(40964d00!=29eba14a);trace_event_buffer_commit=crc(ffe3783c!=2fc1082e);__trace_trigger_soft_disabled=crc(cb5e01d7!=0fd10466);__stack_chk_fail=crc(d272d446!=f0fdf6cb);perf_trace_buf_alloc=crc(231ad1b8!=2d2c902f);perf_trace_run_bpf_submit=crc(2a290ade!=c61f330d);bpf_trace_run5=crc(df495bd0!=e3c00b45);blocking_notifier_chain_register=crc(bde3e279!=d9051672)
bcl_soc,bcl_soc,/home/jmulesa/android/lineage/device/oneplus/infiniti-kernel/bcl_soc.ko,misc,1,0,20,0,0,0,0,20,mismatch(e976b219!=21d0f8b0),load-fail-module-layout,load-fail-crc,__platform_driver_register=crc(26d0cf2d!=12db679a);platform_driver_unregister=crc(8af50346!=6fc35f2b);devm_kmalloc=crc(d1263f9d!=c8c7229e);__mutex_init=crc(81d49dc6!=a571f6b0);power_supply_reg_notifier=crc(0a227d4d!=725b192d);devm_thermal_of_zone_register=crc(0a45cfe3!=f79a0cc2);thermal_zone_device_update=crc(defb5df8!=b0a3290c);system_wq=crc(571c73d5!=2d3385d3)
boot_stats,boot_stats,/home/jmulesa/android/lineage/device/oneplus/infiniti-kernel/boot_stats.ko,misc,1,0,9,0,0,0,0,9,mismatch(e976b219!=21d0f8b0),load-fail-module-layout,load-fail-crc,of_find_compatible_node=crc(730d7351!=f3cdc3c6);of_iomap=crc(e2ff4068!=aba63322);of_property_read_variable_u32_array=crc(5de0294f!=e136f93c);__of_get_address=crc(c07a2e81!=f326a133);_printk=crc(16b5b21d!=92997ed8);iounmap=crc(fbb66790!=edc03953);log_read_mmio=crc(f5e9ca2e!=6b722180);log_post_read_mmio=crc(ec62c96b!=0c1a5ee3)
bt_fm_swr,bt_fm_swr,/home/jmulesa/android/lineage/device/oneplus/infiniti-kernel/bt_fm_swr.ko,bt,1,0,25,0,0,0,9,16,mismatch(e976b219!=21d0f8b0),load-fail-module-layout,load-fail-crc,_printk=crc(16b5b21d!=92997ed8);btpower_get_chipset_version=missing;swr_get_logical_dev_num=missing;usleep_range_state=crc(fdbae8c6!=c3055d20);__stack_chk_fail=crc(d272d446!=f0fdf6cb);swr_connect_port=missing;swr_slvdev_datapath_control=missing;swr_disconnect_port=missing
btfm_slim_codec,btfm_slim_codec,/home/jmulesa/android/lineage/device/oneplus/infiniti-kernel/btfm_slim_codec.ko,bt,1,0,38,0,0,0,4,34,mismatch(e976b219!=21d0f8b0),load-fail-module-layout,load-fail-crc,_printk=crc(16b5b21d!=92997ed8);mutex_lock=crc(995658e3!=d5977bfb);slim_writeb=crc(b1140fe5!=c27faa86);mutex_unlock=crc(995658e3!=ed55cabd);usleep_range_state=crc(fdbae8c6!=c3055d20);slim_readb=crc(79492c62!=b413b3eb);slim_stream_allocate=crc(02c5c827!=1c430f93);mem_alloc_profiling_key=crc(8ee1928d!=0f05f001)
btfmcodec,btfmcodec,/home/jmulesa/android/lineage/device/oneplus/infiniti-kernel/btfmcodec.ko,bt,1,0,64,0,0,0,0,64,mismatch(e976b219!=21d0f8b0),load-fail-module-layout,load-fail-crc,_raw_spin_lock_irqsave=crc(aa615763!=34db050b);__alloc_skb=crc(f9414958!=f4b23bfd);skb_put=crc(7624f2c2!=7594d536);memcpy=crc(8a7493b2!=4829a47e);skb_queue_tail=crc(9e3cda57!=e3176987);__wake_up=crc(f7c60e8b!=e2964344);_raw_spin_unlock_irqrestore=crc(582af1c8!=d35cce70);_printk=crc(16b5b21d!=92997ed8)
btpower,btpower,/home/jmulesa/android/lineage/device/oneplus/infiniti-kernel/btpower.ko,bt,1,0,96,0,0,0,1,95,mismatch(e976b219!=21d0f8b0),load-fail-module-layout,load-fail-crc,_printk=crc(16b5b21d!=92997ed8);mutex_lock=crc(995658e3!=d5977bfb);mutex_unlock=crc(995658e3!=ed55cabd);regulator_set_voltage=crc(0eecf958!=2220455c);regulator_set_load=crc(bd7848fe!=ae422b60);regulator_enable=crc(3d3e5d40!=57d5e131);regulator_get_voltage=crc(3d3e5d40!=a06ad99d);gpio_free=crc(ebe5da4a!=fe990052)
bwmon,bwmon,/home/jmulesa/android/lineage/device/oneplus/infiniti-kernel/bwmon.ko,misc,1,0,65,0,0,0,11,54,mismatch(e976b219!=21d0f8b0),load-fail-module-layout,load-fail-crc,__platform_driver_register=crc(26d0cf2d!=12db679a);platform_driver_unregister=crc(8af50346!=6fc35f2b);devm_kmalloc=crc(d1263f9d!=c8c7229e);of_device_get_match_data=crc(be4e2011!=14fe5355);of_find_property=crc(9a0c7532!=6b201699);platform_get_resource_byname=crc(cc1c0f0f!=374f8976);arm64_use_ng_mappings=crc(3239fbdb!=af56600a);ioremap_prot=crc(c948ac44!=40863ba1)
cambistmclkcc-canoe,cambistmclkcc_canoe,/home/jmulesa/android/lineage/device/oneplus/infiniti-kernel/cambistmclkcc-canoe.ko,misc,0,0,25,0,0,0,0,25,mismatch(e976b219!=21d0f8b0),load-fail-module-layout,load-fail-crc,__platform_driver_register=crc(26d0cf2d!=12db679a);platform_driver_unregister=crc(8af50346!=6fc35f2b);qcom_cc_map=crc(60e78d81!=f59859d2);qcom_cc_runtime_init=crc(40df0093!=a27db1f5);__pm_runtime_resume=crc(cc47d0a5!=4eb4c414);of_get_property=crc(25eb83ce!=3b1b6444);strcmp=crc(f5df0401!=e2d5255a);clk_rivian_evo_pll_configure=crc(0d118103!=0087ed23)
camcc-alor,camcc_alor,/home/jmulesa/android/lineage/device/oneplus/infiniti-kernel/camcc-alor.ko,misc,0,0,29,0,0,0,0,29,mismatch(e976b219!=21d0f8b0),load-fail-module-layout,load-fail-crc,__platform_driver_register=crc(26d0cf2d!=12db679a);platform_driver_unregister=crc(8af50346!=6fc35f2b);qcom_cc_map=crc(60e78d81!=f59859d2);qcom_cc_runtime_init=crc(40df0093!=a27db1f5);__pm_runtime_resume=crc(cc47d0a5!=4eb4c414);alt_cb_patch_nops=crc(b8c8345a!=a65c6def);clk_lucid_evo_pll_configure=crc(0d118103!=09e0378c);regmap_update_bits_base=crc(807ee877!=576b05bf)
camcc-canoe,camcc_canoe,/home/jmulesa/android/lineage/device/oneplus/infiniti-kernel/camcc-canoe.ko,misc,0,0,29,0,0,0,0,29,mismatch(e976b219!=21d0f8b0),load-fail-module-layout,load-fail-crc,__platform_driver_register=crc(26d0cf2d!=12db679a);platform_driver_unregister=crc(8af50346!=6fc35f2b);qcom_cc_map=crc(60e78d81!=f59859d2);qcom_cc_runtime_init=crc(40df0093!=a27db1f5);__pm_runtime_resume=crc(cc47d0a5!=4eb4c414);clk_lucid_evo_pll_configure=crc(0d118103!=09e0378c);regmap_update_bits_base=crc(807ee877!=576b05bf);regmap_write=crc(8b1835dc!=6b883e5a)
camera,camera,/home/jmulesa/android/lineage/device/oneplus/infiniti-kernel/camera.ko,camera,1,0,419,0,0,0,17,402,mismatch(e976b219!=21d0f8b0),load-fail-module-layout,load-fail-crc,_raw_spin_lock_bh=crc(7c62d7bb!=0c3690fc);_raw_spin_unlock_bh=crc(7c62d7bb!=e46021ca);mutex_lock=crc(995658e3!=d5977bfb);mutex_unlock=crc(995658e3!=ed55cabd);__stack_chk_fail=crc(d272d446!=f0fdf6cb);kvfree=crc(3702a4be!=7aa1756e);__list_del_entry_valid_or_report=crc(802f8919!=9a835040);complete=crc(7da92691!=a6257a2f)
camera_extension,camera_extension,/home/jmulesa/android/lineage/device/oneplus/infiniti-kernel/camera_extension.ko,camera,1,0,188,0,0,0,49,139,mismatch(e976b219!=21d0f8b0),load-fail-module-layout,load-fail-crc,devm_kmalloc=crc(d1263f9d!=c8c7229e);__mutex_init=crc(81d49dc6!=a571f6b0);mem_alloc_profiling_key=crc(8ee1928d!=0f05f001);__kmalloc_large_noprof=crc(27865ec7!=441d0de9);devm_kfree=crc(963fe25e!=5a6368f5);kernel_kobj=crc(45e1f39a!=ce8498d7);kobject_create_and_add=crc(3e531720!=2d405891);sysfs_create_groups=crc(fee2e9dc!=30a720ff)
cdsprm,cdsprm,/home/jmulesa/android/lineage/device/oneplus/infiniti-kernel/cdsprm.ko,misc,1,0,66,0,0,0,0,66,mismatch(e976b219!=21d0f8b0),load-fail-module-layout,load-fail-crc,_raw_spin_lock_irqsave=crc(aa615763!=34db050b);_raw_spin_unlock_irqrestore=crc(582af1c8!=d35cce70);rpmsg_send=crc(9023b26d!=a39d99f7);__stack_chk_fail=crc(d272d446!=f0fdf6cb);memset=crc(110f4d3a!=dcb764ad);_printk=crc(16b5b21d!=92997ed8);mutex_lock=crc(995658e3!=d5977bfb);mutex_unlock=crc(995658e3!=ed55cabd)
cfg80211,cfg80211,/home/jmulesa/android/lineage/device/oneplus/infiniti-kernel/cfg80211.ko,misc,1,0,195,0,0,0,0,195,mismatch(e976b219!=21d0f8b0),load-fail-module-layout,load-fail-crc,system_wq=crc(571c73d5!=2d3385d3);queue_work_on=crc(8f4cd990!=c5b6f236);__cpu_online_mask=crc(4e994f70!=ac594e02);preempt_schedule_notrace=crc(d272d446!=f70e4a4d);jiffies=crc(f2a4b08a!=15ba50a6);__stack_chk_fail=crc(d272d446!=f0fdf6cb);rtnl_is_locked=crc(7851be11!=85670f1d);__warn_printk=crc(1127e91b!=56470118)
charger-ulog-glink,charger_ulog_glink,/home/jmulesa/android/lineage/device/oneplus/infiniti-kernel/charger-ulog-glink.ko,charger,1,0,35,0,0,0,4,31,mismatch(e976b219!=21d0f8b0),load-fail-module-layout,load-fail-crc,__platform_driver_register=crc(26d0cf2d!=12db679a);platform_driver_unregister=crc(8af50346!=6fc35f2b);devm_kmalloc=crc(d1263f9d!=c8c7229e);__mutex_init=crc(81d49dc6!=a571f6b0);__init_swait_queue_head=crc(d4e429b7!=608741b5);delayed_work_timer_fn=crc(b0f9b474!=ffeedf6a);init_timer_key=crc(534026f3!=c6f46339);pmic_glink_register_client=crc(b0110b62!=800b9c77)
clk-dummy,clk_dummy,/home/jmulesa/android/lineage/device/oneplus/infiniti-kernel/clk-dummy.ko,misc,0,0,16,0,0,0,0,16,mismatch(e976b219!=21d0f8b0),load-fail-module-layout,load-fail-crc,__platform_driver_register=crc(26d0cf2d!=12db679a);platform_driver_unregister=crc(8af50346!=6fc35f2b);of_property_read_string=crc(fc9f25c0!=af7cb74b);devm_kmalloc=crc(d1263f9d!=c8c7229e);devm_clk_register=crc(c7d38f09!=dd8b1969);_printk=crc(16b5b21d!=92997ed8);devm_reset_controller_register=crc(be6e8a92!=9e4ecc3d);pm_genpd_init=crc(921fd077!=e7a3e359)
clk-qcom,clk_qcom,/home/jmulesa/android/lineage/device/oneplus/infiniti-kernel/clk-qcom.ko,misc,0,0,179,0,0,0,1,178,mismatch(e976b219!=21d0f8b0),load-fail-module-layout,load-fail-crc,regmap_write=crc(8b1835dc!=6b883e5a);regmap_update_bits_base=crc(807ee877!=576b05bf);regmap_read=crc(23aa8f00!=64311477);__const_udelay=crc(b7d17430!=eae3dfd6);usleep_range_state=crc(fdbae8c6!=c3055d20);__stack_chk_fail=crc(d272d446!=f0fdf6cb);_printk=crc(16b5b21d!=92997ed8);clk_hw_get_name=crc(e2b77b90!=6bd60ee2)
clk-rpmh,clk_rpmh,/home/jmulesa/android/lineage/device/oneplus/infiniti-kernel/clk-rpmh.ko,misc,0,0,21,0,0,0,0,21,mismatch(e976b219!=21d0f8b0),load-fail-module-layout,load-fail-crc,__platform_driver_register=crc(26d0cf2d!=12db679a);platform_driver_unregister=crc(8af50346!=6fc35f2b);mutex_lock=crc(995658e3!=d5977bfb);mutex_unlock=crc(995658e3!=ed55cabd);rpmh_write_async=crc(226c0915!=3145a7cd);rpmh_write=crc(226c0915!=4bf7d506);_dev_err=crc(6b10178d!=b4ce05a5);__warn_printk=crc(1127e91b!=56470118)
clk-scmi,clk_scmi,/home/jmulesa/android/lineage/device/oneplus/infiniti-kernel/clk-scmi.ko,misc,1,0,12,0,0,0,0,12,mismatch(e976b219!=21d0f8b0),load-fail-module-layout,load-fail-crc,scmi_driver_register=crc(fe9b3693!=3b8c127d);scmi_driver_unregister=crc(02bfc607!=ba8445cc);devm_kmalloc=crc(d1263f9d!=c8c7229e);devm_kfree=crc(963fe25e!=5a6368f5);devm_clk_hw_register=crc(93b85846!=100c58a8);clk_hw_set_rate_range=crc(da8aac63!=7dfd312b);_dev_err=crc(6b10178d!=b4ce05a5);of_clk_hw_onecell_get=crc(d80b2e10!=2b8f18ac)
cmd-db,cmd_db,/home/jmulesa/android/lineage/device/oneplus/infiniti-kernel/cmd-db.ko,misc,0,0,18,0,0,0,0,18,mismatch(e976b219!=21d0f8b0),load-fail-module-layout,load-fail-crc,__stack_chk_fail=crc(d272d446!=f0fdf6cb);strnlen=crc(b5bedffb!=a916b694);memcpy_and_pad=crc(9fbeab29!=697ed5f0);__fortify_panic=crc(31b67631!=75ca79b5);__platform_driver_register=crc(26d0cf2d!=12db679a);of_reserved_mem_lookup=crc(1dec9274!=5cf50b74);memremap=crc(0521dd20!=4d924f20);debugfs_create_file=crc(d0616c24!=4e870156)
cnss2,cnss2,/home/jmulesa/android/lineage/device/oneplus/infiniti-kernel/cnss2.ko,wlan,1,0,389,0,0,0,103,286,mismatch(e976b219!=21d0f8b0),load-fail-module-layout,load-fail-crc,of_property_read_variable_u32_array=crc(5de0294f!=e136f93c);__stack_chk_fail=crc(d272d446!=f0fdf6cb);snprintf=crc(f4386284!=656e4a6e);debugfs_create_dir=crc(85212c97!=5cf4d4de);debugfs_create_file=crc(d0616c24!=4e870156);ipc_log_string=missing;_printk=crc(16b5b21d!=92997ed8);_raw_spin_lock_irqsave=crc(aa615763!=34db050b)
cnss_nl,cnss_nl,/home/jmulesa/android/lineage/device/oneplus/infiniti-kernel/cnss_nl.ko,wlan,1,0,7,0,0,0,0,7,mismatch(e976b219!=21d0f8b0),load-fail-module-layout,load-fail-crc,of_find_node_with_property=crc(8896e902!=e0eec6c6);of_device_is_available=crc(7a32b0be!=946de52f);memset=crc(110f4d3a!=dcb764ad);_printk=crc(16b5b21d!=92997ed8);genl_register_family=crc(576db919!=10e9b022);genl_unregister_family=crc(66601109!=179a0b99);module_layout=crc(e976b219!=21d0f8b0)
cnss_plat_ipc_qmi_svc,cnss_plat_ipc_qmi_svc,/home/jmulesa/android/lineage/device/oneplus/infiniti-kernel/cnss_plat_ipc_qmi_svc.ko,wlan,1,0,36,0,0,0,3,33,mismatch(e976b219!=21d0f8b0),load-fail-module-layout,load-fail-crc,scnprintf=crc(f4386284!=96848186);qmi_send_indication=crc(1419ad0a!=4614b7ac);wait_for_completion_timeout=crc(6dc35028!=4a3ad70e);mutex_lock=crc(995658e3!=d5977bfb);idr_remove=crc(d5070956!=841a578a);mutex_unlock=crc(995658e3!=ed55cabd);kfree=crc(31359e90!=037a0cba);__stack_chk_fail=crc(d272d446!=f0fdf6cb)
cnss_prealloc,cnss_prealloc,/home/jmulesa/android/lineage/device/oneplus/infiniti-kernel/cnss_prealloc.ko,wlan,1,0,19,0,0,0,0,19,mismatch(e976b219!=21d0f8b0),load-fail-module-layout,load-fail-crc,_printk=crc(16b5b21d!=92997ed8);mempool_alloc_slab=crc(db3d8074!=c972449f);mempool_free_slab=crc(5d728774!=8a99a016);__kmem_cache_create_args=crc(41f900f7!=3daad512);mem_alloc_profiling_key=crc(8ee1928d!=0f05f001);mempool_create_node_noprof=crc(60933297!=2213aa1f);kmem_cache_destroy=crc(743a59c5!=1d179fbf);__kmalloc_noprof=crc(27865ec7!=52c5c991)
cnss_utils,cnss_utils,/home/jmulesa/android/lineage/device/oneplus/infiniti-kernel/cnss_utils.ko,wlan,1,0,35,0,0,0,3,32,mismatch(e976b219!=21d0f8b0),load-fail-module-layout,load-fail-crc,mutex_lock=crc(995658e3!=d5977bfb);memcpy=crc(8a7493b2!=4829a47e);mutex_unlock=crc(995658e3!=ed55cabd);_printk=crc(16b5b21d!=92997ed8);mem_alloc_profiling_key=crc(8ee1928d!=0f05f001);kmemdup_noprof=crc(473b50c9!=a8ade12b);_raw_spin_lock_bh=crc(7c62d7bb!=0c3690fc);_raw_spin_unlock_bh=crc(7c62d7bb!=e46021ca)
coresight-csr,coresight_csr,/home/jmulesa/android/lineage/device/oneplus/infiniti-kernel/coresight-csr.ko,usb,1,0,37,0,0,0,0,37,mismatch(e976b219!=21d0f8b0),load-fail-module-layout,load-fail-crc,_raw_spin_lock_irqsave=crc(aa615763!=34db050b);_raw_spin_unlock_irqrestore=crc(582af1c8!=d35cce70);coresight_get_path=crc(9d6da4a6!=20030f19);coresight_get_sink=crc(bd1299bc!=65dc9d96);__of_parse_phandle_with_args=crc(e99699d5!=1fec5304);of_property_read_string=crc(fc9f25c0!=af7cb74b);strcmp=crc(f5df0401!=e2d5255a);of_property_read_variable_u32_array=crc(5de0294f!=e136f93c)
coresight-cti,coresight_cti,/home/jmulesa/android/lineage/device/oneplus/infiniti-kernel/coresight-cti.ko,usb,1,0,84,0,0,0,0,84,mismatch(e976b219!=21d0f8b0),load-fail-module-layout,load-fail-crc,log_write_mmio=crc(295b83ed!=c905402b);log_post_write_mmio=crc(295b83ed!=fa4d3c24);_raw_spin_lock=crc(7c62d7bb!=ba8fbd64);_raw_spin_unlock=crc(7c62d7bb!=b5b54b34);__bitmap_or=crc(fcab812c!=a084749a);devm_kstrdup=crc(63b8d0f8!=e857de28);__list_add_valid_or_report=crc(6fabd45b!=7e19152a);devm_kmalloc=crc(d1263f9d!=c8c7229e)
coresight-dummy,coresight_dummy,/home/jmulesa/android/lineage/device/oneplus/infiniti-kernel/coresight-dummy.ko,usb,1,0,29,0,0,0,0,29,mismatch(e976b219!=21d0f8b0),load-fail-module-layout,load-fail-crc,__platform_driver_register=crc(26d0cf2d!=12db679a);platform_driver_unregister=crc(8af50346!=6fc35f2b);of_device_is_compatible=crc(c993f0e5!=2077fc84);coresight_alloc_device_name=crc(33049551!=963c030e);coresight_get_platform_data=crc(92ac5fc1!=9b033c1a);devm_kmalloc=crc(d1263f9d!=c8c7229e);coresight_register=crc(6e922ca6!=f4de56fc);pm_runtime_enable=crc(5255a8ce!=d4e81a21)
coresight-funnel,coresight_funnel,/home/jmulesa/android/lineage/device/oneplus/infiniti-kernel/coresight-funnel.ko,usb,1,0,59,0,0,0,0,59,mismatch(e976b219!=21d0f8b0),load-fail-module-layout,load-fail-crc,__platform_driver_register=crc(26d0cf2d!=12db679a);__amba_driver_register=crc(d6571cd8!=b341e5c9);_printk=crc(16b5b21d!=92997ed8);platform_driver_unregister=crc(8af50346!=6fc35f2b);amba_driver_unregister=crc(96a8ed1e!=f720ddc3);cpu_pm_register_notifier=crc(0a227d4d!=fd878075);__cpuhp_setup_state=crc(d96d6f98!=b66eb73f);cpu_pm_unregister_notifier=crc(0a227d4d!=58fab4fb)
coresight-qmi,coresight_qmi,/home/jmulesa/android/lineage/device/oneplus/infiniti-kernel/coresight-qmi.ko,usb,1,0,23,0,0,0,0,23,mismatch(e976b219!=21d0f8b0),load-fail-module-layout,load-fail-crc,mutex_lock=crc(995658e3!=d5977bfb);qmi_txn_init=crc(f0cd9030!=f92cee91);_dev_err=crc(6b10178d!=b4ce05a5);mutex_unlock=crc(995658e3!=ed55cabd);qmi_send_request=crc(e4ad36b0!=405f48d3);qmi_txn_cancel=crc(01f951b1!=39371770);qmi_txn_wait=crc(db001aa5!=39f6b97e);_dev_info=crc(6b10178d!=401167cc)
coresight-remote-etm,coresight_remote_etm,/home/jmulesa/android/lineage/device/oneplus/infiniti-kernel/coresight-remote-etm.ko,usb,1,0,34,0,0,0,0,34,mismatch(e976b219!=21d0f8b0),load-fail-module-layout,load-fail-crc,__platform_driver_register=crc(26d0cf2d!=12db679a);platform_driver_unregister=crc(8af50346!=6fc35f2b);coresight_alloc_device_name=crc(33049551!=963c030e);coresight_get_platform_data=crc(92ac5fc1!=9b033c1a);devm_kmalloc=crc(d1263f9d!=c8c7229e);__mutex_init=crc(81d49dc6!=a571f6b0);coresight_register=crc(6e922ca6!=f4de56fc);of_property_count_elems_of_size=crc(a657ffb0!=a079425d)
coresight-replicator,coresight_replicator,/home/jmulesa/android/lineage/device/oneplus/infiniti-kernel/coresight-replicator.ko,usb,1,0,54,0,0,0,0,54,mismatch(e976b219!=21d0f8b0),load-fail-module-layout,load-fail-crc,__platform_driver_register=crc(26d0cf2d!=12db679a);__amba_driver_register=crc(d6571cd8!=b341e5c9);_printk=crc(16b5b21d!=92997ed8);platform_driver_unregister=crc(8af50346!=6fc35f2b);amba_driver_unregister=crc(96a8ed1e!=f720ddc3);cpu_pm_register_notifier=crc(0a227d4d!=fd878075);__cpuhp_setup_state=crc(d96d6f98!=b66eb73f);cpu_pm_unregister_notifier=crc(0a227d4d!=58fab4fb)
coresight-stm,coresight_stm,/home/jmulesa/android/lineage/device/oneplus/infiniti-kernel/coresight-stm.ko,usb,1,0,54,0,0,0,0,54,mismatch(e976b219!=21d0f8b0),load-fail-module-layout,load-fail-crc,coresight_init_driver=crc(dee70440!=f9f0c0d0);coresight_remove_driver=crc(4525eb6e!=db56a823);__pm_runtime_idle=crc(cc47d0a5!=13269d10);coresight_trace_id_put_system_id=crc(87697d5a!=eb3542a2);coresight_unregister=crc(19925e8d!=918559fb);stm_unregister_device=crc(c4f22e18!=2d16dae4);coresight_disable_sysfs=crc(19925e8d!=fff2d29b);__pm_runtime_suspend=crc(cc47d0a5!=e6e94f93)
coresight-tgu,coresight_tgu,/home/jmulesa/android/lineage/device/oneplus/infiniti-kernel/coresight-tgu.ko,usb,1,0,17,0,0,0,0,17,mismatch(e976b219!=21d0f8b0),load-fail-module-layout,load-fail-crc,__amba_driver_register=crc(d6571cd8!=b341e5c9);coresight_alloc_device_name=crc(33049551!=963c030e);coresight_get_platform_data=crc(92ac5fc1!=9b033c1a);devm_kmalloc=crc(d1263f9d!=c8c7229e);devm_ioremap_resource=crc(fc3a1f89!=9f0ef8fa);of_property_read_variable_u32_array=crc(5de0294f!=e136f93c);coresight_register=crc(6e922ca6!=f4de56fc);__pm_runtime_idle=crc(cc47d0a5!=13269d10)
coresight-tmc-sec,coresight_tmc_sec,/home/jmulesa/android/lineage/device/oneplus/infiniti-kernel/coresight-tmc-sec.ko,usb,1,0,57,0,0,0,0,57,mismatch(e976b219!=21d0f8b0),load-fail-module-layout,load-fail-crc,__platform_driver_register=crc(26d0cf2d!=12db679a);platform_driver_unregister=crc(8af50346!=6fc35f2b);mutex_lock=crc(995658e3!=d5977bfb);hashlen_string=crc(f32d9438!=162893fd);bus_find_device=crc(aba5547a!=768006df);clk_prepare=crc(6b710bab!=7c9a7371);clk_enable=crc(6b710bab!=815588a6);clk_unprepare=crc(97ab43c4!=b077e70a)
coresight-tmc,coresight_tmc,/home/jmulesa/android/lineage/device/oneplus/infiniti-kernel/coresight-tmc.ko,usb,1,0,141,0,0,0,0,141,mismatch(e976b219!=21d0f8b0),load-fail-module-layout,load-fail-crc,mutex_lock=crc(995658e3!=d5977bfb);mutex_unlock=crc(995658e3!=ed55cabd);__wake_up=crc(f7c60e8b!=e2964344);coresight_csr_set_byte_cntr=crc(fe1f5719!=b437edd3);of_irq_get_byname=crc(2e70b08b!=ff3c2c9f);devm_kmalloc=crc(d1263f9d!=c8c7229e);devm_request_threaded_irq=crc(4683501f!=f9583f23);of_property_read_variable_u32_array=crc(5de0294f!=e136f93c)
coresight-tpda,coresight_tpda,/home/jmulesa/android/lineage/device/oneplus/infiniti-kernel/coresight-tpda.ko,usb,1,0,34,0,0,0,0,34,mismatch(e976b219!=21d0f8b0),load-fail-module-layout,load-fail-crc,__amba_driver_register=crc(d6571cd8!=b341e5c9);amba_driver_unregister=crc(96a8ed1e!=f720ddc3);coresight_get_platform_data=crc(92ac5fc1!=9b033c1a);devm_kmalloc=crc(d1263f9d!=c8c7229e);devm_clk_get_optional_enabled=crc(f92eae1a!=226e8928);devm_ioremap_resource=crc(fc3a1f89!=9f0ef8fa);coresight_alloc_device_name=crc(33049551!=963c030e);coresight_register=crc(6e922ca6!=f4de56fc)
coresight-tpdm,coresight_tpdm,/home/jmulesa/android/lineage/device/oneplus/infiniti-kernel/coresight-tpdm.ko,usb,1,0,41,0,0,0,0,41,mismatch(e976b219!=21d0f8b0),load-fail-module-layout,load-fail-crc,__platform_driver_register=crc(26d0cf2d!=12db679a);__amba_driver_register=crc(d6571cd8!=b341e5c9);_printk=crc(16b5b21d!=92997ed8);platform_driver_unregister=crc(8af50346!=6fc35f2b);amba_driver_unregister=crc(96a8ed1e!=f720ddc3);coresight_alloc_device_name=crc(33049551!=963c030e);coresight_get_platform_data=crc(92ac5fc1!=9b033c1a);devm_kmalloc=crc(d1263f9d!=c8c7229e)
coresight-trace-noc,coresight_trace_noc,/home/jmulesa/android/lineage/device/oneplus/infiniti-kernel/coresight-trace-noc.ko,usb,1,0,24,0,0,0,0,24,mismatch(e976b219!=21d0f8b0),load-fail-module-layout,load-fail-crc,__amba_driver_register=crc(d6571cd8!=b341e5c9);amba_driver_unregister=crc(96a8ed1e!=f720ddc3);coresight_alloc_device_name=crc(33049551!=963c030e);coresight_get_platform_data=crc(92ac5fc1!=9b033c1a);devm_kmalloc=crc(d1263f9d!=c8c7229e);devm_ioremap_resource=crc(fc3a1f89!=9f0ef8fa);of_find_property=crc(9a0c7532!=6b201699);coresight_register=crc(6e922ca6!=f4de56fc)
coresight-uetm,coresight_uetm,/home/jmulesa/android/lineage/device/oneplus/infiniti-kernel/coresight-uetm.ko,usb,1,0,24,0,0,0,1,23,mismatch(e976b219!=21d0f8b0),load-fail-module-layout,load-fail-crc,get_qcom_scmi_device=missing;__platform_driver_register=crc(26d0cf2d!=12db679a);_printk=crc(16b5b21d!=92997ed8);__stack_chk_fail=crc(d272d446!=f0fdf6cb);platform_driver_unregister=crc(8af50346!=6fc35f2b);_raw_spin_lock=crc(7c62d7bb!=ba8fbd64);memset=crc(110f4d3a!=dcb764ad);_raw_spin_unlock=crc(7c62d7bb!=b5b54b34)
coresight,coresight,/home/jmulesa/android/lineage/device/oneplus/infiniti-kernel/coresight.ko,usb,1,0,113,0,0,0,0,113,mismatch(e976b219!=21d0f8b0),load-fail-module-layout,load-fail-crc,_raw_spin_unlock_irqrestore=crc(582af1c8!=d35cce70);_raw_spin_lock_irqsave=crc(aa615763!=34db050b);__per_cpu_offset=crc(0de4cab5!=280f9f14);mutex_lock=crc(995658e3!=d5977bfb);__dev_fwnode=crc(a67611e0!=a52bb5e9);fwnode_handle_get=crc(17ff5098!=3b22b013);mutex_unlock=crc(995658e3!=ed55cabd);__stack_chk_fail=crc(d272d446!=f0fdf6cb)
cpu_hotplug,cpu_hotplug,/home/jmulesa/android/lineage/device/oneplus/infiniti-kernel/cpu_hotplug.ko,misc,0,0,28,0,0,0,0,28,mismatch(e976b219!=21d0f8b0),load-fail-module-layout,load-fail-crc,__platform_driver_register=crc(26d0cf2d!=12db679a);platform_driver_unregister=crc(8af50346!=6fc35f2b);of_get_next_available_child=crc(f2308994!=796ead29);__cpu_possible_mask=crc(4e994f70!=de7ece30);devm_kmalloc=crc(d1263f9d!=c8c7229e);__of_parse_phandle_with_args=crc(e99699d5!=1fec5304);get_cpu_device=crc(b4584f16!=8f77e638);of_property_read_string=crc(fc9f25c0!=af7cb74b)
cpu_mpam,cpu_mpam,/home/jmulesa/android/lineage/device/oneplus/infiniti-kernel/cpu_mpam.ko,misc,1,0,46,0,0,0,4,42,mismatch(e976b219!=21d0f8b0),load-fail-module-layout,load-fail-crc,__platform_driver_register=crc(26d0cf2d!=12db679a);platform_driver_unregister=crc(8af50346!=6fc35f2b);qcom_mpam_get_version=missing;of_get_next_child=crc(f2308994!=7c7f271f);devm_kmalloc=crc(d1263f9d!=c8c7229e);of_property_read_variable_u32_array=crc(5de0294f!=e136f93c);of_property_read_string=crc(fc9f25c0!=af7cb74b);qcom_mpam_get_cache_partition=missing
cpucp_fast,cpucp_fast,/home/jmulesa/android/lineage/device/oneplus/infiniti-kernel/cpucp_fast.ko,misc,0,0,15,0,0,0,1,14,mismatch(e976b219!=21d0f8b0),load-fail-module-layout,load-fail-crc,__platform_driver_register=crc(26d0cf2d!=12db679a);platform_driver_unregister=crc(8af50346!=6fc35f2b);mbox_request_channel=crc(85106c3a!=2b2020a7);of_property_read_variable_u32_array=crc(5de0294f!=e136f93c);nr_cpu_ids=crc(f296206e!=017de3d5);__cpu_present_mask=crc(4e994f70!=b3055449);_dev_err=crc(6b10178d!=b4ce05a5);mbox_free_channel=crc(087b6e13!=595fecf3)
cpucp_log,cpucp_log,/home/jmulesa/android/lineage/device/oneplus/infiniti-kernel/cpucp_log.ko,misc,1,0,60,0,0,0,1,59,mismatch(e976b219!=21d0f8b0),load-fail-module-layout,load-fail-crc,strlen=crc(90d19584!=98cf60b3);trace_event_buffer_reserve=crc(40964d00!=29eba14a);memcpy=crc(8a7493b2!=4829a47e);trace_event_buffer_commit=crc(ffe3783c!=2fc1082e);__trace_trigger_soft_disabled=crc(cb5e01d7!=0fd10466);__stack_chk_fail=crc(d272d446!=f0fdf6cb);perf_trace_buf_alloc=crc(231ad1b8!=2d2c902f);perf_trace_run_bpf_submit=crc(2a290ade!=c61f330d)
cpufreq_bouncing,cpufreq_bouncing,/home/jmulesa/android/lineage/device/oneplus/infiniti-kernel/cpufreq_bouncing.ko,sched-pm,0,0,33,0,0,0,0,33,mismatch(e976b219!=21d0f8b0),load-fail-module-layout,load-fail-crc,__per_cpu_offset=crc(0de4cab5!=280f9f14);freq_qos_update_request=crc(a67dc0a1!=1af93d4f);_printk=crc(16b5b21d!=92997ed8);queue_work_on=crc(8f4cd990!=c5b6f236);cpufreq_cpu_get_raw=crc(742e40ff!=3214e1d4);__cpu_active_mask=crc(4e994f70!=15db3b99);__sw_hweight64=crc(be1fa9a4!=9f46ced8);get_cpu_device=crc(b4584f16!=8f77e638)
cpuss_telemetry,cpuss_telemetry,/home/jmulesa/android/lineage/device/oneplus/infiniti-kernel/cpuss_telemetry.ko,misc,0,0,35,0,0,0,0,35,mismatch(e976b219!=21d0f8b0),load-fail-module-layout,load-fail-crc,scmi_driver_register=crc(fe9b3693!=3b8c127d);scmi_driver_unregister=crc(02bfc607!=ba8445cc);pfn_is_map_memory=crc(220e0761!=6da467cb);memstart_addr=crc(c9a2f5d2!=9688de8b);arm64_use_ng_mappings=crc(3239fbdb!=af56600a);ioremap_prot=crc(c948ac44!=40863ba1);mem_alloc_profiling_key=crc(8ee1928d!=0f05f001);__kmalloc_noprof=crc(27865ec7!=52c5c991)
cqhci,cqhci,/home/jmulesa/android/lineage/device/oneplus/infiniti-kernel/cqhci.ko,misc,0,0,37,0,0,0,0,37,mismatch(e976b219!=21d0f8b0),load-fail-module-layout,load-fail-crc,__wake_up=crc(f7c60e8b!=e2964344);_raw_spin_lock=crc(7c62d7bb!=ba8fbd64);_find_next_bit=crc(1400a461!=53a1e8d9);mmc_cqe_request_done=crc(b247d8aa!=9f84cac3);__warn_printk=crc(1127e91b!=56470118);_raw_spin_unlock=crc(7c62d7bb!=b5b54b34);_printk=crc(16b5b21d!=92997ed8);__stack_chk_fail=crc(d272d446!=f0fdf6cb)
crm-v2,crm_v2,/home/jmulesa/android/lineage/device/oneplus/infiniti-kernel/crm-v2.ko,misc,0,0,65,0,0,0,2,63,mismatch(e976b219!=21d0f8b0),load-fail-module-layout,load-fail-crc,strlen=crc(90d19584!=98cf60b3);trace_event_buffer_reserve=crc(40964d00!=29eba14a);memcpy=crc(8a7493b2!=4829a47e);trace_event_buffer_commit=crc(ffe3783c!=2fc1082e);__trace_trigger_soft_disabled=crc(cb5e01d7!=0fd10466);__stack_chk_fail=crc(d272d446!=f0fdf6cb);perf_trace_buf_alloc=crc(231ad1b8!=2d2c902f);perf_trace_run_bpf_submit=crc(2a290ade!=c61f330d)
dcc_v2,dcc_v2,/home/jmulesa/android/lineage/device/oneplus/infiniti-kernel/dcc_v2.ko,misc,0,0,51,0,0,0,0,51,mismatch(e976b219!=21d0f8b0),load-fail-module-layout,load-fail-crc,__platform_driver_register=crc(26d0cf2d!=12db679a);platform_driver_unregister=crc(8af50346!=6fc35f2b);devm_kmalloc=crc(d1263f9d!=c8c7229e);platform_get_resource_byname=crc(cc1c0f0f!=374f8976);devm_ioremap=crc(6d7dac4a!=ee73d233);of_property_read_variable_u32_array=crc(5de0294f!=e136f93c);of_property_count_elems_of_size=crc(a657ffb0!=a079425d);__mutex_init=crc(81d49dc6!=a571f6b0)
dcvs_fp,dcvs_fp,/home/jmulesa/android/lineage/device/oneplus/infiniti-kernel/dcvs_fp.ko,misc,0,0,14,0,0,0,0,14,mismatch(e976b219!=21d0f8b0),load-fail-module-layout,load-fail-crc,mutex_lock=crc(995658e3!=d5977bfb);mutex_unlock=crc(995658e3!=ed55cabd);rpmh_update_fast_path=crc(733d0e2c!=680d56b7);_dev_err=crc(6b10178d!=b4ce05a5);__platform_driver_register=crc(26d0cf2d!=12db679a);platform_driver_unregister=crc(8af50346!=6fc35f2b);devm_kmalloc=crc(d1263f9d!=c8c7229e);rpmh_init_fast_path=crc(8d39c67f!=7cfe020e)
ddr_cdev,ddr_cdev,/home/jmulesa/android/lineage/device/oneplus/infiniti-kernel/ddr_cdev.ko,misc,1,0,12,0,0,0,0,12,mismatch(e976b219!=21d0f8b0),load-fail-module-layout,load-fail-crc,__platform_driver_register=crc(26d0cf2d!=12db679a);platform_driver_unregister=crc(8af50346!=6fc35f2b);devm_kmalloc=crc(d1263f9d!=c8c7229e);of_icc_get=crc(74b94212!=49eaeb64);of_find_property=crc(9a0c7532!=6b201699);of_property_read_variable_u32_array=crc(5de0294f!=e136f93c);icc_set_bw=crc(14a7a969!=95bab132);devm_thermal_of_cooling_device_register=crc(484fd7ab!=a2819e23)
debug-regulator,debug_regulator,/home/jmulesa/android/lineage/device/oneplus/infiniti-kernel/debug-regulator.ko,regulator-pmic,0,0,58,0,0,0,0,58,mismatch(e976b219!=21d0f8b0),load-fail-module-layout,load-fail-crc,mem_alloc_profiling_key=crc(8ee1928d!=0f05f001);kmalloc_caches=crc(d6ce5659!=efe8a82e);__kmalloc_cache_noprof=crc(6cc46e45!=e17134b6);mutex_lock=crc(995658e3!=d5977bfb);mutex_unlock=crc(995658e3!=ed55cabd);debugfs_create_file_unsafe=crc(d0616c24!=0d777ec1);debugfs_create_file=crc(d0616c24!=4e870156);_printk=crc(16b5b21d!=92997ed8)
debug_symbol,debug_symbol,/home/jmulesa/android/lineage/device/oneplus/infiniti-kernel/debug_symbol.ko,misc,0,0,10,0,0,0,0,10,mismatch(e976b219!=21d0f8b0),load-fail-module-layout,load-fail-crc,kimage_voffset=crc(7f175992!=e4bbc1dd);memset=crc(110f4d3a!=dcb764ad);strcmp=crc(f5df0401!=e2d5255a);__stack_chk_fail=crc(d272d446!=f0fdf6cb);of_find_compatible_node=crc(730d7351!=f3cdc3c6);__of_parse_phandle_with_args=crc(e99699d5!=1fec5304);of_reserved_mem_lookup=crc(1dec9274!=5cf50b74);memremap=crc(0521dd20!=4d924f20)
debugcc-alor,debugcc_alor,/home/jmulesa/android/lineage/device/oneplus/infiniti-kernel/debugcc-alor.ko,misc,0,0,12,0,0,0,0,12,mismatch(e976b219!=21d0f8b0),load-fail-module-layout,load-fail-crc,__platform_driver_register=crc(26d0cf2d!=12db679a);devm_clk_get=crc(f92eae1a!=ea23ff02);map_debug_bases=crc(53edd1ac!=e7706dc1);devm_clk_register=crc(c7d38f09!=dd8b1969);devm_clk_register_debug_mux=crc(fce71402!=064e284c);clk_debug_measure_register=crc(1a957651!=56af2f65);_dev_info=crc(6b10178d!=401167cc);_dev_err=crc(6b10178d!=b4ce05a5)
debugcc-canoe,debugcc_canoe,/home/jmulesa/android/lineage/device/oneplus/infiniti-kernel/debugcc-canoe.ko,misc,0,0,12,0,0,0,0,12,mismatch(e976b219!=21d0f8b0),load-fail-module-layout,load-fail-crc,__platform_driver_register=crc(26d0cf2d!=12db679a);devm_clk_get=crc(f92eae1a!=ea23ff02);map_debug_bases=crc(53edd1ac!=e7706dc1);devm_clk_register=crc(c7d38f09!=dd8b1969);devm_clk_register_debug_mux=crc(fce71402!=064e284c);clk_debug_measure_register=crc(1a957651!=56af2f65);_dev_info=crc(6b10178d!=401167cc);_dev_err=crc(6b10178d!=b4ce05a5)
deferred-free-helper,deferred_free_helper,/home/jmulesa/android/lineage/device/oneplus/infiniti-kernel/deferred-free-helper.ko,misc,0,0,18,0,0,0,0,18,mismatch(e976b219!=21d0f8b0),load-fail-module-layout,load-fail-crc,_raw_spin_lock_irqsave=crc(aa615763!=34db050b);_raw_spin_unlock_irqrestore=crc(582af1c8!=d35cce70);__wake_up=crc(f7c60e8b!=e2964344);__list_add_valid_or_report=crc(6fabd45b!=7e19152a);__init_waitqueue_head=crc(de463212!=d9a5ea54);kthread_create_on_node=crc(7672ba8d!=ba0aee2e);wake_up_process=crc(b40d9875!=ce5bc4d0);sched_set_normal=crc(22433bac!=92d36a79)
device_info,device_info,/home/jmulesa/android/lineage/device/oneplus/infiniti-kernel/device_info.ko,boot-deviceinfo,0,0,49,0,0,0,0,49,mismatch(e976b219!=21d0f8b0),load-fail-module-layout,load-fail-crc,strcasecmp=crc(5fbe872b!=aafdc258);mem_alloc_profiling_key=crc(8ee1928d!=0f05f001);kmalloc_caches=crc(d6ce5659!=efe8a82e);__kmalloc_cache_noprof=crc(6cc46e45!=e17134b6);proc_create_data=crc(a7a03b02!=a2fa95a0);_printk=crc(16b5b21d!=92997ed8);__list_add_valid_or_report=crc(6fabd45b!=7e19152a);strlen=crc(90d19584!=98cf60b3)
dispcc-canoe,dispcc_canoe,/home/jmulesa/android/lineage/device/oneplus/infiniti-kernel/dispcc-canoe.ko,misc,0,0,38,0,0,0,0,38,mismatch(e976b219!=21d0f8b0),load-fail-module-layout,load-fail-crc,__platform_driver_register=crc(26d0cf2d!=12db679a);platform_driver_unregister=crc(8af50346!=6fc35f2b);qcom_cc_map=crc(60e78d81!=f59859d2);qcom_cc_runtime_init=crc(40df0093!=a27db1f5);__pm_runtime_resume=crc(cc47d0a5!=4eb4c414);of_get_property=crc(25eb83ce!=3b1b6444);strcmp=crc(f5df0401!=e2d5255a);clk_lucid_evo_pll_configure=crc(0d118103!=09e0378c)
dmesg_dumper,dmesg_dumper,/home/jmulesa/android/lineage/device/oneplus/infiniti-kernel/dmesg_dumper.ko,misc,1,0,63,0,0,0,0,63,mismatch(e976b219!=21d0f8b0),load-fail-module-layout,load-fail-crc,__platform_driver_register=crc(26d0cf2d!=12db679a);platform_driver_unregister=crc(8af50346!=6fc35f2b);devm_kmalloc=crc(d1263f9d!=c8c7229e);of_property_read_variable_u32_array=crc(5de0294f!=e136f93c);of_find_property=crc(9a0c7532!=6b201699);of_find_compatible_node=crc(730d7351!=f3cdc3c6);__of_parse_phandle_with_args=crc(e99699d5!=1fec5304);of_address_to_resource=crc(192350c6!=c1cad332)
drm_display_helper,drm_display_helper,/home/jmulesa/android/lineage/device/oneplus/infiniti-kernel/drm_display_helper.ko,misc,1,0,89,0,0,0,0,89,mismatch(e976b219!=21d0f8b0),load-fail-module-layout,load-fail-crc,mem_alloc_profiling_key=crc(8ee1928d!=0f05f001);__kmalloc_noprof=crc(27865ec7!=52c5c991);i2c_transfer=crc(a293b777!=e3fa5191);memcpy=crc(8a7493b2!=4829a47e);kfree=crc(31359e90!=037a0cba);__fortify_panic=crc(31b67631!=75ca79b5);__stack_chk_fail=crc(d272d446!=f0fdf6cb);__drm_dev_dbg=crc(290d4e5f!=cb10c609)
dwc3-msm,dwc3_msm,/home/jmulesa/android/lineage/device/oneplus/infiniti-kernel/dwc3-msm.ko,usb,1,0,204,0,0,0,12,192,mismatch(e976b219!=21d0f8b0),load-fail-module-layout,load-fail-crc,mem_alloc_profiling_key=crc(8ee1928d!=0f05f001);kmalloc_caches=crc(d6ce5659!=efe8a82e);__kmalloc_cache_noprof=crc(6cc46e45!=e17134b6);usb_decode_ctrl=crc(63df2db6!=4531624f);ipc_log_string=missing;kfree=crc(31359e90!=037a0cba);scnprintf=crc(f4386284!=96848186);snprintf=crc(f4386284!=656e4a6e)
eud,eud,/home/jmulesa/android/lineage/device/oneplus/infiniti-kernel/eud.ko,misc,1,0,60,0,0,0,0,60,mismatch(e976b219!=21d0f8b0),load-fail-module-layout,load-fail-crc,uart_register_driver=crc(18828f89!=78d9311e);__platform_driver_register=crc(26d0cf2d!=12db679a);_printk=crc(16b5b21d!=92997ed8);uart_unregister_driver=crc(571b7ba4!=5a4f152f);platform_driver_unregister=crc(8af50346!=6fc35f2b);sscanf=crc(f5197fd4!=bcab6ee6);phy_init=crc(be5086e9!=cb69cd57);phy_power_on=crc(be5086e9!=6871ad9c)
evacc-canoe,evacc_canoe,/home/jmulesa/android/lineage/device/oneplus/infiniti-kernel/evacc-canoe.ko,misc,0,0,27,0,0,0,0,27,mismatch(e976b219!=21d0f8b0),load-fail-module-layout,load-fail-crc,__platform_driver_register=crc(26d0cf2d!=12db679a);platform_driver_unregister=crc(8af50346!=6fc35f2b);qcom_cc_map=crc(60e78d81!=f59859d2);qcom_cc_runtime_init=crc(40df0093!=a27db1f5);__pm_runtime_resume=crc(cc47d0a5!=4eb4c414);of_get_property=crc(25eb83ce!=3b1b6444);strcmp=crc(f5df0401!=e2d5255a);clk_lucid_evo_pll_configure=crc(0d118103!=09e0378c)
f_fs_ipc_log,f_fs_ipc_log,/home/jmulesa/android/lineage/device/oneplus/infiniti-kernel/f_fs_ipc_log.ko,misc,1,0,21,0,0,0,3,18,mismatch(e976b219!=21d0f8b0),load-fail-module-layout,load-fail-crc,alloc_workqueue=crc(c531e61f!=49cd25ed);register_kretprobe=crc(2a38fe47!=91d6dc40);_printk=crc(16b5b21d!=92997ed8);destroy_workqueue=crc(c3325950!=8c03d20c);ipc_log_context_destroy=missing;unregister_kretprobe=crc(3d5e2716!=b14131d4);ipc_log_string=missing;mem_alloc_profiling_key=crc(8ee1928d!=0f05f001)
frpc-adsprpc,frpc_adsprpc,/home/jmulesa/android/lineage/device/oneplus/infiniti-kernel/frpc-adsprpc.ko,misc,1,0,183,0,0,0,0,183,mismatch(e976b219!=21d0f8b0),load-fail-module-layout,load-fail-crc,trace_event_buffer_reserve=crc(40964d00!=29eba14a);trace_event_buffer_commit=crc(ffe3783c!=2fc1082e);__trace_trigger_soft_disabled=crc(cb5e01d7!=0fd10466);__stack_chk_fail=crc(d272d446!=f0fdf6cb);perf_trace_buf_alloc=crc(231ad1b8!=2d2c902f);perf_trace_run_bpf_submit=crc(2a290ade!=c61f330d);strlen=crc(90d19584!=98cf60b3);memcpy=crc(8a7493b2!=4829a47e)
gcc-alor,gcc_alor,/home/jmulesa/android/lineage/device/oneplus/infiniti-kernel/gcc-alor.ko,misc,0,0,20,0,0,0,0,20,mismatch(e976b219!=21d0f8b0),load-fail-module-layout,load-fail-crc,__platform_driver_register=crc(26d0cf2d!=12db679a);platform_driver_unregister=crc(8af50346!=6fc35f2b);qcom_cc_map=crc(60e78d81!=f59859d2);qcom_cc_register_rcg_dfs=crc(180238fd!=e52f144a);regmap_update_bits_base=crc(807ee877!=576b05bf);qcom_cc_really_probe=crc(91741fe0!=eb71138a);_dev_info=crc(6b10178d!=401167cc);_dev_err=crc(6b10178d!=b4ce05a5)
gcc-canoe,gcc_canoe,/home/jmulesa/android/lineage/device/oneplus/infiniti-kernel/gcc-canoe.ko,misc,0,0,19,0,0,0,0,19,mismatch(e976b219!=21d0f8b0),load-fail-module-layout,load-fail-crc,__platform_driver_register=crc(26d0cf2d!=12db679a);platform_driver_unregister=crc(8af50346!=6fc35f2b);qcom_cc_map=crc(60e78d81!=f59859d2);qcom_cc_register_rcg_dfs=crc(180238fd!=e52f144a);regmap_update_bits_base=crc(807ee877!=576b05bf);qcom_cc_really_probe=crc(91741fe0!=eb71138a);dev_err_probe=crc(de026a97!=2c762752);_dev_info=crc(6b10178d!=401167cc)
gdsc-regulator,gdsc_regulator,/home/jmulesa/android/lineage/device/oneplus/infiniti-kernel/gdsc-regulator.ko,regulator-pmic,0,0,70,0,0,0,3,67,mismatch(e976b219!=21d0f8b0),load-fail-module-layout,load-fail-crc,strlen=crc(90d19584!=98cf60b3);trace_event_buffer_reserve=crc(40964d00!=29eba14a);memcpy=crc(8a7493b2!=4829a47e);trace_event_buffer_commit=crc(ffe3783c!=2fc1082e);__trace_trigger_soft_disabled=crc(cb5e01d7!=0fd10466);__stack_chk_fail=crc(d272d446!=f0fdf6cb);perf_trace_buf_alloc=crc(231ad1b8!=2d2c902f);perf_trace_run_bpf_submit=crc(2a290ade!=c61f330d)
gh_arm_drv,gh_arm_drv,/home/jmulesa/android/lineage/device/oneplus/infiniti-kernel/gh_arm_drv.ko,firmware-virt,0,0,10,0,0,0,0,10,mismatch(e976b219!=21d0f8b0),load-fail-module-layout,load-fail-crc,irq_create_fwspec_mapping=crc(36a8b27e!=a3bca20f);__warn_printk=crc(1127e91b!=56470118);_printk=crc(16b5b21d!=92997ed8);__stack_chk_fail=crc(d272d446!=f0fdf6cb);idr_alloc=crc(031ca02e!=b62587b5);idr_find=crc(03512ca4!=31d7c7bc);idr_remove=crc(d5070956!=841a578a);irq_get_irq_data=crc(e95f7496!=7726dda9)
gh_ctrl,gh_ctrl,/home/jmulesa/android/lineage/device/oneplus/infiniti-kernel/gh_ctrl.ko,firmware-virt,1,0,18,0,0,0,0,18,mismatch(e976b219!=21d0f8b0),load-fail-module-layout,load-fail-crc,sched_clock_read_begin=crc(0083ea76!=e8447b09);sched_clock_read_retry=crc(4f78ccdf!=5d608fe5);__stack_chk_fail=crc(d272d446!=f0fdf6cb);_printk=crc(16b5b21d!=92997ed8);debugfs_remove=crc(608c0df3!=b7c7d237);hypervisor_kobj=crc(eb6ca898!=329daf5e);sysfs_create_file_ns=crc(73909de4!=42aac25f);sysfs_create_group=crc(3ee3b24e!=62b33777)
gh_dbl,gh_dbl,/home/jmulesa/android/lineage/device/oneplus/infiniti-kernel/gh_dbl.ko,firmware-virt,0,0,19,0,0,0,0,19,mismatch(e976b219!=21d0f8b0),load-fail-module-layout,load-fail-crc,_printk=crc(16b5b21d!=92997ed8);__stack_chk_fail=crc(d272d446!=f0fdf6cb);_raw_spin_lock=crc(7c62d7bb!=ba8fbd64);_raw_spin_unlock=crc(7c62d7bb!=b5b54b34);init_wait_entry=crc(6668f05d!=fe487975);prepare_to_wait_event=crc(a29be00c!=8c26d495);schedule=crc(d272d446!=01000e51);finish_wait=crc(3d03c2e0!=92540fbf)
gh_irq_lend,gh_irq_lend,/home/jmulesa/android/lineage/device/oneplus/infiniti-kernel/gh_irq_lend.ko,firmware-virt,1,0,21,0,0,0,0,21,mismatch(e976b219!=21d0f8b0),load-fail-module-layout,load-fail-crc,gh_rm_irq_to_virq=crc(9b16af5a!=71ebefc5);_raw_spin_lock_irqsave=crc(aa615763!=34db050b);_raw_spin_unlock_irqrestore=crc(582af1c8!=d35cce70);ghd_rm_get_vmid=crc(7d5243e3!=c425a31f);gh_rm_vm_irq_lend=crc(461c823d!=f6a937b4);__stack_chk_fail=crc(d272d446!=f0fdf6cb);gh_rm_vm_irq_lend_notify=crc(1725233f!=c9206468);gh_rm_vm_irq_reclaim=crc(9a197aae!=312f9fb3)
gh_mem_notifier,gh_mem_notifier,/home/jmulesa/android/lineage/device/oneplus/infiniti-kernel/gh_mem_notifier.ko,firmware-virt,1,0,6,0,0,0,0,6,mismatch(e976b219!=21d0f8b0),load-fail-module-layout,load-fail-crc,mutex_lock=crc(995658e3!=d5977bfb);mutex_unlock=crc(995658e3!=ed55cabd);gh_rm_register_notifier=crc(0a227d4d!=d3889929);_printk=crc(16b5b21d!=92997ed8);gh_rm_unregister_notifier=crc(0a227d4d!=2a9f206c);module_layout=crc(e976b219!=21d0f8b0)
gh_msgq,gh_msgq,/home/jmulesa/android/lineage/device/oneplus/infiniti-kernel/gh_msgq.ko,firmware-virt,0,0,24,0,0,0,0,24,mismatch(e976b219!=21d0f8b0),load-fail-module-layout,load-fail-crc,mem_alloc_profiling_key=crc(8ee1928d!=0f05f001);kmalloc_caches=crc(d6ce5659!=efe8a82e);__kmalloc_cache_noprof=crc(6cc46e45!=e17134b6);__init_waitqueue_head=crc(de463212!=d9a5ea54);kasprintf=crc(ee6b5fe5!=fb384d37);kfree=crc(31359e90!=037a0cba);__list_add_valid_or_report=crc(6fabd45b!=7e19152a);_raw_spin_lock=crc(7c62d7bb!=ba8fbd64)
gh_panic_notifier,gh_panic_notifier,/home/jmulesa/android/lineage/device/oneplus/infiniti-kernel/gh_panic_notifier.ko,firmware-virt,1,0,58,0,0,0,0,58,mismatch(e976b219!=21d0f8b0),load-fail-module-layout,load-fail-crc,srcu_notifier_chain_register=crc(032feba8!=5038c782);srcu_notifier_chain_unregister=crc(032feba8!=a1a0fdd2);__platform_driver_register=crc(26d0cf2d!=12db679a);platform_driver_unregister=crc(8af50346!=6fc35f2b);devm_kmalloc=crc(d1263f9d!=c8c7229e);of_property_read_variable_u32_array=crc(5de0294f!=e136f93c);of_find_property=crc(9a0c7532!=6b201699);dma_set_mask=crc(b49a38f6!=5be9ce07)
gh_rm_booster,gh_rm_booster,/home/jmulesa/android/lineage/device/oneplus/infiniti-kernel/gh_rm_booster.ko,firmware-virt,1,0,30,0,0,0,0,30,mismatch(e976b219!=21d0f8b0),load-fail-module-layout,load-fail-crc,__platform_driver_register=crc(26d0cf2d!=12db679a);platform_driver_unregister=crc(8af50346!=6fc35f2b);kstrtouint=crc(afb18b07!=3b6c41ea);__cpu_possible_mask=crc(4e994f70!=de7ece30);__sw_hweight64=crc(be1fa9a4!=9f46ced8);param_set_int=crc(dca2caff!=7bdb4bd8);smp_call_function_single=crc(70c855e3!=6228c21f);__stack_chk_fail=crc(d272d446!=f0fdf6cb)
gh_rm_drv,gh_rm_drv,/home/jmulesa/android/lineage/device/oneplus/infiniti-kernel/gh_rm_drv.ko,firmware-virt,0,0,85,0,0,0,0,85,mismatch(e976b219!=21d0f8b0),load-fail-module-layout,load-fail-crc,strcmp=crc(f5df0401!=e2d5255a);_printk=crc(16b5b21d!=92997ed8);srcu_notifier_chain_register=crc(032feba8!=5038c782);srcu_notifier_chain_unregister=crc(032feba8!=a1a0fdd2);gh_get_irq=crc(27b867d0!=e5ea82d3);irq_domain_get_irq_data=crc(1b8ac2e8!=248b0c1d);mem_alloc_profiling_key=crc(8ee1928d!=0f05f001);__kmalloc_noprof=crc(27865ec7!=52c5c991)
gh_rm_heap_manager,gh_rm_heap_manager,/home/jmulesa/android/lineage/device/oneplus/infiniti-kernel/gh_rm_heap_manager.ko,firmware-virt,0,0,19,0,0,0,0,19,mismatch(e976b219!=21d0f8b0),load-fail-module-layout,load-fail-crc,gh_rm_heap_query=crc(172e1a0b!=974721b1);kfree=crc(31359e90!=037a0cba);_printk=crc(16b5b21d!=92997ed8);__stack_chk_fail=crc(d272d446!=f0fdf6cb);mutex_lock=crc(995658e3!=d5977bfb);mutex_unlock=crc(995658e3!=ed55cabd);kmalloc_caches=crc(d6ce5659!=efe8a82e);mem_prot_pool_free=crc(b5ddfb2e!=eabe78c6)
gh_tlmm_vm_mem_access,gh_tlmm_vm_mem_access,/home/jmulesa/android/lineage/device/oneplus/infiniti-kernel/gh_tlmm_vm_mem_access.ko,firmware-virt,1,0,34,0,0,0,0,34,mismatch(e976b219!=21d0f8b0),load-fail-module-layout,load-fail-crc,__platform_driver_register=crc(26d0cf2d!=12db679a);platform_driver_unregister=crc(8af50346!=6fc35f2b);devm_kmalloc=crc(d1263f9d!=c8c7229e);of_find_property=crc(9a0c7532!=6b201699);of_get_next_available_child=crc(f2308994!=796ead29);of_property_read_variable_u32_array=crc(5de0294f!=e136f93c);__list_add_valid_or_report=crc(6fabd45b!=7e19152a);of_find_compatible_node=crc(730d7351!=f3cdc3c6)
gh_vcpu_mgr,gh_vcpu_mgr,/home/jmulesa/android/lineage/device/oneplus/infiniti-kernel/gh_vcpu_mgr.ko,firmware-virt,0,0,63,0,0,0,0,63,mismatch(e976b219!=21d0f8b0),load-fail-module-layout,load-fail-crc,trace_event_buffer_reserve=crc(40964d00!=29eba14a);trace_event_buffer_commit=crc(ffe3783c!=2fc1082e);__trace_trigger_soft_disabled=crc(cb5e01d7!=0fd10466);__stack_chk_fail=crc(d272d446!=f0fdf6cb);perf_trace_buf_alloc=crc(231ad1b8!=2d2c902f);perf_trace_run_bpf_submit=crc(2a290ade!=c61f330d);bpf_trace_run6=crc(77b07a73!=6bd4d5dc);gh_rm_get_vm_name=crc(dabeed4a!=bffea94c)
gic_intr_routing,gic_intr_routing,/home/jmulesa/android/lineage/device/oneplus/infiniti-kernel/gic_intr_routing.ko,misc,0,0,63,0,0,0,0,63,mismatch(e976b219!=21d0f8b0),load-fail-module-layout,load-fail-crc,log_write_mmio=crc(295b83ed!=c905402b);log_post_write_mmio=crc(295b83ed!=fa4d3c24);_raw_spin_lock=crc(7c62d7bb!=ba8fbd64);_raw_spin_unlock=crc(7c62d7bb!=b5b54b34);log_read_mmio=crc(f5e9ca2e!=6b722180);log_post_read_mmio=crc(ec62c96b!=0c1a5ee3);irq_to_desc=crc(a39da802!=16ad39d4);strcmp=crc(f5df0401!=e2d5255a)
glink_pkt,glink_pkt,/home/jmulesa/android/lineage/device/oneplus/infiniti-kernel/glink_pkt.ko,misc,1,0,98,0,0,0,2,96,mismatch(e976b219!=21d0f8b0),load-fail-module-layout,load-fail-crc,__platform_driver_register=crc(26d0cf2d!=12db679a);___ratelimit=crc(a3384a5c!=f5edea2e);ipc_log_string=missing;ipc_log_context_create=missing;_printk=crc(16b5b21d!=92997ed8);class_destroy=crc(0eaa09a8!=ef27af6b);unregister_chrdev_region=crc(0bc5fb0d!=6091b333);platform_driver_unregister=crc(8af50346!=6fc35f2b)
glink_probe,glink_probe,/home/jmulesa/android/lineage/device/oneplus/infiniti-kernel/glink_probe.ko,misc,1,0,27,0,0,0,3,24,mismatch(e976b219!=21d0f8b0),load-fail-module-layout,load-fail-crc,ipc_log_context_create=missing;__platform_driver_register=crc(26d0cf2d!=12db679a);_printk=crc(16b5b21d!=92997ed8);ipc_log_context_destroy=missing;platform_driver_unregister=crc(8af50346!=6fc35f2b);of_get_next_available_child=crc(f2308994!=796ead29);_dev_err=crc(6b10178d!=b4ce05a5);ipc_log_string=missing
goodix_ts,goodix_ts,/home/jmulesa/android/lineage/device/oneplus/infiniti-kernel/goodix_ts.ko,touch,0,0,124,0,0,0,1,123,mismatch(e976b219!=21d0f8b0),load-fail-module-layout,load-fail-crc,_printk=crc(16b5b21d!=92997ed8);memcpy=crc(8a7493b2!=4829a47e);usleep_range_state=crc(fdbae8c6!=c3055d20);__stack_chk_fail=crc(d272d446!=f0fdf6cb);kthread_create_on_node=crc(7672ba8d!=ba0aee2e);wake_up_process=crc(b40d9875!=ce5bc4d0);ktime_get=crc(ff9a6e5c!=b43f9365);mutex_lock=crc(995658e3!=d5977bfb)
governor_gpubw_mon,governor_gpubw_mon,/home/jmulesa/android/lineage/device/oneplus/infiniti-kernel/governor_gpubw_mon.ko,misc,1,0,15,0,0,0,0,15,mismatch(e976b219!=21d0f8b0),load-fail-module-layout,load-fail-crc,devfreq_add_governor=crc(37c2a55c!=2ae5231c);devfreq_remove_governor=crc(37c2a55c!=d7f5c83d);_printk=crc(16b5b21d!=92997ed8);__stack_chk_fail=crc(d272d446!=f0fdf6cb);strcmp=crc(f5df0401!=e2d5255a);mutex_lock=crc(995658e3!=d5977bfb);mem_alloc_profiling_key=crc(8ee1928d!=0f05f001);__kmalloc_noprof=crc(27865ec7!=52c5c991)
governor_msm_adreno_ro,governor_msm_adreno_ro,/home/jmulesa/android/lineage/device/oneplus/infiniti-kernel/governor_msm_adreno_ro.ko,misc,0,0,4,0,0,0,0,4,mismatch(e976b219!=21d0f8b0),load-fail-module-layout,load-fail-crc,devfreq_add_governor=crc(37c2a55c!=2ae5231c);devfreq_remove_governor=crc(37c2a55c!=d7f5c83d);_printk=crc(16b5b21d!=92997ed8);module_layout=crc(e976b219!=21d0f8b0)
governor_msm_adreno_tz,governor_msm_adreno_tz,/home/jmulesa/android/lineage/device/oneplus/infiniti-kernel/governor_msm_adreno_tz.ko,misc,1,0,34,0,0,0,0,34,mismatch(e976b219!=21d0f8b0),load-fail-module-layout,load-fail-crc,ktime_get=crc(ff9a6e5c!=b43f9365);_raw_spin_lock=crc(7c62d7bb!=ba8fbd64);_raw_spin_unlock=crc(7c62d7bb!=b5b54b34);qcom_scm_dcvs_core_available=crc(5e505530!=3ba7797d);qtee_shmbridge_is_enabled=crc(5e505530!=99367cb2);qtee_shmbridge_allocate_shm=crc(8c00d5f5!=79123a12);mem_alloc_profiling_key=crc(8ee1928d!=0f05f001);kmalloc_caches=crc(d6ce5659!=efe8a82e)
gpr_dlkm,gpr_dlkm,/home/jmulesa/android/lineage/device/oneplus/infiniti-kernel/gpr_dlkm.ko,misc,1,0,55,0,0,0,7,48,mismatch(e976b219!=21d0f8b0),load-fail-module-layout,load-fail-crc,audio_notifier_register=missing;___ratelimit=crc(a3384a5c!=f5edea2e);memset=crc(110f4d3a!=dcb764ad);scnprintf=crc(f4386284!=96848186);dev_driver_string=crc(b24ae2ee!=ba72f076);upload_mm_fb_kevent_limit=missing;_dev_err=crc(6b10178d!=b4ce05a5);__stack_chk_fail=crc(d272d446!=f0fdf6cb)
gpucc-canoe,gpucc_canoe,/home/jmulesa/android/lineage/device/oneplus/infiniti-kernel/gpucc-canoe.ko,gpu,0,0,25,0,0,0,0,25,mismatch(e976b219!=21d0f8b0),load-fail-module-layout,load-fail-crc,__platform_driver_register=crc(26d0cf2d!=12db679a);platform_driver_unregister=crc(8af50346!=6fc35f2b);qcom_cc_map=crc(60e78d81!=f59859d2);of_get_property=crc(25eb83ce!=3b1b6444);strcmp=crc(f5df0401!=e2d5255a);clk_lucid_evo_pll_configure=crc(0d118103!=09e0378c);regmap_update_bits_base=crc(807ee877!=576b05bf);qcom_cc_really_probe=crc(91741fe0!=eb71138a)
gsim,gsim,/home/jmulesa/android/lineage/device/oneplus/infiniti-kernel/gsim.ko,misc,1,0,77,0,0,0,0,77,mismatch(e976b219!=21d0f8b0),load-fail-module-layout,load-fail-crc,trace_event_buffer_reserve=crc(40964d00!=29eba14a);trace_event_buffer_commit=crc(ffe3783c!=2fc1082e);__trace_trigger_soft_disabled=crc(cb5e01d7!=0fd10466);__stack_chk_fail=crc(d272d446!=f0fdf6cb);perf_trace_buf_alloc=crc(231ad1b8!=2d2c902f);perf_trace_run_bpf_submit=crc(2a290ade!=c61f330d);bpf_trace_run5=crc(df495bd0!=e3c00b45);_raw_spin_lock_irqsave=crc(aa615763!=34db050b)
gunyah_trace,gunyah_trace,/home/jmulesa/android/lineage/device/oneplus/infiniti-kernel/gunyah_trace.ko,firmware-virt,0,0,42,0,0,0,0,42,mismatch(e976b219!=21d0f8b0),load-fail-module-layout,load-fail-crc,memset=crc(110f4d3a!=dcb764ad);gunyah_get_info=crc(8534b449!=9612dde3);pfn_is_map_memory=crc(220e0761!=6da467cb);memstart_addr=crc(c9a2f5d2!=9688de8b);arm64_use_ng_mappings=crc(3239fbdb!=af56600a);ioremap_prot=crc(c948ac44!=40863ba1);of_root=crc(b2e1801c!=ac593a05);of_irq_find_parent=crc(0369f0f5!=6db0e361)
hdcp_qseecom_dlkm,hdcp_qseecom_dlkm,/home/jmulesa/android/lineage/device/oneplus/infiniti-kernel/hdcp_qseecom_dlkm.ko,secure,1,0,22,0,0,0,5,17,mismatch(e976b219!=21d0f8b0),load-fail-module-layout,load-fail-crc,_printk=crc(16b5b21d!=92997ed8);mutex_lock=crc(995658e3!=d5977bfb);mutex_unlock=crc(995658e3!=ed55cabd);kfree=crc(31359e90!=037a0cba);of_find_compatible_node=crc(730d7351!=f3cdc3c6);of_find_property=crc(9a0c7532!=6b201699);mem_alloc_profiling_key=crc(8ee1928d!=0f05f001);kmalloc_caches=crc(d6ce5659!=efe8a82e)
hdmi_dlkm,hdmi_dlkm,/home/jmulesa/android/lineage/device/oneplus/infiniti-kernel/hdmi_dlkm.ko,audio,1,0,24,0,0,0,2,22,mismatch(e976b219!=21d0f8b0),load-fail-module-layout,load-fail-crc,__platform_driver_register=crc(26d0cf2d!=12db679a);_printk=crc(16b5b21d!=92997ed8);platform_driver_unregister=crc(8af50346!=6fc35f2b);snd_soc_register_component=crc(61a945c4!=6676a1b8);snd_soc_unregister_component=crc(4ee10116!=9bd3b281);mem_alloc_profiling_key=crc(8ee1928d!=0f05f001);kmalloc_caches=crc(d6ce5659!=efe8a82e);__kmalloc_cache_noprof=crc(6cc46e45!=e17134b6)
heap_mem_ext_v01,heap_mem_ext_v01,/home/jmulesa/android/lineage/device/oneplus/infiniti-kernel/heap_mem_ext_v01.ko,misc,1,0,2,0,0,0,0,2,mismatch(e976b219!=21d0f8b0),load-fail-module-layout,load-fail-crc,qmi_response_type_v01_ei=crc(77b5c22d!=4cd2fe40);module_layout=crc(e976b219!=21d0f8b0)
horae_shell_temp,horae_shell_temp,/home/jmulesa/android/lineage/device/oneplus/infiniti-kernel/horae_shell_temp.ko,misc,1,0,28,0,0,0,0,28,mismatch(e976b219!=21d0f8b0),load-fail-module-layout,load-fail-crc,_raw_spin_lock_irqsave=crc(aa615763!=34db050b);_raw_spin_unlock_irqrestore=crc(582af1c8!=d35cce70);proc_create=crc(bcb84f5d!=b4028d67);__platform_driver_register=crc(26d0cf2d!=12db679a);_printk=crc(16b5b21d!=92997ed8);remove_proc_entry=crc(1b68847f!=330c0b0f);platform_driver_unregister=crc(8af50346!=6fc35f2b);single_open=crc(d34d4b7a!=8b9c34da)
hung_task_enh,hung_task_enh,/home/jmulesa/android/lineage/device/oneplus/infiniti-kernel/hung_task_enh.ko,misc,1,0,22,0,0,0,0,22,mismatch(e976b219!=21d0f8b0),load-fail-module-layout,load-fail-crc,init_task=crc(35075030!=73caefdc);vendor_data_pad=crc(f54e5881!=d820ab9a);jiffies=crc(f2a4b08a!=15ba50a6);panic=crc(1127e91b!=f1e046cc);mutex_lock=crc(995658e3!=d5977bfb);proc_dointvec=crc(854828da!=f943375f);find_vpid=crc(6253a466!=b1d04e67);get_pid_task=crc(6b3d1ebd!=f78f9e90)
hvc_gunyah,hvc_gunyah,/home/jmulesa/android/lineage/device/oneplus/infiniti-kernel/hvc_gunyah.ko,misc,1,0,26,0,0,0,0,26,mismatch(e976b219!=21d0f8b0),load-fail-module-layout,load-fail-crc,_raw_spin_lock_irqsave=crc(aa615763!=34db050b);__kfifo_out=crc(d182ed24!=13d0adf7);_raw_spin_unlock_irqrestore=crc(582af1c8!=d35cce70);__kfifo_in=crc(069f1edd!=f23fcb99);system_wq=crc(571c73d5!=2d3385d3);queue_work_on=crc(8f4cd990!=c5b6f236);hvc_alloc=crc(0c32d2b0!=e59dd2d6);gh_rm_register_notifier=crc(0a227d4d!=d3889929)
hwmon,hwmon,/home/jmulesa/android/lineage/device/oneplus/infiniti-kernel/hwmon.ko,misc,1,0,65,0,0,0,0,65,mismatch(e976b219!=21d0f8b0),load-fail-module-layout,load-fail-crc,strlen=crc(90d19584!=98cf60b3);trace_event_buffer_reserve=crc(40964d00!=29eba14a);memcpy=crc(8a7493b2!=4829a47e);trace_event_buffer_commit=crc(ffe3783c!=2fc1082e);__trace_trigger_soft_disabled=crc(cb5e01d7!=0fd10466);__stack_chk_fail=crc(d272d446!=f0fdf6cb);perf_trace_buf_alloc=crc(231ad1b8!=2d2c902f);perf_trace_run_bpf_submit=crc(2a290ade!=c61f330d)
i2c-msm-geni,i2c_msm_geni,/home/jmulesa/android/lineage/device/oneplus/infiniti-kernel/i2c-msm-geni.ko,misc,1,0,104,0,0,0,5,99,mismatch(e976b219!=21d0f8b0),load-fail-module-layout,load-fail-crc,strlen=crc(90d19584!=98cf60b3);trace_event_buffer_reserve=crc(40964d00!=29eba14a);memcpy=crc(8a7493b2!=4829a47e);vsnprintf=crc(78dfe782!=00148653);trace_event_buffer_commit=crc(ffe3783c!=2fc1082e);__trace_trigger_soft_disabled=crc(cb5e01d7!=0fd10466);__stack_chk_fail=crc(d272d446!=f0fdf6cb);perf_trace_buf_alloc=crc(231ad1b8!=2d2c902f)
i3c-master-msm-geni,i3c_master_msm_geni,/home/jmulesa/android/lineage/device/oneplus/infiniti-kernel/i3c-master-msm-geni.ko,misc,1,0,134,0,0,0,10,124,mismatch(e976b219!=21d0f8b0),load-fail-module-layout,load-fail-crc,strlen=crc(90d19584!=98cf60b3);trace_event_buffer_reserve=crc(40964d00!=29eba14a);memcpy=crc(8a7493b2!=4829a47e);vsnprintf=crc(78dfe782!=00148653);trace_event_buffer_commit=crc(ffe3783c!=2fc1082e);__trace_trigger_soft_disabled=crc(cb5e01d7!=0fd10466);__stack_chk_fail=crc(d272d446!=f0fdf6cb);perf_trace_buf_alloc=crc(231ad1b8!=2d2c902f)
icc-bcm-voter,icc_bcm_voter,/home/jmulesa/android/lineage/device/oneplus/infiniti-kernel/icc-bcm-voter.ko,misc,0,0,37,0,0,0,0,37,mismatch(e976b219!=21d0f8b0),load-fail-module-layout,load-fail-crc,strlen=crc(90d19584!=98cf60b3);trace_event_buffer_reserve=crc(40964d00!=29eba14a);memcpy=crc(8a7493b2!=4829a47e);trace_event_buffer_commit=crc(ffe3783c!=2fc1082e);__trace_trigger_soft_disabled=crc(cb5e01d7!=0fd10466);__stack_chk_fail=crc(d272d446!=f0fdf6cb);perf_trace_buf_alloc=crc(231ad1b8!=2d2c902f);perf_trace_run_bpf_submit=crc(2a290ade!=c61f330d)
icc-clk,icc_clk,/home/jmulesa/android/lineage/device/oneplus/infiniti-kernel/icc-clk.ko,misc,0,0,19,0,0,0,0,19,mismatch(e976b219!=21d0f8b0),load-fail-module-layout,load-fail-crc,devm_kmalloc=crc(d1263f9d!=c8c7229e);icc_std_aggregate=crc(83669c95!=8c20a345);of_icc_xlate_onecell=crc(a76544c5!=b3e0c2cb);icc_provider_init=crc(39d1072a!=7ec2a0a8);icc_node_create=crc(f5c6368a!=95af4590);devm_kasprintf=crc(581ab8cd!=5c6a5e82);icc_node_add=crc(de453f17!=9b683b61);icc_link_create=crc(9ac767e1!=cf866f2f)
icc-debug,icc_debug,/home/jmulesa/android/lineage/device/oneplus/infiniti-kernel/icc-debug.ko,misc,0,0,21,0,0,0,0,21,mismatch(e976b219!=21d0f8b0),load-fail-module-layout,load-fail-crc,mem_alloc_profiling_key=crc(8ee1928d!=0f05f001);kmalloc_caches=crc(d6ce5659!=efe8a82e);__kmalloc_cache_noprof=crc(6cc46e45!=e17134b6);mutex_lock=crc(995658e3!=d5977bfb);mutex_unlock=crc(995658e3!=ed55cabd);__list_add_valid_or_report=crc(6fabd45b!=7e19152a);__list_del_entry_valid_or_report=crc(802f8919!=9a835040);kfree=crc(31359e90!=037a0cba)
icc-rpmh,icc_rpmh,/home/jmulesa/android/lineage/device/oneplus/infiniti-kernel/icc-rpmh.ko,misc,0,0,44,0,0,0,0,44,mismatch(e976b219!=21d0f8b0),load-fail-module-layout,load-fail-crc,qcom_icc_bcm_voter_add=crc(7a8b94e2!=b5fe26d2);clk_disable=crc(97ab43c4!=b6e6d99d);clk_unprepare=crc(97ab43c4!=b077e70a);clk_set_rate=crc(8a847c1d!=76d9b876);clk_prepare=crc(6b710bab!=7c9a7371);clk_enable=crc(6b710bab!=815588a6);qcom_icc_bcm_voter_commit=crc(cfe11c4a!=0b39b783);_dev_warn=crc(6b10178d!=47a915f1)
icnss2,icnss2,/home/jmulesa/android/lineage/device/oneplus/infiniti-kernel/icnss2.ko,wlan,1,0,298,0,0,0,86,212,mismatch(e976b219!=21d0f8b0),load-fail-module-layout,load-fail-crc,debugfs_create_dir=crc(85212c97!=5cf4d4de);debugfs_create_file=crc(d0616c24!=4e870156);_printk=crc(16b5b21d!=92997ed8);ipc_log_string=missing;debugfs_remove=crc(608c0df3!=b7c7d237);ipc_log_context_create=missing;ipc_log_context_destroy=missing;kstrtouint_from_user=crc(1e8510b3!=19b76060)
iommu-logger,iommu_logger,/home/jmulesa/android/lineage/device/oneplus/infiniti-kernel/iommu-logger.ko,misc,0,0,13,0,0,0,0,13,mismatch(e976b219!=21d0f8b0),load-fail-module-layout,load-fail-crc,mutex_lock=crc(995658e3!=d5977bfb);memstart_addr=crc(c9a2f5d2!=9688de8b);mem_alloc_profiling_key=crc(8ee1928d!=0f05f001);kmalloc_caches=crc(d6ce5659!=efe8a82e);__kmalloc_cache_noprof=crc(6cc46e45!=e17134b6);kasprintf=crc(ee6b5fe5!=fb384d37);iommu_group_get=crc(7d9b45ee!=a43197ec);iommu_group_put=crc(486b935c!=89485687)
ipam,ipam,/home/jmulesa/android/lineage/device/oneplus/infiniti-kernel/ipam.ko,misc,1,0,382,0,0,0,78,304,mismatch(e976b219!=21d0f8b0),load-fail-module-layout,load-fail-crc,trace_event_buffer_reserve=crc(40964d00!=29eba14a);trace_event_buffer_commit=crc(ffe3783c!=2fc1082e);__trace_trigger_soft_disabled=crc(cb5e01d7!=0fd10466);__stack_chk_fail=crc(d272d446!=f0fdf6cb);perf_trace_buf_alloc=crc(231ad1b8!=2d2c902f);perf_trace_run_bpf_submit=crc(2a290ade!=c61f330d);strlen=crc(90d19584!=98cf60b3);memcpy=crc(8a7493b2!=4829a47e)
ipanetm,ipanetm,/home/jmulesa/android/lineage/device/oneplus/infiniti-kernel/ipanetm.ko,misc,1,0,8,0,0,0,6,2,mismatch(e976b219!=21d0f8b0),load-fail-module-layout,load-fail-crc,ipa3_ctx=missing;ipc_log_string=missing;ipa3_wwan_platform_driver_register=missing;rndis_ipa_init_module=missing;_printk=crc(16b5b21d!=92997ed8);ipa3_wwan_cleanup=missing;rndis_ipa_cleanup_module=missing;module_layout=crc(e976b219!=21d0f8b0)
ipclite,ipclite,/home/jmulesa/android/lineage/device/oneplus/infiniti-kernel/ipclite.ko,misc,0,0,50,0,0,0,0,50,mismatch(e976b219!=21d0f8b0),load-fail-module-layout,load-fail-crc,__hwspin_lock_timeout=crc(774be9b8!=213508c1);_printk=crc(16b5b21d!=92997ed8);__hwspin_unlock=crc(cf1ef8fd!=c64e5c2f);__msecs_to_jiffies=crc(7162a662!=7f02188f);jiffies=crc(f2a4b08a!=15ba50a6);alt_cb_patch_nops=crc(b8c8345a!=a65c6def);preempt_schedule=crc(d272d446!=43b0c9c3);vsnprintf=crc(78dfe782!=00148653)
ipclite_test,ipclite_test,/home/jmulesa/android/lineage/device/oneplus/infiniti-kernel/ipclite_test.ko,misc,1,0,45,0,0,0,9,36,mismatch(e976b219!=21d0f8b0),load-fail-module-layout,load-fail-crc,ipclite_global_test_and_clear_bit=missing;_printk=crc(16b5b21d!=92997ed8);mem_alloc_profiling_key=crc(8ee1928d!=0f05f001);strlen=crc(90d19584!=98cf60b3);__kmalloc_noprof=crc(27865ec7!=52c5c991);strnlen=crc(b5bedffb!=a916b694);sized_strscpy=crc(8f8e273c!=476b165a);strsep=crc(eac1e857!=85df9b6c)
leds-qcom-flash,leds_qcom_flash,/home/jmulesa/android/lineage/device/oneplus/infiniti-kernel/leds-qcom-flash.ko,misc,1,0,26,0,0,0,1,25,mismatch(e976b219!=21d0f8b0),load-fail-module-layout,load-fail-crc,power_supply_get_by_name=crc(4c5ea0f6!=fdf04ae0);qti_battery_charger_get_prop=missing;power_supply_get_property=crc(b7cfc328!=b6e871b8);_raw_spin_lock=crc(7c62d7bb!=ba8fbd64);_raw_spin_unlock=crc(7c62d7bb!=b5b54b34);_printk=crc(16b5b21d!=92997ed8);__stack_chk_fail=crc(d272d446!=f0fdf6cb);__platform_driver_register=crc(26d0cf2d!=12db679a)
leds-qcom-lpg,leds_qcom_lpg,/home/jmulesa/android/lineage/device/oneplus/infiniti-kernel/leds-qcom-lpg.ko,misc,1,0,38,0,0,0,0,38,mismatch(e976b219!=21d0f8b0),load-fail-module-layout,load-fail-crc,__platform_driver_register=crc(26d0cf2d!=12db679a);platform_driver_unregister=crc(8af50346!=6fc35f2b);devm_kmalloc=crc(d1263f9d!=c8c7229e);of_device_get_match_data=crc(be4e2011!=14fe5355);__mutex_init=crc(81d49dc6!=a571f6b0);dev_get_regmap=crc(38acd0f5!=49dc0e6c);regmap_read=crc(23aa8f00!=64311477);of_property_count_elems_of_size=crc(a657ffb0!=a079425d)
leds-qpnp-vibrator-ldo,leds_qpnp_vibrator_ldo,/home/jmulesa/android/lineage/device/oneplus/infiniti-kernel/leds-qpnp-vibrator-ldo.ko,misc,1,0,29,0,0,0,0,29,mismatch(e976b219!=21d0f8b0),load-fail-module-layout,load-fail-crc,__platform_driver_register=crc(26d0cf2d!=12db679a);platform_driver_unregister=crc(8af50346!=6fc35f2b);of_property_read_variable_u32_array=crc(5de0294f!=e136f93c);devm_kmalloc=crc(d1263f9d!=c8c7229e);dev_get_regmap=crc(38acd0f5!=49dc0e6c);_printk=crc(16b5b21d!=92997ed8);of_find_property=crc(9a0c7532!=6b201699);__mutex_init=crc(81d49dc6!=a571f6b0)
ledtrig-pattern,ledtrig_pattern,/home/jmulesa/android/lineage/device/oneplus/infiniti-kernel/ledtrig-pattern.ko,misc,0,0,28,0,0,0,0,28,mismatch(e976b219!=21d0f8b0),load-fail-module-layout,load-fail-crc,led_trigger_register=crc(5909579c!=c3419aa0);led_trigger_unregister=crc(122283ca!=c1f6f744);mem_alloc_profiling_key=crc(8ee1928d!=0f05f001);__kmalloc_large_noprof=crc(27865ec7!=441d0de9);__mutex_init=crc(81d49dc6!=a571f6b0);init_timer_key=crc(534026f3!=c6f46339);hrtimer_init=crc(80684a2f!=ea82d349);led_get_default_pattern=crc(83d4c797!=266f3849)
llcc-qcom,llcc_qcom,/home/jmulesa/android/lineage/device/oneplus/infiniti-kernel/llcc-qcom.ko,misc,0,0,27,0,0,0,0,27,mismatch(e976b219!=21d0f8b0),load-fail-module-layout,load-fail-crc,__warn_printk=crc(1127e91b!=56470118);mutex_lock=crc(995658e3!=d5977bfb);alt_cb_patch_nops=crc(b8c8345a!=a65c6def);mutex_unlock=crc(995658e3!=ed55cabd);regmap_write=crc(8b1835dc!=6b883e5a);ktime_get=crc(ff9a6e5c!=b43f9365);regmap_read=crc(23aa8f00!=64311477);__stack_chk_fail=crc(d272d446!=f0fdf6cb)
llcc_heuristics,llcc_heuristics,/home/jmulesa/android/lineage/device/oneplus/infiniti-kernel/llcc_heuristics.ko,misc,1,0,11,0,0,0,1,10,mismatch(e976b219!=21d0f8b0),load-fail-module-layout,load-fail-crc,__platform_driver_register=crc(26d0cf2d!=12db679a);platform_driver_unregister=crc(8af50346!=6fc35f2b);get_qcom_scmi_device=missing;of_property_read_variable_u32_array=crc(5de0294f!=e136f93c);of_property_count_elems_of_size=crc(a657ffb0!=a079425d);of_find_property=crc(9a0c7532!=6b201699);of_property_match_string=crc(8249f9a8!=502a8c68);dev_err_probe=crc(de026a97!=2c762752)
lmh_stats,lmh_stats,/home/jmulesa/android/lineage/device/oneplus/infiniti-kernel/lmh_stats.ko,misc,0,0,34,0,0,0,0,34,mismatch(e976b219!=21d0f8b0),load-fail-module-layout,load-fail-crc,trace_event_buffer_reserve=crc(40964d00!=29eba14a);trace_event_buffer_commit=crc(ffe3783c!=2fc1082e);__trace_trigger_soft_disabled=crc(cb5e01d7!=0fd10466);__stack_chk_fail=crc(d272d446!=f0fdf6cb);perf_trace_buf_alloc=crc(231ad1b8!=2d2c902f);perf_trace_run_bpf_submit=crc(2a290ade!=c61f330d);bpf_trace_run2=crc(d3e815e9!=a3783864);__platform_driver_register=crc(26d0cf2d!=12db679a)
lpass_bt_swr_dlkm,lpass_bt_swr_dlkm,/home/jmulesa/android/lineage/device/oneplus/infiniti-kernel/lpass_bt_swr_dlkm.ko,audio,1,0,48,0,0,0,8,40,mismatch(e976b219!=21d0f8b0),load-fail-module-layout,load-fail-crc,mutex_lock=crc(995658e3!=d5977bfb);mutex_unlock=crc(995658e3!=ed55cabd);digital_cdc_rsc_mgr_hw_vote_enable=missing;pm_runtime_set_autosuspend_delay=crc(eed67a01!=8ad898b0);___ratelimit=crc(a3384a5c!=f5edea2e);_dev_err=crc(6b10178d!=b4ce05a5);digital_cdc_rsc_mgr_hw_vote_disable=missing;__platform_driver_register=crc(26d0cf2d!=12db679a)
lpass_cdc_dlkm,lpass_cdc_dlkm,/home/jmulesa/android/lineage/device/oneplus/infiniti-kernel/lpass_cdc_dlkm.ko,audio,1,0,82,0,0,0,5,77,mismatch(e976b219!=21d0f8b0),load-fail-module-layout,load-fail-crc,of_device_is_compatible=crc(c993f0e5!=2077fc84);___ratelimit=crc(a3384a5c!=f5edea2e);_dev_err=crc(6b10178d!=b4ce05a5);blocking_notifier_call_chain=crc(559ff49a!=482d47c8);_printk=crc(16b5b21d!=92997ed8);snd_soc_component_update_bits=crc(9f9e884d!=78202da6);mutex_lock=crc(995658e3!=d5977bfb);_dev_info=crc(6b10178d!=401167cc)
lpass_cdc_rx_macro_dlkm,lpass_cdc_rx_macro_dlkm,/home/jmulesa/android/lineage/device/oneplus/infiniti-kernel/lpass_cdc_rx_macro_dlkm.ko,audio,1,0,93,0,0,0,18,75,mismatch(e976b219!=21d0f8b0),load-fail-module-layout,load-fail-crc,___ratelimit=crc(a3384a5c!=f5edea2e);_printk=crc(16b5b21d!=92997ed8);__stack_chk_fail=crc(d272d446!=f0fdf6cb);lpass_cdc_get_device_ptr=missing;_dev_err=crc(6b10178d!=b4ce05a5);__platform_driver_register=crc(26d0cf2d!=12db679a);platform_driver_unregister=crc(8af50346!=6fc35f2b);lpass_cdc_is_va_macro_registered=missing
lpass_cdc_tx_macro_dlkm,lpass_cdc_tx_macro_dlkm,/home/jmulesa/android/lineage/device/oneplus/infiniti-kernel/lpass_cdc_tx_macro_dlkm.ko,audio,1,0,73,0,0,0,12,61,mismatch(e976b219!=21d0f8b0),load-fail-module-layout,load-fail-crc,__platform_driver_register=crc(26d0cf2d!=12db679a);platform_driver_unregister=crc(8af50346!=6fc35f2b);lpass_cdc_is_va_macro_registered=missing;devm_kmalloc=crc(d1263f9d!=c8c7229e);of_property_read_variable_u32_array=crc(5de0294f!=e136f93c);devm_ioremap=crc(6d7dac4a!=ee73d233);of_find_property=crc(9a0c7532!=6b201699);_dev_err=crc(6b10178d!=b4ce05a5)
lpass_cdc_va_macro_dlkm,lpass_cdc_va_macro_dlkm,/home/jmulesa/android/lineage/device/oneplus/infiniti-kernel/lpass_cdc_va_macro_dlkm.ko,audio,1,0,102,0,0,0,18,84,mismatch(e976b219!=21d0f8b0),load-fail-module-layout,load-fail-crc,__platform_driver_register=crc(26d0cf2d!=12db679a);platform_driver_unregister=crc(8af50346!=6fc35f2b);devm_kmalloc=crc(d1263f9d!=c8c7229e);of_property_read_variable_u32_array=crc(5de0294f!=e136f93c);of_find_property=crc(9a0c7532!=6b201699);_dev_err=crc(6b10178d!=b4ce05a5);__of_parse_phandle_with_args=crc(e99699d5!=1fec5304);msm_cdc_pinctrl_get_state=missing
lpass_cdc_wsa2_macro_dlkm,lpass_cdc_wsa2_macro_dlkm,/home/jmulesa/android/lineage/device/oneplus/infiniti-kernel/lpass_cdc_wsa2_macro_dlkm.ko,audio,1,0,91,0,0,0,17,74,mismatch(e976b219!=21d0f8b0),load-fail-module-layout,load-fail-crc,__platform_driver_register=crc(26d0cf2d!=12db679a);platform_driver_unregister=crc(8af50346!=6fc35f2b);lpass_cdc_is_va_macro_registered=missing;devm_kmalloc=crc(d1263f9d!=c8c7229e);of_property_read_variable_u32_array=crc(5de0294f!=e136f93c);devm_ioremap=crc(6d7dac4a!=ee73d233);of_find_property=crc(9a0c7532!=6b201699);__of_parse_phandle_with_args=crc(e99699d5!=1fec5304)
lpass_cdc_wsa_macro_dlkm,lpass_cdc_wsa_macro_dlkm,/home/jmulesa/android/lineage/device/oneplus/infiniti-kernel/lpass_cdc_wsa_macro_dlkm.ko,audio,1,0,96,0,0,0,17,79,mismatch(e976b219!=21d0f8b0),load-fail-module-layout,load-fail-crc,__platform_driver_register=crc(26d0cf2d!=12db679a);platform_driver_unregister=crc(8af50346!=6fc35f2b);lpass_cdc_is_va_macro_registered=missing;devm_kmalloc=crc(d1263f9d!=c8c7229e);of_property_read_variable_u32_array=crc(5de0294f!=e136f93c);devm_ioremap=crc(6d7dac4a!=ee73d233);of_find_property=crc(9a0c7532!=6b201699);__of_parse_phandle_with_args=crc(e99699d5!=1fec5304)
lt9611uxc,lt9611uxc,/home/jmulesa/android/lineage/device/oneplus/infiniti-kernel/lt9611uxc.ko,misc,1,0,97,0,0,0,0,97,mismatch(e976b219!=21d0f8b0),load-fail-module-layout,load-fail-crc,kfree=crc(31359e90!=037a0cba);scnprintf=crc(f4386284!=96848186);drm_get_connector_status_name=crc(b7d9ba97!=0fd60df2);kobject_uevent_env=crc(37679765!=c54855de);__stack_chk_fail=crc(d272d446!=f0fdf6cb);i2c_transfer=crc(a293b777!=e3fa5191);_printk=crc(16b5b21d!=92997ed8);msleep=crc(67628f51!=f9a482f9)
mac80211,mac80211,/home/jmulesa/android/lineage/device/oneplus/infiniti-kernel/mac80211.ko,misc,1,0,318,0,0,0,0,318,mismatch(e976b219!=21d0f8b0),load-fail-module-layout,load-fail-crc,mem_alloc_profiling_key=crc(8ee1928d!=0f05f001);__kmalloc_noprof=crc(27865ec7!=52c5c991);memcpy=crc(8a7493b2!=4829a47e);sg_init_table=crc(e9e714fc!=2cf0c910);crypto_aead_encrypt=crc(bf2372c8!=b8196297);kfree_sensitive=crc(b4b28205!=d0760fc0);__fortify_panic=crc(31b67631!=75ca79b5);__stack_chk_fail=crc(d272d446!=f0fdf6cb)
machine_dlkm,machine_dlkm,/home/jmulesa/android/lineage/device/oneplus/infiniti-kernel/machine_dlkm.ko,audio,1,0,121,0,0,0,36,85,mismatch(e976b219!=21d0f8b0),load-fail-module-layout,load-fail-crc,sysfs_notify=crc(475824e6!=7e73bce6);mutex_lock=crc(995658e3!=d5977bfb);mutex_unlock=crc(995658e3!=ed55cabd);mem_alloc_profiling_key=crc(8ee1928d!=0f05f001);kmalloc_caches=crc(d6ce5659!=efe8a82e);__kmalloc_cache_noprof=crc(6cc46e45!=e17134b6);kernel_kobj=crc(45e1f39a!=ce8498d7);kobject_init_and_add=crc(dcf6bcc3!=fdd0214d)
mbhc_dlkm,mbhc_dlkm,/home/jmulesa/android/lineage/device/oneplus/infiniti-kernel/mbhc_dlkm.ko,misc,1,0,57,0,0,0,5,52,mismatch(e976b219!=21d0f8b0),load-fail-module-layout,load-fail-crc,snd_soc_jack_report=crc(0d2139d6!=7e397cb8);snd_soc_component_update_bits=crc(9f9e884d!=78202da6);_dev_err=crc(6b10178d!=b4ce05a5);cancel_delayed_work_sync=crc(22a4e35b!=cec49a87);snd_soc_component_read=crc(73f80fd0!=e41bbfbc);mutex_is_locked=crc(dfba3032!=819bebd4);_printk=crc(16b5b21d!=92997ed8);alt_cb_patch_nops=crc(b8c8345a!=a65c6def)
mdt_loader,mdt_loader,/home/jmulesa/android/lineage/device/oneplus/infiniti-kernel/mdt_loader.ko,misc,0,0,18,0,0,0,0,18,mismatch(e976b219!=21d0f8b0),load-fail-module-layout,load-fail-crc,mem_alloc_profiling_key=crc(8ee1928d!=0f05f001);__kmalloc_noprof=crc(27865ec7!=52c5c991);memcpy=crc(8a7493b2!=4829a47e);kfree=crc(31359e90!=037a0cba);_dev_err=crc(6b10178d!=b4ce05a5);__fortify_panic=crc(31b67631!=75ca79b5);strlen=crc(90d19584!=98cf60b3);kstrdup=crc(3accfef3!=2d39b0a7)
mem-hooks,mem_hooks,/home/jmulesa/android/lineage/device/oneplus/infiniti-kernel/mem-hooks.ko,misc,1,0,32,0,0,0,0,32,mismatch(e976b219!=21d0f8b0),load-fail-module-layout,load-fail-crc,strlen=crc(90d19584!=98cf60b3);trace_event_buffer_reserve=crc(40964d00!=29eba14a);memcpy=crc(8a7493b2!=4829a47e);trace_event_buffer_commit=crc(ffe3783c!=2fc1082e);__trace_trigger_soft_disabled=crc(cb5e01d7!=0fd10466);__stack_chk_fail=crc(d272d446!=f0fdf6cb);perf_trace_buf_alloc=crc(231ad1b8!=2d2c902f);perf_trace_run_bpf_submit=crc(2a290ade!=c61f330d)
mem-offline,mem_offline,/home/jmulesa/android/lineage/device/oneplus/infiniti-kernel/mem-offline.ko,misc,1,0,46,0,0,0,0,46,mismatch(e976b219!=21d0f8b0),load-fail-module-layout,load-fail-crc,__platform_driver_register=crc(26d0cf2d!=12db679a);platform_driver_unregister=crc(8af50346!=6fc35f2b);of_get_property=crc(25eb83ce!=3b1b6444);of_find_property=crc(9a0c7532!=6b201699);qmp_get=crc(91c79421!=0c307ffd);of_root=crc(b2e1801c!=ac593a05);of_find_node_by_name=crc(99e6e1dc!=1ed4c5e6);of_n_addr_cells=crc(c071ca08!=40829a37)
mem-prot,mem_prot,/home/jmulesa/android/lineage/device/oneplus/infiniti-kernel/mem-prot.ko,misc,0,0,38,0,0,0,0,38,mismatch(e976b219!=21d0f8b0),load-fail-module-layout,load-fail-crc,gen_pool_free_owner=crc(1fadbd5e!=060ba97c);mutex_lock=crc(995658e3!=d5977bfb);gen_pool_avail=crc(6f5b4bea!=d0d3f0a4);qcom_scm_cfg_pddr_protected_region=crc(05e8bfe7!=2c7d0bf6);gen_pool_destroy=crc(68d3a859!=6c224cda);dma_free_attrs=crc(111d26af!=78cf2345);mutex_unlock=crc(995658e3!=ed55cabd);_printk=crc(16b5b21d!=92997ed8)
mem_buf,mem_buf,/home/jmulesa/android/lineage/device/oneplus/infiniti-kernel/mem_buf.ko,misc,0,0,123,0,0,0,0,123,mismatch(e976b219!=21d0f8b0),load-fail-module-layout,load-fail-crc,mem_alloc_profiling_key=crc(8ee1928d!=0f05f001);__kmalloc_noprof=crc(27865ec7!=52c5c991);__arch_copy_from_user=crc(1f42c609!=2be0c009);mem_buf_fd_to_vmid=crc(d9c3f95c!=9f23fee7);memset=crc(110f4d3a!=dcb764ad);___ratelimit=crc(a3384a5c!=f5edea2e);kfree=crc(31359e90!=037a0cba);_printk=crc(16b5b21d!=92997ed8)
mem_buf_dev,mem_buf_dev,/home/jmulesa/android/lineage/device/oneplus/infiniti-kernel/mem_buf_dev.ko,misc,0,0,104,0,0,0,0,104,mismatch(e976b219!=21d0f8b0),load-fail-module-layout,load-fail-crc,hyp_assign_table=crc(fe9d0369!=86827bc5);_printk=crc(16b5b21d!=92997ed8);mutex_lock=crc(995658e3!=d5977bfb);sg_next=crc(c57ccfca!=fbe215e4);gh_rm_heap_memlend_prealloc=crc(4967e70b!=e9ea5c9d);mutex_unlock=crc(995658e3!=ed55cabd);__stack_chk_fail=crc(d272d446!=f0fdf6cb);gh_rm_heap_shrink=crc(d272d446!=8975794b)
mem_buf_msgq,mem_buf_msgq,/home/jmulesa/android/lineage/device/oneplus/infiniti-kernel/mem_buf_msgq.ko,misc,0,0,42,0,0,0,0,42,mismatch(e976b219!=21d0f8b0),load-fail-module-layout,load-fail-crc,mem_alloc_profiling_key=crc(8ee1928d!=0f05f001);__kmalloc_noprof=crc(27865ec7!=52c5c991);memcpy=crc(8a7493b2!=4829a47e);strnlen=crc(b5bedffb!=a916b694);sized_strscpy=crc(8f8e273c!=476b165a);__tracepoint_send_alloc_req=crc(7c5aa8a7!=e660a569);__cpu_online_mask=crc(4e994f70!=ac594e02);__traceiter_send_alloc_req=crc(70f31871!=321eea28)
mem_object,mem_object,/home/jmulesa/android/lineage/device/oneplus/infiniti-kernel/mem_object.ko,misc,1,0,32,0,0,0,4,28,mismatch(e976b219!=21d0f8b0),load-fail-module-layout,load-fail-crc,mem_alloc_profiling_key=crc(8ee1928d!=0f05f001);kmalloc_caches=crc(d6ce5659!=efe8a82e);__kmalloc_cache_noprof=crc(6cc46e45!=e17134b6);__mutex_init=crc(81d49dc6!=a571f6b0);alt_cb_patch_nops=crc(b8c8345a!=a65c6def);init_si_object_user=missing;mutex_lock=crc(995658e3!=d5977bfb);mutex_unlock=crc(995658e3!=ed55cabd)
memlat,memlat,/home/jmulesa/android/lineage/device/oneplus/infiniti-kernel/memlat.ko,misc,1,0,60,0,0,0,14,46,mismatch(e976b219!=21d0f8b0),load-fail-module-layout,load-fail-crc,_printk=crc(16b5b21d!=92997ed8);__stack_chk_fail=crc(d272d446!=f0fdf6cb);__platform_driver_register=crc(26d0cf2d!=12db679a);platform_driver_unregister=crc(8af50346!=6fc35f2b);of_device_get_match_data=crc(be4e2011!=14fe5355);get_qcom_scmi_device=missing;devm_kmalloc=crc(d1263f9d!=c8c7229e);of_get_next_available_child=crc(f2308994!=796ead29)
memory_dump_v2,memory_dump_v2,/home/jmulesa/android/lineage/device/oneplus/infiniti-kernel/memory_dump_v2.ko,misc,0,0,43,0,0,0,0,43,mismatch(e976b219!=21d0f8b0),load-fail-module-layout,load-fail-crc,_printk=crc(16b5b21d!=92997ed8);memstart_addr=crc(c9a2f5d2!=9688de8b);strnlen=crc(b5bedffb!=a916b694);sized_strscpy=crc(8f8e273c!=476b165a);snprintf=crc(f4386284!=656e4a6e);msm_minidump_add_region=crc(dd21467e!=bc932109);__stack_chk_fail=crc(d272d446!=f0fdf6cb);__fortify_panic=crc(31b67631!=75ca79b5)
mhi,mhi,/home/jmulesa/android/lineage/device/oneplus/infiniti-kernel/mhi.ko,network,1,0,134,0,0,0,5,129,mismatch(e976b219!=21d0f8b0),load-fail-module-layout,load-fail-crc,ipc_log_string=missing;get_random_u32=crc(c01aafd2!=d36dc10c);_dev_err=crc(6b10178d!=b4ce05a5);__const_udelay=crc(b7d17430!=eae3dfd6);__stack_chk_fail=crc(d272d446!=f0fdf6cb);__msecs_to_jiffies=crc(7162a662!=7f02188f);init_wait_entry=crc(6668f05d!=fe487975);prepare_to_wait_event=crc(a29be00c!=8c26d495)
mhi_dev_satellite,mhi_dev_satellite,/home/jmulesa/android/lineage/device/oneplus/infiniti-kernel/mhi_dev_satellite.ko,network,1,0,51,0,0,0,3,48,mismatch(e976b219!=21d0f8b0),load-fail-module-layout,load-fail-crc,mem_alloc_profiling_key=crc(8ee1928d!=0f05f001);kmalloc_caches=crc(d6ce5659!=efe8a82e);__kmalloc_cache_noprof=crc(6cc46e45!=e17134b6);__mutex_init=crc(81d49dc6!=a571f6b0);scnprintf=crc(f4386284!=96848186);ipc_log_context_create=missing;__register_rpmsg_driver=crc(0219a521!=6e59048a);__mhi_driver_register=crc(cac096ee!=245f7e60)
mhi_dev_uci,mhi_dev_uci,/home/jmulesa/android/lineage/device/oneplus/infiniti-kernel/mhi_dev_uci.ko,network,1,0,52,0,0,0,2,50,mismatch(e976b219!=21d0f8b0),load-fail-module-layout,load-fail-crc,__register_chrdev=crc(2805073e!=66431d1b);class_create=crc(934914c3!=6fe9dcd4);__mutex_init=crc(81d49dc6!=a571f6b0);__mhi_driver_register=crc(cac096ee!=245f7e60);class_destroy=crc(0eaa09a8!=ef27af6b);unregister_chrdev_region=crc(0bc5fb0d!=6091b333);mhi_driver_unregister=crc(24bac2fc!=7d5a6279);ipc_log_string=missing
microdump_collector,microdump_collector,/home/jmulesa/android/lineage/device/oneplus/infiniti-kernel/microdump_collector.ko,misc,0,0,14,0,0,0,0,14,mismatch(e976b219!=21d0f8b0),load-fail-module-layout,load-fail-crc,__platform_driver_register=crc(26d0cf2d!=12db679a);_printk=crc(16b5b21d!=92997ed8);qcom_unregister_ssr_notifier=crc(52d99790!=b4de82fc);kfree=crc(31359e90!=037a0cba);mem_alloc_profiling_key=crc(8ee1928d!=0f05f001);kmalloc_caches=crc(d6ce5659!=efe8a82e);__kmalloc_cache_noprof=crc(6cc46e45!=e17134b6);qcom_register_ssr_notifier=crc(eb954a17!=5940bbb6)
minidump,minidump,/home/jmulesa/android/lineage/device/oneplus/infiniti-kernel/minidump.ko,dfr,0,0,137,0,0,0,0,137,mismatch(e976b219!=21d0f8b0),load-fail-module-layout,load-fail-crc,memstart_addr=crc(c9a2f5d2!=9688de8b);kimage_voffset=crc(7f175992!=e4bbc1dd);scnprintf=crc(f4386284!=96848186);vmalloc_to_page=crc(a8b58902!=d7d01741);_printk_deferred=crc(16b5b21d!=1e19eb6c);_printk=crc(16b5b21d!=92997ed8);__stack_chk_fail=crc(d272d446!=f0fdf6cb);__per_cpu_offset=crc(0de4cab5!=280f9f14)
mpam,mpam,/home/jmulesa/android/lineage/device/oneplus/infiniti-kernel/mpam.ko,misc,1,0,14,0,0,0,1,13,mismatch(e976b219!=21d0f8b0),load-fail-module-layout,load-fail-crc,__stack_chk_fail=crc(d272d446!=f0fdf6cb);__platform_driver_register=crc(26d0cf2d!=12db679a);_printk=crc(16b5b21d!=92997ed8);platform_driver_unregister=crc(8af50346!=6fc35f2b);get_qcom_scmi_device=missing;_dev_err=crc(6b10178d!=b4ce05a5);rpmsg_send=crc(9023b26d!=a39d99f7);wait_for_completion_timeout=crc(6dc35028!=4a3ad70e)
mpam_msc,mpam_msc,/home/jmulesa/android/lineage/device/oneplus/infiniti-kernel/mpam_msc.ko,misc,1,0,8,0,0,0,0,8,mismatch(e976b219!=21d0f8b0),load-fail-module-layout,load-fail-crc,_printk=crc(16b5b21d!=92997ed8);__list_add_valid_or_report=crc(6fabd45b!=7e19152a);__list_del_entry_valid_or_report=crc(802f8919!=9a835040);__platform_driver_register=crc(26d0cf2d!=12db679a);platform_driver_unregister=crc(8af50346!=6fc35f2b);of_platform_populate=crc(f44b6715!=f45608d2);_dev_err=crc(6b10178d!=b4ce05a5);module_layout=crc(e976b219!=21d0f8b0)
mpam_msc_slc,mpam_msc_slc,/home/jmulesa/android/lineage/device/oneplus/infiniti-kernel/mpam_msc_slc.ko,misc,1,0,31,0,0,0,5,26,mismatch(e976b219!=21d0f8b0),load-fail-module-layout,load-fail-crc,__platform_driver_register=crc(26d0cf2d!=12db679a);platform_driver_unregister=crc(8af50346!=6fc35f2b);devm_kmalloc=crc(d1263f9d!=c8c7229e);get_qcom_scmi_device=missing;devm_clk_get=crc(f92eae1a!=ea23ff02);of_property_read_variable_u32_array=crc(5de0294f!=e136f93c);of_property_read_string=crc(fc9f25c0!=af7cb74b);dev_err_probe=crc(de026a97!=2c762752)
msm-eva,msm_eva,/home/jmulesa/android/lineage/device/oneplus/infiniti-kernel/msm-eva.ko,graphics-video,1,0,254,0,0,0,15,239,mismatch(e976b219!=21d0f8b0),load-fail-module-layout,load-fail-crc,mem_alloc_profiling_key=crc(8ee1928d!=0f05f001);kmalloc_caches=crc(d6ce5659!=efe8a82e);__kmalloc_cache_noprof=crc(6cc46e45!=e17134b6);__mutex_init=crc(81d49dc6!=a571f6b0);__platform_driver_register=crc(26d0cf2d!=12db679a);kfree=crc(31359e90!=037a0cba);_printk=crc(16b5b21d!=92997ed8);__kmem_cache_create_args=crc(41f900f7!=3daad512)
msm-mmrm,msm_mmrm,/home/jmulesa/android/lineage/device/oneplus/infiniti-kernel/msm-mmrm.ko,mm-driver,1,0,44,0,0,0,0,44,mismatch(e976b219!=21d0f8b0),load-fail-module-layout,load-fail-crc,_printk=crc(16b5b21d!=92997ed8);memcpy=crc(8a7493b2!=4829a47e);__stack_chk_fail=crc(d272d446!=f0fdf6cb);mem_alloc_profiling_key=crc(8ee1928d!=0f05f001);kmalloc_caches=crc(d6ce5659!=efe8a82e);__kmalloc_cache_noprof=crc(6cc46e45!=e17134b6);__kmalloc_noprof=crc(27865ec7!=52c5c991);__mutex_init=crc(81d49dc6!=a571f6b0)
msm_dma_iommu_mapping,msm_dma_iommu_mapping,/home/jmulesa/android/lineage/device/oneplus/infiniti-kernel/msm_dma_iommu_mapping.ko,misc,0,0,28,0,0,0,0,28,mismatch(e976b219!=21d0f8b0),load-fail-module-layout,load-fail-crc,mutex_lock=crc(995658e3!=d5977bfb);mem_alloc_profiling_key=crc(8ee1928d!=0f05f001);kmalloc_caches=crc(d6ce5659!=efe8a82e);__kmalloc_cache_noprof=crc(6cc46e45!=e17134b6);__mutex_init=crc(81d49dc6!=a571f6b0);_printk=crc(16b5b21d!=92997ed8);alt_cb_patch_nops=crc(b8c8345a!=a65c6def);rb_insert_color=crc(27710d8c!=a5526619)
msm_drm,msm_drm,/home/jmulesa/android/lineage/device/oneplus/infiniti-kernel/msm_drm.ko,display,1,0,812,0,0,0,43,769,mismatch(e976b219!=21d0f8b0),load-fail-module-layout,load-fail-crc,_printk=crc(16b5b21d!=92997ed8);snprintf=crc(f4386284!=656e4a6e);kobject_uevent_env=crc(37679765!=c54855de);__stack_chk_fail=crc(d272d446!=f0fdf6cb);memcpy=crc(8a7493b2!=4829a47e);__platform_driver_register=crc(26d0cf2d!=12db679a);platform_driver_unregister=crc(8af50346!=6fc35f2b);devm_kmalloc=crc(d1263f9d!=c8c7229e)
msm_ext_display,msm_ext_display,/home/jmulesa/android/lineage/device/oneplus/infiniti-kernel/msm_ext_display.ko,mm-driver,1,0,20,0,0,0,0,20,mismatch(e976b219!=21d0f8b0),load-fail-module-layout,load-fail-crc,mutex_lock=crc(995658e3!=d5977bfb);extcon_get_state=crc(9ff0d4e8!=39cbf649);extcon_set_state_sync=crc(20021f1f!=da964005);mutex_unlock=crc(995658e3!=ed55cabd);_printk=crc(16b5b21d!=92997ed8);mem_alloc_profiling_key=crc(8ee1928d!=0f05f001);kmalloc_caches=crc(d6ce5659!=efe8a82e);__kmalloc_cache_noprof=crc(6cc46e45!=e17134b6)
msm_geni_serial,msm_geni_serial,/home/jmulesa/android/lineage/device/oneplus/infiniti-kernel/msm_geni_serial.ko,misc,1,0,136,0,0,0,2,134,mismatch(e976b219!=21d0f8b0),load-fail-module-layout,load-fail-crc,strlen=crc(90d19584!=98cf60b3);trace_event_buffer_reserve=crc(40964d00!=29eba14a);memcpy=crc(8a7493b2!=4829a47e);vsnprintf=crc(78dfe782!=00148653);trace_event_buffer_commit=crc(ffe3783c!=2fc1082e);__trace_trigger_soft_disabled=crc(cb5e01d7!=0fd10466);__stack_chk_fail=crc(d272d446!=f0fdf6cb);perf_trace_buf_alloc=crc(231ad1b8!=2d2c902f)
msm_gpi,msm_gpi,/home/jmulesa/android/lineage/device/oneplus/infiniti-kernel/msm_gpi.ko,misc,1,0,84,0,0,0,3,81,mismatch(e976b219!=21d0f8b0),load-fail-module-layout,load-fail-crc,ipc_log_string=missing;sched_clock=crc(f018baf9!=e94986d6);mem_alloc_profiling_key=crc(8ee1928d!=0f05f001);kmalloc_caches=crc(d6ce5659!=efe8a82e);__kmalloc_cache_noprof=crc(6cc46e45!=e17134b6);_printk=crc(16b5b21d!=92997ed8);memcpy=crc(8a7493b2!=4829a47e);__kmalloc_noprof=crc(27865ec7!=52c5c991)
msm_hfi_core,msm_hfi_core,/home/jmulesa/android/lineage/device/oneplus/infiniti-kernel/msm_hfi_core.ko,mm-driver,0,0,94,0,0,0,0,94,mismatch(e976b219!=21d0f8b0),load-fail-module-layout,load-fail-crc,_printk=crc(16b5b21d!=92997ed8);__list_del_entry_valid_or_report=crc(802f8919!=9a835040);__list_add_valid_or_report=crc(6fabd45b!=7e19152a);sg_init_one=crc(c0080556!=43babd19);virtqueue_add_inbuf=crc(56c0a57e!=c890cb17);virtqueue_add_outbuf=crc(56c0a57e!=5f351fb5);__stack_chk_fail=crc(d272d446!=f0fdf6cb);virtqueue_detach_unused_buf=crc(7e5947f6!=9334b635)
msm_hw_fence,msm_hw_fence,/home/jmulesa/android/lineage/device/oneplus/infiniti-kernel/msm_hw_fence.ko,mm-driver,1,0,108,0,0,0,0,108,mismatch(e976b219!=21d0f8b0),load-fail-module-layout,load-fail-crc,__stack_chk_fail=crc(d272d446!=f0fdf6cb);scnprintf=crc(f4386284!=96848186);_printk=crc(16b5b21d!=92997ed8);mutex_lock=crc(995658e3!=d5977bfb);mutex_unlock=crc(995658e3!=ed55cabd);__wake_up=crc(f7c60e8b!=e2964344);ktime_get=crc(ff9a6e5c!=b43f9365);__msecs_to_jiffies=crc(7162a662!=7f02188f)
msm_kgsl,msm_kgsl,/home/jmulesa/android/lineage/device/oneplus/infiniti-kernel/msm_kgsl.ko,gpu,1,0,531,0,0,0,18,513,mismatch(e976b219!=21d0f8b0),load-fail-module-layout,load-fail-crc,request_firmware=crc(69d48229!=3c57945c);memcpy=crc(8a7493b2!=4829a47e);release_firmware=crc(b770888b!=c6d09aa9);_dev_err=crc(6b10178d!=b4ce05a5);__stack_chk_fail=crc(d272d446!=f0fdf6cb);system_wq=crc(571c73d5!=2d3385d3);queue_work_on=crc(8f4cd990!=c5b6f236);___ratelimit=crc(a3384a5c!=f5edea2e)
msm_memshare,msm_memshare,/home/jmulesa/android/lineage/device/oneplus/infiniti-kernel/msm_memshare.ko,misc,1,0,56,0,0,0,7,49,mismatch(e976b219!=21d0f8b0),load-fail-module-layout,load-fail-crc,dma_alloc_attrs=crc(cf96de2a!=5a9cfed6);_dev_err=crc(6b10178d!=b4ce05a5);__platform_driver_register=crc(26d0cf2d!=12db679a);platform_driver_unregister=crc(8af50346!=6fc35f2b);of_device_is_compatible=crc(c993f0e5!=2077fc84);devm_kmalloc=crc(d1263f9d!=c8c7229e);__mutex_init=crc(81d49dc6!=a571f6b0);system_wq=crc(571c73d5!=2d3385d3)
msm_performance,msm_performance,/home/jmulesa/android/lineage/device/oneplus/infiniti-kernel/msm_performance.ko,misc,1,0,53,0,0,0,4,49,mismatch(e976b219!=21d0f8b0),load-fail-module-layout,load-fail-crc,_raw_spin_lock_irqsave=crc(aa615763!=34db050b);_raw_spin_unlock_irqrestore=crc(582af1c8!=d35cce70);ktime_get=crc(ff9a6e5c!=b43f9365);complete=crc(7da92691!=a6257a2f);kernel_kobj=crc(45e1f39a!=ce8498d7);kset_create_and_add=crc(3138eb5c!=bed2df72);kobject_create_and_add=crc(3e531720!=2d405891);sysfs_create_group=crc(3ee3b24e!=62b33777)
msm_qmp,msm_qmp,/home/jmulesa/android/lineage/device/oneplus/infiniti-kernel/msm_qmp.ko,misc,0,0,58,0,0,0,2,56,mismatch(e976b219!=21d0f8b0),load-fail-module-layout,load-fail-crc,__platform_driver_register=crc(26d0cf2d!=12db679a);platform_driver_unregister=crc(8af50346!=6fc35f2b);devm_kmalloc=crc(d1263f9d!=c8c7229e);__of_parse_phandle_with_args=crc(e99699d5!=1fec5304);qmp_get=crc(91c79421!=0c307ffd);of_get_property=crc(25eb83ce!=3b1b6444);platform_get_resource_byname=crc(cc1c0f0f!=374f8976);devm_ioremap=crc(6d7dac4a!=ee73d233)
msm_sharedmem,msm_sharedmem,/home/jmulesa/android/lineage/device/oneplus/infiniti-kernel/msm_sharedmem.ko,misc,1,0,18,0,0,0,0,18,mismatch(e976b219!=21d0f8b0),load-fail-module-layout,load-fail-crc,__platform_driver_register=crc(26d0cf2d!=12db679a);_printk=crc(16b5b21d!=92997ed8);platform_driver_unregister=crc(8af50346!=6fc35f2b);platform_get_resource=crc(1b038a1f!=3d0ffa5c);of_property_read_variable_u32_array=crc(5de0294f!=e136f93c);devm_kmalloc=crc(d1263f9d!=c8c7229e);of_find_property=crc(9a0c7532!=6b201699);dma_alloc_attrs=crc(cf96de2a!=5a9cfed6)
msm_show_epoch,msm_show_epoch,/home/jmulesa/android/lineage/device/oneplus/infiniti-kernel/msm_show_epoch.ko,misc,1,0,5,0,0,0,0,5,mismatch(e976b219!=21d0f8b0),load-fail-module-layout,load-fail-crc,__tracepoint_android_vh_show_suspend_epoch_val=crc(7c5aa8a7!=754823e8);tracepoint_probe_register=crc(15cb871d!=805e2dd2);__tracepoint_android_vh_show_resume_epoch_val=crc(7c5aa8a7!=debebb9d);_printk=crc(16b5b21d!=92997ed8);module_layout=crc(e976b219!=21d0f8b0)
msm_show_resume_irq,msm_show_resume_irq,/home/jmulesa/android/lineage/device/oneplus/infiniti-kernel/msm_show_resume_irq.ko,misc,1,0,20,0,0,0,0,20,mismatch(e976b219!=21d0f8b0),load-fail-module-layout,load-fail-crc,__platform_driver_register=crc(26d0cf2d!=12db679a);platform_driver_unregister=crc(8af50346!=6fc35f2b);of_iomap=crc(e2ff4068!=aba63322);__tracepoint_android_vh_cpuidle_psci_enter=crc(7c5aa8a7!=bb2b7078);tracepoint_probe_register_prio=crc(44365c54!=f85689ef);__tracepoint_android_vh_cpuidle_psci_exit=crc(7c5aa8a7!=ac6f697f);register_syscore_ops=crc(93441c02!=b9c425de);_printk=crc(16b5b21d!=92997ed8)
msm_sysstats,msm_sysstats,/home/jmulesa/android/lineage/device/oneplus/infiniti-kernel/msm_sysstats.ko,misc,1,0,48,0,0,0,0,48,mismatch(e976b219!=21d0f8b0),load-fail-module-layout,load-fail-crc,genl_register_family=crc(576db919!=10e9b022);_printk=crc(16b5b21d!=92997ed8);genl_unregister_family=crc(66601109!=179a0b99);__nla_validate=crc(dd1772f9!=3d1059ea);nla_reserve_64bit=crc(310e773d!=df70fee5);__rcu_read_lock=crc(d272d446!=8d522714);find_task_by_vpid=crc(2c7840a3!=29161415);alt_cb_patch_nops=crc(b8c8345a!=a65c6def)
msm_video,msm_video,/home/jmulesa/android/lineage/device/oneplus/infiniti-kernel/msm_video.ko,graphics-video,1,0,269,0,0,0,12,257,mismatch(e976b219!=21d0f8b0),load-fail-module-layout,load-fail-crc,memcpy=crc(8a7493b2!=4829a47e);_printk=crc(16b5b21d!=92997ed8);of_find_node_opts_by_path=crc(bcf52949!=b318cbab);of_property_read_variable_u32_array=crc(5de0294f!=e136f93c);__stack_chk_fail=crc(d272d446!=f0fdf6cb);socinfo_get_part_count=crc(4cf57500!=34c2497c);socinfo_get_subpart_info=crc(649b5cf3!=a590ede5);of_device_is_compatible=crc(c993f0e5!=2077fc84)
mtk_wdt,mtk_wdt,/home/jmulesa/android/lineage/device/oneplus/infiniti-kernel/mtk_wdt.ko,misc,0,0,2,0,0,0,0,2,mismatch(e976b219!=21d0f8b0),load-fail-module-layout,load-fail-crc,_printk=crc(16b5b21d!=92997ed8);module_layout=crc(e976b219!=21d0f8b0)
nb7vpq904m,nb7vpq904m,/home/jmulesa/android/lineage/device/oneplus/infiniti-kernel/nb7vpq904m.ko,misc,1,0,39,0,0,0,2,37,mismatch(e976b219!=21d0f8b0),load-fail-module-layout,load-fail-crc,i2c_register_driver=crc(6f0760fb!=2ff78d9b);i2c_del_driver=crc(ef821497!=84dd786f);devm_kmalloc=crc(d1263f9d!=c8c7229e);alloc_workqueue=crc(c531e61f!=49cd25ed);__devm_regmap_init_i2c=crc(c63976ed!=7df1ce51);of_find_property=crc(9a0c7532!=6b201699);of_property_read_variable_u8_array=crc(8df6595f!=67064f1d);devm_regulator_get_optional=crc(98863b61!=2ccea269)
nvmem_qcom-spmi-sdam,nvmem_qcom_spmi_sdam,/home/jmulesa/android/lineage/device/oneplus/infiniti-kernel/nvmem_qcom-spmi-sdam.ko,misc,0,0,12,0,0,0,0,12,mismatch(e976b219!=21d0f8b0),load-fail-module-layout,load-fail-crc,__platform_driver_register=crc(26d0cf2d!=12db679a);platform_driver_unregister=crc(8af50346!=6fc35f2b);devm_kmalloc=crc(d1263f9d!=c8c7229e);dev_get_regmap=crc(38acd0f5!=49dc0e6c);of_property_read_variable_u32_array=crc(5de0294f!=e136f93c);regmap_read=crc(23aa8f00!=64311477);devm_nvmem_register=crc(b18bc96c!=1128ec8c);_dev_err=crc(6b10178d!=b4ce05a5)
nvmem_qfprom,nvmem_qfprom,/home/jmulesa/android/lineage/device/oneplus/infiniti-kernel/nvmem_qfprom.ko,misc,1,0,45,0,0,0,0,45,mismatch(e976b219!=21d0f8b0),load-fail-module-layout,load-fail-crc,__platform_driver_register=crc(26d0cf2d!=12db679a);platform_driver_unregister=crc(8af50346!=6fc35f2b);memcpy=crc(8a7493b2!=4829a47e);devm_kmalloc=crc(d1263f9d!=c8c7229e);devm_platform_get_and_ioremap_resource=crc(f98b552a!=3e1f887d);device_get_match_data=crc(baf0ac54!=90000450);platform_get_resource=crc(1b038a1f!=3d0ffa5c);devm_ioremap_resource=crc(fc3a1f89!=9f0ef8fa)
nxp-nci,nxp_nci,/home/jmulesa/android/lineage/device/oneplus/infiniti-kernel/nxp-nci.ko,misc,1,0,81,0,0,0,4,77,mismatch(e976b219!=21d0f8b0),load-fail-module-layout,load-fail-crc,_printk=crc(16b5b21d!=92997ed8);of_get_named_gpio=crc(08f8b82c!=5e292cf6);of_property_read_string=crc(fc9f25c0!=af7cb74b);of_property_read_variable_u32_array=crc(5de0294f!=e136f93c);_dev_err=crc(6b10178d!=b4ce05a5);gpio_to_desc=crc(a49e2188!=07183fe6);gpiod_set_raw_value=crc(ffbbe456!=64748600);usleep_range_state=crc(fdbae8c6!=c3055d20)
oplus_audio_aw882xx,oplus_audio_aw882xx,/home/jmulesa/android/lineage/device/oneplus/infiniti-kernel/oplus_audio_aw882xx.ko,misc,1,0,81,0,0,0,1,80,mismatch(e976b219!=21d0f8b0),load-fail-module-layout,load-fail-crc,_printk=crc(16b5b21d!=92997ed8);memset=crc(110f4d3a!=dcb764ad);devm_kmalloc=crc(d1263f9d!=c8c7229e);memcpy=crc(8a7493b2!=4829a47e);mem_alloc_profiling_key=crc(8ee1928d!=0f05f001);__kmalloc_noprof=crc(27865ec7!=52c5c991);strcmp=crc(f5df0401!=e2d5255a);__stack_chk_fail=crc(d272d446!=f0fdf6cb)
oplus_audio_daemon,oplus_audio_daemon,/home/jmulesa/android/lineage/device/oneplus/infiniti-kernel/oplus_audio_daemon.ko,misc,1,0,28,0,0,0,2,26,mismatch(e976b219!=21d0f8b0),load-fail-module-layout,load-fail-crc,mutex_lock=crc(995658e3!=d5977bfb);ktime_get=crc(ff9a6e5c!=b43f9365);_printk=crc(16b5b21d!=92997ed8);mutex_unlock=crc(995658e3!=ed55cabd);memset=crc(110f4d3a!=dcb764ad);scnprintf=crc(f4386284!=96848186);upload_mm_fb_kevent_limit=missing;system_wq=crc(571c73d5!=2d3385d3)
oplus_audio_extend,oplus_audio_extend,/home/jmulesa/android/lineage/device/oneplus/infiniti-kernel/oplus_audio_extend.ko,misc,1,0,24,0,0,0,0,24,mismatch(e976b219!=21d0f8b0),load-fail-module-layout,load-fail-crc,_printk=crc(16b5b21d!=92997ed8);devm_kmalloc=crc(d1263f9d!=c8c7229e);snd_soc_find_dai=crc(50d16dc7!=a7986633);strcmp=crc(f5df0401!=e2d5255a);_dev_err=crc(6b10178d!=b4ce05a5);snd_soc_add_card_controls=crc(a71ed693!=023a3311);__platform_driver_register=crc(26d0cf2d!=12db679a);platform_driver_unregister=crc(8af50346!=6fc35f2b)
oplus_audio_netlink,oplus_audio_netlink,/home/jmulesa/android/lineage/device/oneplus/infiniti-kernel/oplus_audio_netlink.ko,misc,1,0,32,0,0,0,0,32,mismatch(e976b219!=21d0f8b0),load-fail-module-layout,load-fail-crc,_printk=crc(16b5b21d!=92997ed8);strcmp=crc(f5df0401!=e2d5255a);__alloc_skb=crc(f9414958!=f4b23bfd);genlmsg_put=crc(a1bf231c!=fc2ec3dd);nla_put=crc(d7e32719!=f9a61ed4);init_net=crc(853101e3!=1e93e6e1);netlink_unicast=crc(89ebab58!=5e1830c0);sk_skb_reason_drop=crc(3334991b!=dcf2c89b)
oplus_audio_tfa98xx_v6,oplus_audio_tfa98xx_v6,/home/jmulesa/android/lineage/device/oneplus/infiniti-kernel/oplus_audio_tfa98xx_v6.ko,misc,1,0,107,0,0,0,1,106,mismatch(e976b219!=21d0f8b0),load-fail-module-layout,load-fail-crc,crc32_le=crc(31a83776!=69dd3b5b);_printk=crc(16b5b21d!=92997ed8);__stack_chk_fail=crc(d272d446!=f0fdf6cb);mem_alloc_profiling_key=crc(8ee1928d!=0f05f001);kmem_cache_alloc_noprof=crc(400e1873!=30d30c09);memcpy=crc(8a7493b2!=4829a47e);kmem_cache_free=crc(a538a198!=461e85df);sscanf=crc(f5197fd4!=bcab6ee6)
oplus_binder_strategy,oplus_binder_strategy,/home/jmulesa/android/lineage/device/oneplus/infiniti-kernel/oplus_binder_strategy.ko,misc,0,0,88,0,0,0,8,80,mismatch(e976b219!=21d0f8b0),load-fail-module-layout,load-fail-crc,trace_event_buffer_reserve=crc(40964d00!=29eba14a);trace_event_buffer_commit=crc(ffe3783c!=2fc1082e);__trace_trigger_soft_disabled=crc(cb5e01d7!=0fd10466);__stack_chk_fail=crc(d272d446!=f0fdf6cb);perf_trace_buf_alloc=crc(231ad1b8!=2d2c902f);perf_trace_run_bpf_submit=crc(2a290ade!=c61f330d);bpf_trace_run3=crc(8c4e033a!=881d741f);bpf_trace_run4=crc(1c4f6ddb!=1c7a01a8)
oplus_bsp_aizerofs,oplus_bsp_aizerofs,/home/jmulesa/android/lineage/device/oneplus/infiniti-kernel/oplus_bsp_aizerofs.ko,misc,0,0,98,0,0,0,0,98,mismatch(e976b219!=21d0f8b0),load-fail-module-layout,load-fail-crc,mem_alloc_profiling_key=crc(8ee1928d!=0f05f001);kmalloc_caches=crc(d6ce5659!=efe8a82e);__kmalloc_cache_noprof=crc(6cc46e45!=e17134b6);kfree=crc(31359e90!=037a0cba);strnlen=crc(b5bedffb!=a916b694);__fortify_panic=crc(31b67631!=75ca79b5);memcpy=crc(8a7493b2!=4829a47e);register_kprobe=crc(cca4d86f!=0472cf3b)
oplus_bsp_dfr_combkey_monitor,oplus_bsp_dfr_combkey_monitor,/home/jmulesa/android/lineage/device/oneplus/infiniti-kernel/oplus_bsp_dfr_combkey_monitor.ko,dfr,0,0,45,0,0,0,7,38,mismatch(e976b219!=21d0f8b0),load-fail-module-layout,load-fail-crc,trace_event_buffer_reserve=crc(40964d00!=29eba14a);memcpy=crc(8a7493b2!=4829a47e);trace_event_buffer_commit=crc(ffe3783c!=2fc1082e);__trace_trigger_soft_disabled=crc(cb5e01d7!=0fd10466);__stack_chk_fail=crc(d272d446!=f0fdf6cb);perf_trace_buf_alloc=crc(231ad1b8!=2d2c902f);perf_trace_run_bpf_submit=crc(2a290ade!=c61f330d);bpf_trace_run5=crc(df495bd0!=e3c00b45)
oplus_bsp_dfr_dump_device_info,oplus_bsp_dfr_dump_device_info,/home/jmulesa/android/lineage/device/oneplus/infiniti-kernel/oplus_bsp_dfr_dump_device_info.ko,dfr,1,0,26,0,0,0,4,22,mismatch(e976b219!=21d0f8b0),load-fail-module-layout,load-fail-crc,__platform_driver_register=crc(26d0cf2d!=12db679a);platform_driver_unregister=crc(8af50346!=6fc35f2b);strlen=crc(90d19584!=98cf60b3);__memcpy_toio=crc(45336082!=f77555cd);_printk=crc(16b5b21d!=92997ed8);__of_parse_phandle_with_args=crc(e99699d5!=1fec5304);__of_get_address=crc(c07a2e81!=f326a133);mem_section=crc(a5819388!=6ecc607e)
oplus_bsp_dfr_dump_reason,oplus_bsp_dfr_dump_reason,/home/jmulesa/android/lineage/device/oneplus/infiniti-kernel/oplus_bsp_dfr_dump_reason.ko,dfr,1,0,28,0,0,0,1,27,mismatch(e976b219!=21d0f8b0),load-fail-module-layout,load-fail-crc,_printk=crc(16b5b21d!=92997ed8);scnprintf=crc(f4386284!=96848186);strnlen=crc(b5bedffb!=a916b694);stack_trace_save=crc(474b9886!=6bd1aa56);kfree=crc(31359e90!=037a0cba);strlen=crc(90d19584!=98cf60b3);memcpy=crc(8a7493b2!=4829a47e);__fortify_panic=crc(31b67631!=75ca79b5)
oplus_bsp_dfr_fdleak_check,oplus_bsp_dfr_fdleak_check,/home/jmulesa/android/lineage/device/oneplus/infiniti-kernel/oplus_bsp_dfr_fdleak_check.ko,dfr,0,0,48,0,0,0,0,48,mismatch(e976b219!=21d0f8b0),load-fail-module-layout,load-fail-crc,trace_event_buffer_reserve=crc(40964d00!=29eba14a);memcpy=crc(8a7493b2!=4829a47e);trace_event_buffer_commit=crc(ffe3783c!=2fc1082e);__trace_trigger_soft_disabled=crc(cb5e01d7!=0fd10466);__stack_chk_fail=crc(d272d446!=f0fdf6cb);perf_trace_buf_alloc=crc(231ad1b8!=2d2c902f);perf_trace_run_bpf_submit=crc(2a290ade!=c61f330d);bpf_trace_run6=crc(77b07a73!=6bd4d5dc)
oplus_bsp_dfr_force_shutdown,oplus_bsp_dfr_force_shutdown,/home/jmulesa/android/lineage/device/oneplus/infiniti-kernel/oplus_bsp_dfr_force_shutdown.ko,dfr,0,0,5,0,0,0,0,5,mismatch(e976b219!=21d0f8b0),load-fail-module-layout,load-fail-crc,proc_mkdir=crc(17dad4e0!=7518b5f0);proc_create=crc(bcb84f5d!=b4028d67);_printk=crc(16b5b21d!=92997ed8);pm_power_off=crc(cb6d098f!=60a32ea9);module_layout=crc(e976b219!=21d0f8b0)
oplus_bsp_dfr_hung_task_enhance,oplus_bsp_dfr_hung_task_enhance,/home/jmulesa/android/lineage/device/oneplus/infiniti-kernel/oplus_bsp_dfr_hung_task_enhance.ko,dfr,0,0,37,0,0,0,2,35,mismatch(e976b219!=21d0f8b0),load-fail-module-layout,load-fail-crc,trace_event_buffer_reserve=crc(40964d00!=29eba14a);memcpy=crc(8a7493b2!=4829a47e);trace_event_buffer_commit=crc(ffe3783c!=2fc1082e);__trace_trigger_soft_disabled=crc(cb5e01d7!=0fd10466);__stack_chk_fail=crc(d272d446!=f0fdf6cb);perf_trace_buf_alloc=crc(231ad1b8!=2d2c902f);perf_trace_run_bpf_submit=crc(2a290ade!=c61f330d);bpf_trace_run6=crc(77b07a73!=6bd4d5dc)
oplus_bsp_dfr_init_watchdog,oplus_bsp_dfr_init_watchdog,/home/jmulesa/android/lineage/device/oneplus/infiniti-kernel/oplus_bsp_dfr_init_watchdog.ko,dfr,0,0,32,0,0,0,0,32,mismatch(e976b219!=21d0f8b0),load-fail-module-layout,load-fail-crc,mem_alloc_profiling_key=crc(8ee1928d!=0f05f001);kmalloc_caches=crc(d6ce5659!=efe8a82e);__kmalloc_cache_noprof=crc(6cc46e45!=e17134b6);proc_mkdir=crc(17dad4e0!=7518b5f0);proc_create_data=crc(a7a03b02!=a2fa95a0);init_timer_key=crc(534026f3!=c6f46339);jiffies=crc(f2a4b08a!=15ba50a6);mod_timer=crc(03dbf6a5!=c38c83b8)
oplus_bsp_dfr_keyevent_handler,oplus_bsp_dfr_keyevent_handler,/home/jmulesa/android/lineage/device/oneplus/infiniti-kernel/oplus_bsp_dfr_keyevent_handler.ko,dfr,1,0,17,0,0,0,0,17,mismatch(e976b219!=21d0f8b0),load-fail-module-layout,load-fail-crc,_printk=crc(16b5b21d!=92997ed8);alt_cb_patch_nops=crc(b8c8345a!=a65c6def);atomic_notifier_chain_register=crc(d4b63632!=83b96232);atomic_notifier_chain_unregister=crc(d4b63632!=c866487b);input_register_handler=crc(db6bf94a!=afe83224);input_unregister_handler=crc(0185897d!=53423989);atomic_notifier_call_chain=crc(c4b2b008!=fba03a3f);__stack_chk_fail=crc(d272d446!=f0fdf6cb)
oplus_bsp_dfr_kmsg_wb,oplus_bsp_dfr_kmsg_wb,/home/jmulesa/android/lineage/device/oneplus/infiniti-kernel/oplus_bsp_dfr_kmsg_wb.ko,dfr,0,0,34,0,0,0,5,29,mismatch(e976b219!=21d0f8b0),load-fail-module-layout,load-fail-crc,I_BDEV=crc(a2e8fa06!=ecf3fb59);file_write_and_wait_range=crc(2cb3c64e!=24e4478b);blkdev_issue_flush=crc(b75e79e0!=bf8a72bb);memset=crc(110f4d3a!=dcb764ad);_printk=crc(16b5b21d!=92997ed8);msleep_interruptible=crc(d9fa96a7!=cc5005fe);kmsg_dump_get_line=crc(fc941761!=4f2c996d);memcpy=crc(8a7493b2!=4829a47e)
oplus_bsp_dfr_kp_freeze_detect,oplus_bsp_dfr_kp_freeze_detect,/home/jmulesa/android/lineage/device/oneplus/infiniti-kernel/oplus_bsp_dfr_kp_freeze_detect.ko,dfr,0,0,39,0,0,0,0,39,mismatch(e976b219!=21d0f8b0),load-fail-module-layout,load-fail-crc,trace_event_buffer_reserve=crc(40964d00!=29eba14a);memcpy=crc(8a7493b2!=4829a47e);trace_event_buffer_commit=crc(ffe3783c!=2fc1082e);__trace_trigger_soft_disabled=crc(cb5e01d7!=0fd10466);__stack_chk_fail=crc(d272d446!=f0fdf6cb);perf_trace_buf_alloc=crc(231ad1b8!=2d2c902f);perf_trace_run_bpf_submit=crc(2a290ade!=c61f330d);bpf_trace_run5=crc(df495bd0!=e3c00b45)
oplus_bsp_dfr_last_boot_reason,oplus_bsp_dfr_last_boot_reason,/home/jmulesa/android/lineage/device/oneplus/infiniti-kernel/oplus_bsp_dfr_last_boot_reason.ko,dfr,0,0,29,0,0,0,0,29,mismatch(e976b219!=21d0f8b0),load-fail-module-layout,load-fail-crc,vscnprintf=crc(78dfe782!=aa0c318b);__stack_chk_fail=crc(d272d446!=f0fdf6cb);_printk=crc(16b5b21d!=92997ed8);proc_create=crc(bcb84f5d!=b4028d67);memset=crc(110f4d3a!=dcb764ad);snprintf=crc(f4386284!=656e4a6e);__check_object_size=crc(5c76e3f3!=88db9f48);__arch_copy_to_user=crc(1f42c609!=9a85eebb)
oplus_bsp_dfr_ordump,oplus_bsp_dfr_ordump,/home/jmulesa/android/lineage/device/oneplus/infiniti-kernel/oplus_bsp_dfr_ordump.ko,dfr,0,0,8,0,0,0,0,8,mismatch(e976b219!=21d0f8b0),load-fail-module-layout,load-fail-crc,param_set_ulong=crc(dca2caff!=c4a95aa0);qcom_smem_get=crc(869bde71!=5899664c);_printk=crc(16b5b21d!=92997ed8);__stack_chk_fail=crc(d272d446!=f0fdf6cb);qcom_smem_alloc=crc(abdd305c!=34b57571);param_ops_int=crc(fc32a8b7!=b2fb935e);param_get_ulong=crc(34999177!=7ba027da);module_layout=crc(e976b219!=21d0f8b0)
oplus_bsp_dfr_phoenix,oplus_bsp_dfr_phoenix,/home/jmulesa/android/lineage/device/oneplus/infiniti-kernel/oplus_bsp_dfr_phoenix.ko,dfr,0,0,45,0,0,0,3,42,mismatch(e976b219!=21d0f8b0),load-fail-module-layout,load-fail-crc,strlen=crc(90d19584!=98cf60b3);sched_clock=crc(f018baf9!=e94986d6);mutex_lock=crc(995658e3!=d5977bfb);mem_alloc_profiling_key=crc(8ee1928d!=0f05f001);__kmalloc_noprof=crc(27865ec7!=52c5c991);memcpy=crc(8a7493b2!=4829a47e);_printk=crc(16b5b21d!=92997ed8);__fortify_panic=crc(31b67631!=75ca79b5)
oplus_bsp_dfr_pmic_monitor,oplus_bsp_dfr_pmic_monitor,/home/jmulesa/android/lineage/device/oneplus/infiniti-kernel/oplus_bsp_dfr_pmic_monitor.ko,dfr,1,0,25,0,0,0,0,25,mismatch(e976b219!=21d0f8b0),load-fail-module-layout,load-fail-crc,kobject_create_and_add=crc(3e531720!=2d405891);sysfs_create_group=crc(3ee3b24e!=62b33777);snprintf=crc(f4386284!=656e4a6e);memcpy=crc(8a7493b2!=4829a47e);__fortify_panic=crc(31b67631!=75ca79b5);__stack_chk_fail=crc(d272d446!=f0fdf6cb);memset=crc(110f4d3a!=dcb764ad);scnprintf=crc(f4386284!=96848186)
oplus_bsp_dfr_pmic_watchdog,oplus_bsp_dfr_pmic_watchdog,/home/jmulesa/android/lineage/device/oneplus/infiniti-kernel/oplus_bsp_dfr_pmic_watchdog.ko,dfr,0,0,61,0,0,0,2,59,mismatch(e976b219!=21d0f8b0),load-fail-module-layout,load-fail-crc,sys_reset_dev=missing;regmap_write=crc(8b1835dc!=6b883e5a);_printk=crc(16b5b21d!=92997ed8);regmap_update_bits_base=crc(807ee877!=576b05bf);mutex_lock=crc(995658e3!=d5977bfb);kthread_stop=crc(50760532!=b39378cc);kthread_create_on_node=crc(7672ba8d!=ba0aee2e);wake_up_process=crc(b40d9875!=ce5bc4d0)
oplus_bsp_dfr_qcom_enhance_watchdog,oplus_bsp_dfr_qcom_enhance_watchdog,/home/jmulesa/android/lineage/device/oneplus/infiniti-kernel/oplus_bsp_dfr_qcom_enhance_watchdog.ko,dfr,0,0,17,0,0,0,0,17,mismatch(e976b219!=21d0f8b0),load-fail-module-layout,load-fail-crc,nr_cpu_ids=crc(f296206e!=017de3d5);__cpu_online_mask=crc(4e994f70!=ac594e02);scnprintf=crc(f4386284!=96848186);_printk=crc(16b5b21d!=92997ed8);__stack_chk_fail=crc(d272d446!=f0fdf6cb);alt_cb_patch_nops=crc(b8c8345a!=a65c6def);nr_irqs=crc(7ec472ba!=cdca3691);irq_to_desc=crc(a39da802!=16ad39d4)
oplus_bsp_dfr_shutdown_detect,oplus_bsp_dfr_shutdown_detect,/home/jmulesa/android/lineage/device/oneplus/infiniti-kernel/oplus_bsp_dfr_shutdown_detect.ko,dfr,0,0,57,0,0,0,1,56,mismatch(e976b219!=21d0f8b0),load-fail-module-layout,load-fail-crc,ktime_get_with_offset=crc(9d1dd621!=c4f0da12);ns_to_timespec64=crc(b219cb65!=65929cae);ktime_get_real_ts64=crc(90ee81b3!=9ec6ca96);file_bdev=crc(9b674788!=560a08e1);fput=crc(48c11826!=621ae253);_printk=crc(16b5b21d!=92997ed8);__stack_chk_fail=crc(d272d446!=f0fdf6cb);complete=crc(7da92691!=a6257a2f)
oplus_bsp_dfr_shutdown_speed,oplus_bsp_dfr_shutdown_speed,/home/jmulesa/android/lineage/device/oneplus/infiniti-kernel/oplus_bsp_dfr_shutdown_speed.ko,dfr,0,0,2,0,0,0,0,2,mismatch(e976b219!=21d0f8b0),load-fail-module-layout,load-fail-crc,param_ops_string=crc(fc32a8b7!=b24413bf);module_layout=crc(e976b219!=21d0f8b0)
oplus_bsp_dfr_theia,oplus_bsp_dfr_theia,/home/jmulesa/android/lineage/device/oneplus/infiniti-kernel/oplus_bsp_dfr_theia.ko,dfr,0,0,88,0,0,0,0,88,mismatch(e976b219!=21d0f8b0),load-fail-module-layout,load-fail-crc,_printk=crc(16b5b21d!=92997ed8);jiffies=crc(f2a4b08a!=15ba50a6);__msecs_to_jiffies=crc(7162a662!=7f02188f);mod_timer=crc(03dbf6a5!=c38c83b8);memset=crc(110f4d3a!=dcb764ad);ktime_get=crc(ff9a6e5c!=b43f9365);snprintf=crc(f4386284!=656e4a6e);__stack_chk_fail=crc(d272d446!=f0fdf6cb)
oplus_bsp_dfr_ubt,oplus_bsp_dfr_ubt,/home/jmulesa/android/lineage/device/oneplus/infiniti-kernel/oplus_bsp_dfr_ubt.ko,dfr,0,0,34,0,0,0,0,34,mismatch(e976b219!=21d0f8b0),load-fail-module-layout,load-fail-crc,_printk_deferred=crc(16b5b21d!=1e19eb6c);alt_cb_patch_nops=crc(b8c8345a!=a65c6def);snprintf=crc(f4386284!=656e4a6e);get_task_mm=crc(10eaf655!=5420b005);__tracepoint_mmap_lock_start_locking=crc(7c5aa8a7!=2eefea83);down_read_trylock=crc(cd6876a9!=88f5cdef);__tracepoint_mmap_lock_acquire_returned=crc(7c5aa8a7!=710039b1);__tracepoint_mmap_lock_released=crc(7c5aa8a7!=2ae025cb)
oplus_bsp_dft_kernel_fb,oplus_bsp_dft_kernel_fb,/home/jmulesa/android/lineage/device/oneplus/infiniti-kernel/oplus_bsp_dft_kernel_fb.ko,dft,0,0,47,0,0,0,0,47,mismatch(e976b219!=21d0f8b0),load-fail-module-layout,load-fail-crc,_printk=crc(16b5b21d!=92997ed8);__alloc_skb=crc(f9414958!=f4b23bfd);genlmsg_put=crc(a1bf231c!=fc2ec3dd);nla_put=crc(d7e32719!=f9a61ed4);sk_skb_reason_drop=crc(3334991b!=dcf2c89b);init_net=crc(853101e3!=1e93e6e1);netlink_unicast=crc(89ebab58!=5e1830c0);strstr=crc(719e716c!=1e6d26a8)
oplus_bsp_dft_olc,oplus_bsp_dft_olc,/home/jmulesa/android/lineage/device/oneplus/infiniti-kernel/oplus_bsp_dft_olc.ko,dft,0,0,36,0,0,0,0,36,mismatch(e976b219!=21d0f8b0),load-fail-module-layout,load-fail-crc,proc_mkdir=crc(17dad4e0!=7518b5f0);proc_create=crc(bcb84f5d!=b4028d67);_printk=crc(16b5b21d!=92997ed8);remove_proc_entry=crc(1b68847f!=330c0b0f);__check_object_size=crc(5c76e3f3!=88db9f48);__arch_copy_from_user=crc(1f42c609!=2be0c009);memset=crc(110f4d3a!=dcb764ad);strsep=crc(eac1e857!=85df9b6c)
oplus_bsp_dynamic_readahead,oplus_bsp_dynamic_readahead,/home/jmulesa/android/lineage/device/oneplus/infiniti-kernel/oplus_bsp_dynamic_readahead.ko,misc,0,0,10,0,0,0,1,9,mismatch(e976b219!=21d0f8b0),load-fail-module-layout,load-fail-crc,contig_page_data=crc(c9965b9f!=69230943);__tracepoint_android_vh_tune_mmap_readaround=crc(7c5aa8a7!=05e5ef0b);tracepoint_probe_register=crc(15cb871d!=805e2dd2);__tracepoint_android_vh_ra_tuning_max_page=crc(7c5aa8a7!=ced78178);_printk=crc(16b5b21d!=92997ed8);tracepoint_probe_unregister=crc(15cb871d!=7aba1ef6);test_task_ux=missing;vm_zone_stat=crc(8de767db!=ba0676e2)
oplus_bsp_frame_boost,oplus_bsp_frame_boost,/home/jmulesa/android/lineage/device/oneplus/infiniti-kernel/oplus_bsp_frame_boost.ko,misc,0,0,101,0,0,0,5,96,mismatch(e976b219!=21d0f8b0),load-fail-module-layout,load-fail-crc,__rcu_read_lock=crc(d272d446!=8d522714);find_task_by_vpid=crc(2c7840a3!=29161415);alt_cb_patch_nops=crc(b8c8345a!=a65c6def);__rcu_read_unlock=crc(d272d446!=2469810f);_raw_spin_lock_irqsave=crc(aa615763!=34db050b);_raw_spin_unlock_irqrestore=crc(582af1c8!=d35cce70);__put_task_struct=crc(e7ef3ab0!=e5010018);refcount_warn_saturate=crc(2373037a!=0296695f)
oplus_bsp_fw_update,oplus_bsp_fw_update,/home/jmulesa/android/lineage/device/oneplus/infiniti-kernel/oplus_bsp_fw_update.ko,misc,1,0,11,0,0,0,0,11,mismatch(e976b219!=21d0f8b0),load-fail-module-layout,load-fail-crc,snprintf=crc(f4386284!=656e4a6e);kobject_uevent_env=crc(37679765!=c54855de);_printk=crc(16b5b21d!=92997ed8);request_firmware=crc(69d48229!=3c57945c);__stack_chk_fail=crc(d272d446!=f0fdf6cb);class_register=crc(34c2451d!=eab1dce0);device_create=crc(ecc3b985!=9b1faacb);sysfs_create_group=crc(3ee3b24e!=62b33777)
oplus_bsp_game_opt,oplus_bsp_game_opt,/home/jmulesa/android/lineage/device/oneplus/infiniti-kernel/oplus_bsp_game_opt.ko,misc,0,0,135,0,0,0,0,135,mismatch(e976b219!=21d0f8b0),load-fail-module-layout,load-fail-crc,mutex_lock=crc(995658e3!=d5977bfb);mutex_unlock=crc(995658e3!=ed55cabd);ktime_get=crc(ff9a6e5c!=b43f9365);memset=crc(110f4d3a!=dcb764ad);__cpu_present_mask=crc(4e994f70!=b3055449);__per_cpu_offset=crc(0de4cab5!=280f9f14);cpufreq_get_policy=crc(9aef30fe!=411fbde8);mem_alloc_profiling_key=crc(8ee1928d!=0f05f001)
oplus_bsp_geas_cpu,oplus_bsp_geas_cpu,/home/jmulesa/android/lineage/device/oneplus/infiniti-kernel/oplus_bsp_geas_cpu.ko,misc,0,0,59,0,0,0,3,56,mismatch(e976b219!=21d0f8b0),load-fail-module-layout,load-fail-crc,trace_event_buffer_reserve=crc(40964d00!=29eba14a);trace_event_buffer_commit=crc(ffe3783c!=2fc1082e);__trace_trigger_soft_disabled=crc(cb5e01d7!=0fd10466);__stack_chk_fail=crc(d272d446!=f0fdf6cb);perf_trace_buf_alloc=crc(231ad1b8!=2d2c902f);perf_trace_run_bpf_submit=crc(2a290ade!=c61f330d);bpf_trace_run7=crc(5b95f27f!=3d10f515);bpf_trace_run8=crc(60f31a60!=369f9403)
oplus_bsp_geas_system,oplus_bsp_geas_system,/home/jmulesa/android/lineage/device/oneplus/infiniti-kernel/oplus_bsp_geas_system.ko,misc,0,0,45,0,0,0,17,28,mismatch(e976b219!=21d0f8b0),load-fail-module-layout,load-fail-crc,proc_dointvec_minmax=crc(854828da!=3eca0c01);mem_alloc_profiling_key=crc(8ee1928d!=0f05f001);kmalloc_caches=crc(d6ce5659!=efe8a82e);__kmalloc_cache_noprof=crc(6cc46e45!=e17134b6);_printk=crc(16b5b21d!=92997ed8);kfree=crc(31359e90!=037a0cba);sscanf=crc(f5197fd4!=bcab6ee6);__stack_chk_fail=crc(d272d446!=f0fdf6cb)
oplus_bsp_haptic,oplus_bsp_haptic,/home/jmulesa/android/lineage/device/oneplus/infiniti-kernel/oplus_bsp_haptic.ko,misc,1,0,115,0,0,0,5,110,mismatch(e976b219!=21d0f8b0),load-fail-module-layout,load-fail-crc,sysfs_create_group=crc(3ee3b24e!=62b33777);_printk=crc(16b5b21d!=92997ed8);oplus_haptic_track_uvlo=missing;__stack_chk_fail=crc(d272d446!=f0fdf6cb);memset=crc(110f4d3a!=dcb764ad);mutex_lock=crc(995658e3!=d5977bfb);mutex_unlock=crc(995658e3!=ed55cabd);usleep_range_state=crc(fdbae8c6!=c3055d20)
oplus_bsp_haptic_feedback,oplus_bsp_haptic_feedback,/home/jmulesa/android/lineage/device/oneplus/infiniti-kernel/oplus_bsp_haptic_feedback.ko,misc,1,0,43,0,0,0,1,42,mismatch(e976b219!=21d0f8b0),load-fail-module-layout,load-fail-crc,ktime_get_real_ts64=crc(90ee81b3!=9ec6ca96);system_wq=crc(571c73d5!=2d3385d3);queue_delayed_work_on=crc(bb4f284a!=42ad47ad);__stack_chk_fail=crc(d272d446!=f0fdf6cb);strncpy=crc(11ce17c6!=9166fada);_printk=crc(16b5b21d!=92997ed8);__platform_driver_register=crc(26d0cf2d!=12db679a);platform_driver_unregister=crc(8af50346!=6fc35f2b)
oplus_bsp_kshrink_slabd,oplus_bsp_kshrink_slabd,/home/jmulesa/android/lineage/device/oneplus/infiniti-kernel/oplus_bsp_kshrink_slabd.ko,misc,0,0,25,0,0,0,0,25,mismatch(e976b219!=21d0f8b0),load-fail-module-layout,load-fail-crc,mutex_trylock=crc(565f590b!=203392c6);mutex_unlock=crc(995658e3!=ed55cabd);__rcu_read_lock=crc(d272d446!=8d522714);__rcu_read_unlock=crc(d272d446!=2469810f);__wake_up=crc(f7c60e8b!=e2964344);alt_cb_patch_nops=crc(b8c8345a!=a65c6def);preempt_schedule_notrace=crc(d272d446!=f70e4a4d);vm_node_stat=crc(614e3e1f!=7d18cc38)
oplus_bsp_kswapd_opt,oplus_bsp_kswapd_opt,/home/jmulesa/android/lineage/device/oneplus/infiniti-kernel/oplus_bsp_kswapd_opt.ko,misc,0,0,33,0,0,0,0,33,mismatch(e976b219!=21d0f8b0),load-fail-module-layout,load-fail-crc,__tracepoint_android_vh_adjust_alloc_flags=crc(7c5aa8a7!=2fbfbc9d);tracepoint_probe_register=crc(15cb871d!=805e2dd2);_printk=crc(16b5b21d!=92997ed8);__tracepoint_android_vh_adjust_kvmalloc_flags=crc(7c5aa8a7!=2de6259a);proc_mkdir=crc(17dad4e0!=7518b5f0);proc_create=crc(bcb84f5d!=b4028d67);__tracepoint_android_vh_alloc_pages_slowpath_end=crc(7c5aa8a7!=beaf4af5);__tracepoint_mm_vmscan_kswapd_wake=crc(7c5aa8a7!=f9ee0c42)
oplus_bsp_memleak_detect,oplus_bsp_memleak_detect,/home/jmulesa/android/lineage/device/oneplus/infiniti-kernel/oplus_bsp_memleak_detect.ko,misc,0,0,80,0,0,0,0,80,mismatch(e976b219!=21d0f8b0),load-fail-module-layout,load-fail-crc,__warn_printk=crc(1127e91b!=56470118);_printk=crc(16b5b21d!=92997ed8);_raw_spin_lock_irqsave=crc(aa615763!=34db050b);_raw_spin_unlock_irqrestore=crc(582af1c8!=d35cce70);memcpy=crc(8a7493b2!=4829a47e);mem_alloc_profiling_key=crc(8ee1928d!=0f05f001);__alloc_pages_noprof=crc(4a725814!=a0469683);kasan_flag_enabled=crc(8ee1928d!=a6f6226c)
oplus_bsp_midas,oplus_bsp_midas,/home/jmulesa/android/lineage/device/oneplus/infiniti-kernel/oplus_bsp_midas.ko,misc,0,0,58,0,0,0,0,58,mismatch(e976b219!=21d0f8b0),load-fail-module-layout,load-fail-crc,strncpy=crc(11ce17c6!=9166fada);_raw_spin_lock_irqsave=crc(aa615763!=34db050b);_raw_spin_unlock_irqrestore=crc(582af1c8!=d35cce70);__rcu_read_lock=crc(d272d446!=8d522714);__rcu_read_unlock=crc(d272d446!=2469810f);overflowuid=crc(7ec472ba!=8b618d08);strnlen=crc(b5bedffb!=a916b694);strcmp=crc(f5df0401!=e2d5255a)
oplus_bsp_mm_osvelte,oplus_bsp_mm_osvelte,/home/jmulesa/android/lineage/device/oneplus/infiniti-kernel/oplus_bsp_mm_osvelte.ko,mm,0,0,106,0,0,0,0,106,mismatch(e976b219!=21d0f8b0),load-fail-module-layout,load-fail-crc,down_write=crc(512802b6!=28ed2847);up_write=crc(512802b6!=20d81059);down_read=crc(512802b6!=3355da1c);up_read=crc(512802b6!=6b50e951);__arch_copy_from_user=crc(1f42c609!=2be0c009);_printk=crc(16b5b21d!=92997ed8);alt_cb_patch_nops=crc(b8c8345a!=a65c6def);__stack_chk_fail=crc(d272d446!=f0fdf6cb)
oplus_bsp_pcppages_opt,oplus_bsp_pcppages_opt,/home/jmulesa/android/lineage/device/oneplus/infiniti-kernel/oplus_bsp_pcppages_opt.ko,misc,0,0,6,0,0,0,0,6,mismatch(e976b219!=21d0f8b0),load-fail-module-layout,load-fail-crc,__tracepoint_android_vh_drain_all_pages_bypass=crc(7c5aa8a7!=a259c59e);tracepoint_probe_register=crc(15cb871d!=805e2dd2);__tracepoint_android_vh_rmqueue_pcplist_override_batch=crc(7c5aa8a7!=5940d7bf);_printk=crc(16b5b21d!=92997ed8);tracepoint_probe_unregister=crc(15cb871d!=7aba1ef6);module_layout=crc(e976b219!=21d0f8b0)
oplus_bsp_proactive_compact,oplus_bsp_proactive_compact,/home/jmulesa/android/lineage/device/oneplus/infiniti-kernel/oplus_bsp_proactive_compact.ko,misc,0,0,17,0,0,0,0,17,mismatch(e976b219!=21d0f8b0),load-fail-module-layout,load-fail-crc,_printk=crc(16b5b21d!=92997ed8);proc_remove=crc(36e26e87!=44033864);proc_mkdir=crc(17dad4e0!=7518b5f0);proc_create=crc(bcb84f5d!=b4028d67);contig_page_data=crc(c9965b9f!=69230943);scnprintf=crc(f4386284!=96848186);__check_object_size=crc(5c76e3f3!=88db9f48);__arch_copy_to_user=crc(1f42c609!=9a85eebb)
oplus_bsp_sched_assist,oplus_bsp_sched_assist,/home/jmulesa/android/lineage/device/oneplus/infiniti-kernel/oplus_bsp_sched_assist.ko,misc,0,0,152,0,0,0,0,152,mismatch(e976b219!=21d0f8b0),load-fail-module-layout,load-fail-crc,trace_event_buffer_reserve=crc(40964d00!=29eba14a);nr_cpu_ids=crc(f296206e!=017de3d5);scnprintf=crc(f4386284!=96848186);strlen=crc(90d19584!=98cf60b3);memcpy=crc(8a7493b2!=4829a47e);trace_event_buffer_commit=crc(ffe3783c!=2fc1082e);__trace_trigger_soft_disabled=crc(cb5e01d7!=0fd10466);__stack_chk_fail=crc(d272d446!=f0fdf6cb)
oplus_bsp_sched_ext,oplus_bsp_sched_ext,/home/jmulesa/android/lineage/device/oneplus/infiniti-kernel/oplus_bsp_sched_ext.ko,misc,0,0,187,0,0,0,4,183,mismatch(e976b219!=21d0f8b0),load-fail-module-layout,load-fail-crc,trace_event_buffer_reserve=crc(40964d00!=29eba14a);trace_event_buffer_commit=crc(ffe3783c!=2fc1082e);__trace_trigger_soft_disabled=crc(cb5e01d7!=0fd10466);__stack_chk_fail=crc(d272d446!=f0fdf6cb);perf_trace_buf_alloc=crc(231ad1b8!=2d2c902f);perf_trace_run_bpf_submit=crc(2a290ade!=c61f330d);bpf_trace_run1=crc(bcae9d73!=e80494d6);jiffies=crc(f2a4b08a!=15ba50a6)
oplus_bsp_schedinfo,oplus_bsp_schedinfo,/home/jmulesa/android/lineage/device/oneplus/infiniti-kernel/oplus_bsp_schedinfo.ko,misc,0,0,147,0,0,0,10,137,mismatch(e976b219!=21d0f8b0),load-fail-module-layout,load-fail-crc,__tracepoint_android_vh_irqtime_account_process_tick=crc(7c5aa8a7!=78696e76);tracepoint_probe_unregister=crc(15cb871d!=7aba1ef6);__tracepoint_android_vh_cpufreq_fast_switch=crc(7c5aa8a7!=c0ef2c34);remove_proc_entry=crc(1b68847f!=330c0b0f);proc_mkdir=crc(17dad4e0!=7518b5f0);tracepoint_probe_register=crc(15cb871d!=805e2dd2);_printk=crc(16b5b21d!=92997ed8);__rcu_read_lock=crc(d272d446!=8d522714)
oplus_bsp_sigkill_diagnosis,oplus_bsp_sigkill_diagnosis,/home/jmulesa/android/lineage/device/oneplus/infiniti-kernel/oplus_bsp_sigkill_diagnosis.ko,misc,0,0,21,0,0,0,0,21,mismatch(e976b219!=21d0f8b0),load-fail-module-layout,load-fail-crc,mem_alloc_profiling_key=crc(8ee1928d!=0f05f001);kmalloc_caches=crc(d6ce5659!=efe8a82e);__kmalloc_cache_noprof=crc(6cc46e45!=e17134b6);proc_mkdir=crc(17dad4e0!=7518b5f0);proc_create=crc(bcb84f5d!=b4028d67);__tracepoint_android_vh_do_send_sig_info=crc(7c5aa8a7!=5ad6ee9f);tracepoint_probe_register=crc(15cb871d!=805e2dd2);_printk=crc(16b5b21d!=92997ed8)
oplus_bsp_storage_io_metrics,oplus_bsp_storage_io_metrics,/home/jmulesa/android/lineage/device/oneplus/infiniti-kernel/oplus_bsp_storage_io_metrics.ko,misc,0,0,39,0,0,0,0,39,mismatch(e976b219!=21d0f8b0),load-fail-module-layout,load-fail-crc,alt_cb_patch_nops=crc(b8c8345a!=a65c6def);ktime_get=crc(ff9a6e5c!=b43f9365);blk_fill_rwbs=crc(f3116ec1!=2bd8a8bb);__fortify_panic=crc(31b67631!=75ca79b5);__tracepoint_block_rq_issue=crc(7c5aa8a7!=f6694ef9);tracepoint_probe_register=crc(15cb871d!=805e2dd2);__tracepoint_block_rq_complete=crc(7c5aa8a7!=171047ce);__tracepoint_block_getrq=crc(7c5aa8a7!=e481d04e)
oplus_bsp_synaptics_tcm2,oplus_bsp_synaptics_tcm2,/home/jmulesa/android/lineage/device/oneplus/infiniti-kernel/oplus_bsp_synaptics_tcm2.ko,misc,1,0,181,0,0,0,7,174,mismatch(e976b219!=21d0f8b0),load-fail-module-layout,load-fail-crc,trace_event_buffer_reserve=crc(40964d00!=29eba14a);memcpy=crc(8a7493b2!=4829a47e);trace_event_buffer_commit=crc(ffe3783c!=2fc1082e);__trace_trigger_soft_disabled=crc(cb5e01d7!=0fd10466);__stack_chk_fail=crc(d272d446!=f0fdf6cb);perf_trace_buf_alloc=crc(231ad1b8!=2d2c902f);perf_trace_run_bpf_submit=crc(2a290ade!=c61f330d);bpf_trace_run4=crc(1c4f6ddb!=1c7a01a8)
oplus_bsp_task_cpustats,oplus_bsp_task_cpustats,/home/jmulesa/android/lineage/device/oneplus/infiniti-kernel/oplus_bsp_task_cpustats.ko,misc,0,0,31,0,0,0,0,31,mismatch(e976b219!=21d0f8b0),load-fail-module-layout,load-fail-crc,__tracepoint_android_vh_account_task_time=crc(7c5aa8a7!=3ff79730);tracepoint_probe_register=crc(15cb871d!=805e2dd2);proc_mkdir=crc(17dad4e0!=7518b5f0);proc_create=crc(bcb84f5d!=b4028d67);_printk=crc(16b5b21d!=92997ed8);remove_proc_entry=crc(1b68847f!=330c0b0f);tracepoint_probe_unregister=crc(15cb871d!=7aba1ef6);nsecs_to_jiffies=crc(542b4a64!=ffae8e8b)
oplus_bsp_task_load,oplus_bsp_task_load,/home/jmulesa/android/lineage/device/oneplus/infiniti-kernel/oplus_bsp_task_load.ko,misc,0,0,32,0,0,0,1,31,mismatch(e976b219!=21d0f8b0),load-fail-module-layout,load-fail-crc,__tracepoint_sched_switch=crc(7c5aa8a7!=dfe3cd88);tracepoint_probe_register=crc(15cb871d!=805e2dd2);__tracepoint_android_vh_scheduler_tick=crc(7c5aa8a7!=08c73112);__tracepoint_task_rename=crc(7c5aa8a7!=819c175f);_printk=crc(16b5b21d!=92997ed8);__per_cpu_offset=crc(0de4cab5!=280f9f14);runqueues=crc(c26d8604!=ee46e386);walt_rq=missing
oplus_bsp_task_overload,oplus_bsp_task_overload,/home/jmulesa/android/lineage/device/oneplus/infiniti-kernel/oplus_bsp_task_overload.ko,misc,0,0,37,0,0,0,3,34,mismatch(e976b219!=21d0f8b0),load-fail-module-layout,load-fail-crc,oplus_capacity_orig_of=missing;__cpu_possible_mask=crc(4e994f70!=de7ece30);cpu_topology=crc(545a6fb7!=e4bc4b09);cpufreq_quick_get=crc(ecfe08b6!=7c46233a);cpufreq_quick_get_max=crc(ecfe08b6!=33f0768c);is_fbg_task=missing;__rcu_read_lock=crc(d272d446!=8d522714);__rcu_read_unlock=crc(d272d446!=2469810f)
oplus_bsp_task_sched,oplus_bsp_task_sched,/home/jmulesa/android/lineage/device/oneplus/infiniti-kernel/oplus_bsp_task_sched.ko,misc,0,0,71,0,0,0,1,70,mismatch(e976b219!=21d0f8b0),load-fail-module-layout,load-fail-crc,_raw_spin_lock_irqsave=crc(aa615763!=34db050b);_raw_spin_unlock_irqrestore=crc(582af1c8!=d35cce70);mem_alloc_profiling_key=crc(8ee1928d!=0f05f001);kmalloc_caches=crc(d6ce5659!=efe8a82e);__kmalloc_cache_noprof=crc(6cc46e45!=e17134b6);strncpy=crc(11ce17c6!=9166fada);strcmp=crc(f5df0401!=e2d5255a);_printk=crc(16b5b21d!=92997ed8)
oplus_bsp_tp_common,oplus_bsp_tp_common,/home/jmulesa/android/lineage/device/oneplus/infiniti-kernel/oplus_bsp_tp_common.ko,touch,1,0,165,0,0,0,13,152,mismatch(e976b219!=21d0f8b0),load-fail-module-layout,load-fail-crc,mem_alloc_profiling_key=crc(8ee1928d!=0f05f001);kmalloc_caches=crc(d6ce5659!=efe8a82e);__kmalloc_cache_noprof=crc(6cc46e45!=e17134b6);_raw_spin_lock_irqsave=crc(aa615763!=34db050b);memset=crc(110f4d3a!=dcb764ad);memcpy=crc(8a7493b2!=4829a47e);ktime_get=crc(ff9a6e5c!=b43f9365);_raw_spin_unlock_irqrestore=crc(582af1c8!=d35cce70)
oplus_bsp_tp_custom,oplus_bsp_tp_custom,/home/jmulesa/android/lineage/device/oneplus/infiniti-kernel/oplus_bsp_tp_custom.ko,touch,1,0,14,0,0,0,1,13,mismatch(e976b219!=21d0f8b0),load-fail-module-layout,load-fail-crc,_printk=crc(16b5b21d!=92997ed8);strstr=crc(719e716c!=1e6d26a8);get_project=missing;mem_alloc_profiling_key=crc(8ee1928d!=0f05f001);kmalloc_caches=crc(d6ce5659!=efe8a82e);__kmalloc_cache_noprof=crc(6cc46e45!=e17134b6);strlen=crc(90d19584!=98cf60b3);memcpy=crc(8a7493b2!=4829a47e)
oplus_bsp_tp_focal_common,oplus_bsp_tp_focal_common,/home/jmulesa/android/lineage/device/oneplus/infiniti-kernel/oplus_bsp_tp_focal_common.ko,touch,1,0,38,0,0,0,7,31,mismatch(e976b219!=21d0f8b0),load-fail-module-layout,load-fail-crc,sysfs_create_group=crc(3ee3b24e!=62b33777);_printk=crc(16b5b21d!=92997ed8);sysfs_remove_group=crc(e6c16e7a!=3667c9f1);proc_create_data=crc(a7a03b02!=a2fa95a0);request_firmware=crc(69d48229!=3c57945c);seq_printf=crc(8b6a8169!=c8f2ae9d);tp_debug=missing;release_firmware=crc(b770888b!=c6d09aa9)
oplus_bsp_tp_ft3518,oplus_bsp_tp_ft3518,/home/jmulesa/android/lineage/device/oneplus/infiniti-kernel/oplus_bsp_tp_ft3518.ko,touch,1,0,52,0,0,0,22,30,mismatch(e976b219!=21d0f8b0),load-fail-module-layout,load-fail-crc,_printk=crc(16b5b21d!=92997ed8);thermal_zone_get_zone_by_name=crc(dcba0806!=81beafe4);tp_debug=missing;thermal_zone_get_temp=crc(e29be9fc!=de7e6296);touch_i2c_write_byte=missing;__stack_chk_fail=crc(d272d446!=f0fdf6cb);tp_judge_ic_match=missing;i2c_register_driver=crc(6f0760fb!=2ff78d9b)
oplus_bsp_tp_ft3658u_spi,oplus_bsp_tp_ft3658u_spi,/home/jmulesa/android/lineage/device/oneplus/infiniti-kernel/oplus_bsp_tp_ft3658u_spi.ko,touch,1,0,72,0,0,0,15,57,mismatch(e976b219!=21d0f8b0),load-fail-module-layout,load-fail-crc,mutex_lock=crc(995658e3!=d5977bfb);mem_alloc_profiling_key=crc(8ee1928d!=0f05f001);__kmalloc_noprof=crc(27865ec7!=52c5c991);_printk=crc(16b5b21d!=92997ed8);memset=crc(110f4d3a!=dcb764ad);memcpy=crc(8a7493b2!=4829a47e);spi_sync=crc(4ad5af94!=56f996ba);kfree=crc(31359e90!=037a0cba)
oplus_bsp_tp_ft3681,oplus_bsp_tp_ft3681,/home/jmulesa/android/lineage/device/oneplus/infiniti-kernel/oplus_bsp_tp_ft3681.ko,touch,1,0,58,0,0,0,17,41,mismatch(e976b219!=21d0f8b0),load-fail-module-layout,load-fail-crc,mutex_lock=crc(995658e3!=d5977bfb);mem_alloc_profiling_key=crc(8ee1928d!=0f05f001);__kmalloc_noprof=crc(27865ec7!=52c5c991);_printk=crc(16b5b21d!=92997ed8);memset=crc(110f4d3a!=dcb764ad);memcpy=crc(8a7493b2!=4829a47e);spi_sync=crc(4ad5af94!=56f996ba);tp_healthinfo_report=missing
oplus_bsp_tp_ft3683g,oplus_bsp_tp_ft3683g,/home/jmulesa/android/lineage/device/oneplus/infiniti-kernel/oplus_bsp_tp_ft3683g.ko,touch,1,0,78,0,0,0,18,60,mismatch(e976b219!=21d0f8b0),load-fail-module-layout,load-fail-crc,mutex_lock=crc(995658e3!=d5977bfb);mem_alloc_profiling_key=crc(8ee1928d!=0f05f001);__kmalloc_noprof=crc(27865ec7!=52c5c991);_printk=crc(16b5b21d!=92997ed8);memset=crc(110f4d3a!=dcb764ad);memcpy=crc(8a7493b2!=4829a47e);spi_sync=crc(4ad5af94!=56f996ba);tp_healthinfo_report=missing
oplus_bsp_tp_ft8057p,oplus_bsp_tp_ft8057p,/home/jmulesa/android/lineage/device/oneplus/infiniti-kernel/oplus_bsp_tp_ft8057p.ko,touch,1,0,71,0,0,0,14,57,mismatch(e976b219!=21d0f8b0),load-fail-module-layout,load-fail-crc,mutex_lock=crc(995658e3!=d5977bfb);mem_alloc_profiling_key=crc(8ee1928d!=0f05f001);__kmalloc_noprof=crc(27865ec7!=52c5c991);_printk=crc(16b5b21d!=92997ed8);memset=crc(110f4d3a!=dcb764ad);memcpy=crc(8a7493b2!=4829a47e);spi_sync=crc(4ad5af94!=56f996ba);kfree=crc(31359e90!=037a0cba)
oplus_bsp_tp_goodix_comnon,oplus_bsp_tp_goodix_comnon,/home/jmulesa/android/lineage/device/oneplus/infiniti-kernel/oplus_bsp_tp_goodix_comnon.ko,touch,1,0,39,0,0,0,3,36,mismatch(e976b219!=21d0f8b0),load-fail-module-layout,load-fail-crc,_printk=crc(16b5b21d!=92997ed8);seq_printf=crc(8b6a8169!=c8f2ae9d);get_test_item_info=missing;kfree=crc(31359e90!=037a0cba);__stack_chk_fail=crc(d272d446!=f0fdf6cb);proc_create_data=crc(a7a03b02!=a2fa95a0);remove_proc_entry=crc(1b68847f!=330c0b0f);mem_alloc_profiling_key=crc(8ee1928d!=0f05f001)
oplus_bsp_tp_gt9916,oplus_bsp_tp_gt9916,/home/jmulesa/android/lineage/device/oneplus/infiniti-kernel/oplus_bsp_tp_gt9916.ko,touch,1,0,76,0,0,0,23,53,mismatch(e976b219!=21d0f8b0),load-fail-module-layout,load-fail-crc,hrtimer_start_range_ns=crc(afb2b6c9!=c0b7c197);mem_alloc_profiling_key=crc(8ee1928d!=0f05f001);__kmalloc_noprof=crc(27865ec7!=52c5c991);spi_sync=crc(4ad5af94!=56f996ba);memcpy=crc(8a7493b2!=4829a47e);tp_healthinfo_report=missing;kfree=crc(31359e90!=037a0cba);_printk=crc(16b5b21d!=92997ed8)
oplus_bsp_tp_gt9966,oplus_bsp_tp_gt9966,/home/jmulesa/android/lineage/device/oneplus/infiniti-kernel/oplus_bsp_tp_gt9966.ko,touch,1,0,79,0,0,0,23,56,mismatch(e976b219!=21d0f8b0),load-fail-module-layout,load-fail-crc,hrtimer_start_range_ns=crc(afb2b6c9!=c0b7c197);mem_alloc_profiling_key=crc(8ee1928d!=0f05f001);__kmalloc_noprof=crc(27865ec7!=52c5c991);spi_sync=crc(4ad5af94!=56f996ba);memcpy=crc(8a7493b2!=4829a47e);tp_healthinfo_report=missing;kfree=crc(31359e90!=037a0cba);_printk=crc(16b5b21d!=92997ed8)
oplus_bsp_tp_hbp_goodix_gt99x6,oplus_bsp_tp_hbp_goodix_gt99x6,/home/jmulesa/android/lineage/device/oneplus/infiniti-kernel/oplus_bsp_tp_hbp_goodix_gt99x6.ko,touch,0,0,28,0,0,0,4,24,mismatch(e976b219!=21d0f8b0),load-fail-module-layout,load-fail-crc,debug_level=missing;_printk=crc(16b5b21d!=92997ed8);__stack_chk_fail=crc(d272d446!=f0fdf6cb);hbp_dev_healthinfo_report=missing;__platform_driver_register=crc(26d0cf2d!=12db679a);platform_driver_unregister=crc(8af50346!=6fc35f2b);mutex_lock=crc(995658e3!=d5977bfb);memcpy=crc(8a7493b2!=4829a47e)
oplus_bsp_tp_hbp_syna_s3910,oplus_bsp_tp_hbp_syna_s3910,/home/jmulesa/android/lineage/device/oneplus/infiniti-kernel/oplus_bsp_tp_hbp_syna_s3910.ko,touch,1,0,51,0,0,0,6,45,mismatch(e976b219!=21d0f8b0),load-fail-module-layout,load-fail-crc,debug_level=missing;_printk=crc(16b5b21d!=92997ed8);mutex_lock=crc(995658e3!=d5977bfb);memset=crc(110f4d3a!=dcb764ad);memcpy=crc(8a7493b2!=4829a47e);mutex_unlock=crc(995658e3!=ed55cabd);hbp_dev_ctrl_hw_reset=missing;__platform_driver_register=crc(26d0cf2d!=12db679a)
oplus_bsp_tp_ilitek7807s,oplus_bsp_tp_ilitek7807s,/home/jmulesa/android/lineage/device/oneplus/infiniti-kernel/oplus_bsp_tp_ilitek7807s.ko,touch,1,0,87,0,0,0,18,69,mismatch(e976b219!=21d0f8b0),load-fail-module-layout,load-fail-crc,_printk=crc(16b5b21d!=92997ed8);__stack_chk_fail=crc(d272d446!=f0fdf6cb);vfree=crc(3702a4be!=999e8297);mem_alloc_profiling_key=crc(8ee1928d!=0f05f001);vmalloc_noprof=crc(38faebe9!=1b2fa1a9);memset=crc(110f4d3a!=dcb764ad);tp_debug=missing;memcpy=crc(8a7493b2!=4829a47e)
oplus_bsp_tp_ilitek_common,oplus_bsp_tp_ilitek_common,/home/jmulesa/android/lineage/device/oneplus/infiniti-kernel/oplus_bsp_tp_ilitek_common.ko,touch,1,0,5,0,0,0,0,5,mismatch(e976b219!=21d0f8b0),load-fail-module-layout,load-fail-crc,_printk=crc(16b5b21d!=92997ed8);seq_printf=crc(8b6a8169!=c8f2ae9d);__stack_chk_fail=crc(d272d446!=f0fdf6cb);snprintf=crc(f4386284!=656e4a6e);module_layout=crc(e976b219!=21d0f8b0)
oplus_bsp_tp_notify,oplus_bsp_tp_notify,/home/jmulesa/android/lineage/device/oneplus/infiniti-kernel/oplus_bsp_tp_notify.ko,touch,1,0,4,0,0,0,0,4,mismatch(e976b219!=21d0f8b0),load-fail-module-layout,load-fail-crc,blocking_notifier_chain_register=crc(bde3e279!=d9051672);blocking_notifier_chain_unregister=crc(bde3e279!=3e54ac69);blocking_notifier_call_chain=crc(559ff49a!=482d47c8);module_layout=crc(e976b219!=21d0f8b0)
oplus_bsp_tp_novatek_common,oplus_bsp_tp_novatek_common,/home/jmulesa/android/lineage/device/oneplus/infiniti-kernel/oplus_bsp_tp_novatek_common.ko,touch,1,0,23,0,0,0,5,18,mismatch(e976b219!=21d0f8b0),load-fail-module-layout,load-fail-crc,strstr=crc(719e716c!=1e6d26a8);_printk=crc(16b5b21d!=92997ed8);proc_create_data=crc(a7a03b02!=a2fa95a0);seq_printf=crc(8b6a8169!=c8f2ae9d);__stack_chk_fail=crc(d272d446!=f0fdf6cb);snprintf=crc(f4386284!=656e4a6e);mem_alloc_profiling_key=crc(8ee1928d!=0f05f001);__kmalloc_noprof=crc(27865ec7!=52c5c991)
oplus_bsp_tp_nt36528_noflash,oplus_bsp_tp_nt36528_noflash,/home/jmulesa/android/lineage/device/oneplus/infiniti-kernel/oplus_bsp_tp_nt36528_noflash.ko,touch,1,0,63,0,0,0,19,44,mismatch(e976b219!=21d0f8b0),load-fail-module-layout,load-fail-crc,CTP_SPI_WRITE=missing;CTP_SPI_READ=missing;_printk=crc(16b5b21d!=92997ed8);__stack_chk_fail=crc(d272d446!=f0fdf6cb);usleep_range_state=crc(fdbae8c6!=c3055d20);msleep=crc(67628f51!=f9a482f9);sysfs_remove_group=crc(e6c16e7a!=3667c9f1);unregister_common_touch_device=missing
oplus_bsp_tp_nt36532_noflash,oplus_bsp_tp_nt36532_noflash,/home/jmulesa/android/lineage/device/oneplus/infiniti-kernel/oplus_bsp_tp_nt36532_noflash.ko,touch,1,0,58,0,0,0,17,41,mismatch(e976b219!=21d0f8b0),load-fail-module-layout,load-fail-crc,CTP_SPI_WRITE=missing;_printk=crc(16b5b21d!=92997ed8);__stack_chk_fail=crc(d272d446!=f0fdf6cb);CTP_SPI_READ=missing;msleep=crc(67628f51!=f9a482f9);__spi_register_driver=crc(cf9fd020!=68386af8);driver_unregister=crc(7ec07b0d!=56e19f9a);reset_healthinfo_time_counter=missing
oplus_bsp_tp_nt36536_noflash,oplus_bsp_tp_nt36536_noflash,/home/jmulesa/android/lineage/device/oneplus/infiniti-kernel/oplus_bsp_tp_nt36536_noflash.ko,touch,1,0,60,0,0,0,19,41,mismatch(e976b219!=21d0f8b0),load-fail-module-layout,load-fail-crc,CTP_SPI_WRITE=missing;_printk=crc(16b5b21d!=92997ed8);__stack_chk_fail=crc(d272d446!=f0fdf6cb);CTP_SPI_READ=missing;msleep=crc(67628f51!=f9a482f9);tp_judge_ic_match=missing;get_oem_verified_boot_state=missing;__spi_register_driver=crc(cf9fd020!=68386af8)
oplus_bsp_tp_nt36672c_noflash,oplus_bsp_tp_nt36672c_noflash,/home/jmulesa/android/lineage/device/oneplus/infiniti-kernel/oplus_bsp_tp_nt36672c_noflash.ko,touch,1,0,56,0,0,0,20,36,mismatch(e976b219!=21d0f8b0),load-fail-module-layout,load-fail-crc,_printk=crc(16b5b21d!=92997ed8);CTP_SPI_WRITE=missing;msleep=crc(67628f51!=f9a482f9);__stack_chk_fail=crc(d272d446!=f0fdf6cb);__const_udelay=crc(b7d17430!=eae3dfd6);tp_test_write=missing;snprintf=crc(f4386284!=656e4a6e);strnlen=crc(b5bedffb!=a916b694)
oplus_bsp_tp_syna_common,oplus_bsp_tp_syna_common,/home/jmulesa/android/lineage/device/oneplus/infiniti-kernel/oplus_bsp_tp_syna_common.ko,touch,1,0,53,0,0,0,3,50,mismatch(e976b219!=21d0f8b0),load-fail-module-layout,load-fail-crc,_printk=crc(16b5b21d!=92997ed8);msleep=crc(67628f51!=f9a482f9);snprintf=crc(f4386284!=656e4a6e);get_test_item_info=missing;kfree=crc(31359e90!=037a0cba);__stack_chk_fail=crc(d272d446!=f0fdf6cb);seq_printf=crc(8b6a8169!=c8f2ae9d);gpio_to_desc=crc(a49e2188!=07183fe6)
oplus_bsp_tp_tcm_S3908,oplus_bsp_tp_tcm_S3908,/home/jmulesa/android/lineage/device/oneplus/infiniti-kernel/oplus_bsp_tp_tcm_S3908.ko,touch,1,0,93,0,0,0,19,74,mismatch(e976b219!=21d0f8b0),load-fail-module-layout,load-fail-crc,_printk=crc(16b5b21d!=92997ed8);seq_printf=crc(8b6a8169!=c8f2ae9d);mutex_lock=crc(995658e3!=d5977bfb);mutex_unlock=crc(995658e3!=ed55cabd);tp_debug=missing;kfree=crc(31359e90!=037a0cba);mem_alloc_profiling_key=crc(8ee1928d!=0f05f001);kmalloc_caches=crc(d6ce5659!=efe8a82e)
oplus_bsp_tp_tcm_S3910,oplus_bsp_tp_tcm_S3910,/home/jmulesa/android/lineage/device/oneplus/infiniti-kernel/oplus_bsp_tp_tcm_S3910.ko,touch,1,0,93,0,0,0,19,74,mismatch(e976b219!=21d0f8b0),load-fail-module-layout,load-fail-crc,_printk=crc(16b5b21d!=92997ed8);seq_printf=crc(8b6a8169!=c8f2ae9d);mutex_lock=crc(995658e3!=d5977bfb);mutex_unlock=crc(995658e3!=ed55cabd);tp_debug=missing;kfree=crc(31359e90!=037a0cba);mem_alloc_profiling_key=crc(8ee1928d!=0f05f001);kmalloc_caches=crc(d6ce5659!=efe8a82e)
oplus_bsp_tp_td4377_noflash,oplus_bsp_tp_td4377_noflash,/home/jmulesa/android/lineage/device/oneplus/infiniti-kernel/oplus_bsp_tp_td4377_noflash.ko,touch,1,0,82,0,0,0,14,68,mismatch(e976b219!=21d0f8b0),load-fail-module-layout,load-fail-crc,mutex_lock=crc(995658e3!=d5977bfb);tp_debug=missing;__list_add_valid_or_report=crc(6fabd45b!=7e19152a);_printk=crc(16b5b21d!=92997ed8);spi_sync=crc(4ad5af94!=56f996ba);mutex_unlock=crc(995658e3!=ed55cabd);__stack_chk_fail=crc(d272d446!=f0fdf6cb);kfree=crc(31359e90!=037a0cba)
oplus_bsp_uff_fp_driver,oplus_bsp_uff_fp_driver,/home/jmulesa/android/lineage/device/oneplus/infiniti-kernel/oplus_bsp_uff_fp_driver.ko,fingerprint,1,0,90,0,0,0,3,87,mismatch(e976b219!=21d0f8b0),load-fail-module-layout,load-fail-crc,memset=crc(110f4d3a!=dcb764ad);init_wait_entry=crc(6668f05d!=fe487975);prepare_to_wait_event=crc(a29be00c!=8c26d495);schedule=crc(d272d446!=01000e51);finish_wait=crc(3d03c2e0!=92540fbf);_printk=crc(16b5b21d!=92997ed8);__stack_chk_fail=crc(d272d446!=f0fdf6cb);proc_create=crc(bcb84f5d!=b4028d67)
oplus_bsp_uxmem_opt,oplus_bsp_uxmem_opt,/home/jmulesa/android/lineage/device/oneplus/infiniti-kernel/oplus_bsp_uxmem_opt.ko,misc,0,0,57,0,0,0,3,54,mismatch(e976b219!=21d0f8b0),load-fail-module-layout,load-fail-crc,__cpu_possible_mask=crc(4e994f70!=de7ece30);cpufreq_cpu_get=crc(742e40ff!=f8bd87ca);__cpu_online_mask=crc(4e994f70!=ac594e02);set_cpus_allowed_ptr=crc(a807a666!=24f00fda);__stack_chk_fail=crc(d272d446!=f0fdf6cb);mem_alloc_profiling_key=crc(8ee1928d!=0f05f001);kmalloc_caches=crc(d6ce5659!=efe8a82e);__kmalloc_cache_noprof=crc(6cc46e45!=e17134b6)
oplus_bsp_waker_identify,oplus_bsp_waker_identify,/home/jmulesa/android/lineage/device/oneplus/infiniti-kernel/oplus_bsp_waker_identify.ko,misc,0,0,39,0,0,0,0,39,mismatch(e976b219!=21d0f8b0),load-fail-module-layout,load-fail-crc,ktime_get=crc(ff9a6e5c!=b43f9365);_printk=crc(16b5b21d!=92997ed8);__list_del_entry_valid_or_report=crc(802f8919!=9a835040);_raw_write_lock=crc(e7251b3a!=e68efe41);__list_add_valid_or_report=crc(6fabd45b!=7e19152a);_raw_write_unlock=crc(e7251b3a!=40235c98);kvfree=crc(3702a4be!=7aa1756e);__stack_chk_fail=crc(d272d446!=f0fdf6cb)
oplus_bsp_zram_opt,oplus_bsp_zram_opt,/home/jmulesa/android/lineage/device/oneplus/infiniti-kernel/oplus_bsp_zram_opt.ko,misc,0,0,33,0,0,0,2,31,mismatch(e976b219!=21d0f8b0),load-fail-module-layout,load-fail-crc,vm_node_stat=crc(614e3e1f!=7d18cc38);contig_page_data=crc(c9965b9f!=69230943);oplus_read_mm_config=missing;_printk=crc(16b5b21d!=92997ed8);__tracepoint_android_vh_tune_swappiness=crc(7c5aa8a7!=772e4b01);tracepoint_probe_register=crc(15cb871d!=805e2dd2);__tracepoint_android_rvh_set_balance_anon_file_reclaim=crc(7c5aa8a7!=630fd92c);android_rvh_probe_register=crc(15cb871d!=c046d25b)
oplus_bsp_zstdn,oplus_bsp_zstdn,/home/jmulesa/android/lineage/device/oneplus/infiniti-kernel/oplus_bsp_zstdn.ko,misc,0,0,17,0,0,0,0,17,mismatch(e976b219!=21d0f8b0),load-fail-module-layout,load-fail-crc,memcpy=crc(8a7493b2!=4829a47e);memset=crc(110f4d3a!=dcb764ad);__stack_chk_fail=crc(d272d446!=f0fdf6cb);memmove=crc(8a7493b2!=5a9f1d63);_printk=crc(16b5b21d!=92997ed8);crypto_register_alg=crc(ba129b19!=4735868b);crypto_register_scomp=crc(b0e6a6b7!=1d5b9885);crypto_unregister_alg=crc(a31c7b83!=36a85f55)
oplus_cfg,oplus_cfg,/home/jmulesa/android/lineage/device/oneplus/infiniti-kernel/oplus_cfg.ko,misc,0,0,20,0,0,0,0,20,mismatch(e976b219!=21d0f8b0),load-fail-module-layout,load-fail-crc,strlen=crc(90d19584!=98cf60b3);strncmp=crc(d6761c95!=5a921311);_printk=crc(16b5b21d!=92997ed8);memcpy=crc(8a7493b2!=4829a47e);mutex_lock=crc(995658e3!=d5977bfb);mutex_unlock=crc(995658e3!=ed55cabd);__list_add_valid_or_report=crc(6fabd45b!=7e19152a);__list_del_entry_valid_or_report=crc(802f8919!=9a835040)
oplus_chg_v2,oplus_chg_v2,/home/jmulesa/android/lineage/device/oneplus/infiniti-kernel/oplus_chg_v2.ko,charger,1,0,359,0,0,0,46,313,mismatch(e976b219!=21d0f8b0),load-fail-module-layout,load-fail-crc,_printk=crc(16b5b21d!=92997ed8);__stack_chk_fail=crc(d272d446!=f0fdf6cb);mutex_lock=crc(995658e3!=d5977bfb);i2c_smbus_read_word_data=crc(146604cd!=4cee7250);usleep_range_state=crc(fdbae8c6!=c3055d20);mutex_unlock=crc(995658e3!=ed55cabd);cancel_delayed_work_sync=crc(22a4e35b!=cec49a87);alt_cb_patch_nops=crc(b8c8345a!=a65c6def)
oplus_connectivity_routerboost,oplus_connectivity_routerboost,/home/jmulesa/android/lineage/device/oneplus/infiniti-kernel/oplus_connectivity_routerboost.ko,misc,0,0,17,0,0,0,0,17,mismatch(e976b219!=21d0f8b0),load-fail-module-layout,load-fail-crc,__alloc_skb=crc(f9414958!=f4b23bfd);genlmsg_put=crc(a1bf231c!=fc2ec3dd);nla_put=crc(d7e32719!=f9a61ed4);sk_skb_reason_drop=crc(3334991b!=dcf2c89b);init_net=crc(853101e3!=1e93e6e1);netlink_unicast=crc(89ebab58!=5e1830c0);_printk=crc(16b5b21d!=92997ed8);genl_register_family=crc(576db919!=10e9b022)
oplus_connectivity_sla,oplus_connectivity_sla,/home/jmulesa/android/lineage/device/oneplus/infiniti-kernel/oplus_connectivity_sla.ko,misc,0,0,27,0,0,0,0,27,mismatch(e976b219!=21d0f8b0),load-fail-module-layout,load-fail-crc,genl_register_family=crc(576db919!=10e9b022);_printk=crc(16b5b21d!=92997ed8);init_net=crc(853101e3!=1e93e6e1);register_net_sysctl_sz=crc(de090a90!=23079474);nf_register_net_hooks=crc(43c0d9ee!=ecf29858);genl_unregister_family=crc(66601109!=179a0b99);unregister_net_sysctl_table=crc(7a4f524e!=5ac8c04c);nf_unregister_net_hooks=crc(58be22b4!=ccf1f61a)
oplus_file_record,oplus_file_record,/home/jmulesa/android/lineage/device/oneplus/infiniti-kernel/oplus_file_record.ko,misc,0,0,30,0,0,0,0,30,mismatch(e976b219!=21d0f8b0),load-fail-module-layout,load-fail-crc,strcmp=crc(f5df0401!=e2d5255a);kstrdup=crc(3accfef3!=2d39b0a7);_printk=crc(16b5b21d!=92997ed8);kfree=crc(31359e90!=037a0cba);for_each_kernel_tracepoint=crc(9f72f693!=10a09bd4);tracepoint_probe_register=crc(15cb871d!=805e2dd2);proc_create=crc(bcb84f5d!=b4028d67);tracepoint_probe_unregister=crc(15cb871d!=7aba1ef6)
oplus_freqqos_monitor,oplus_freqqos_monitor,/home/jmulesa/android/lineage/device/oneplus/infiniti-kernel/oplus_freqqos_monitor.ko,misc,0,0,56,0,0,0,0,56,mismatch(e976b219!=21d0f8b0),load-fail-module-layout,load-fail-crc,__cpu_possible_mask=crc(4e994f70!=de7ece30);cpu_topology=crc(545a6fb7!=e4bc4b09);ktime_get_real_ts64=crc(90ee81b3!=9ec6ca96);sys_tz=crc(f5a7643a!=fe5d4bb2);rtc_time64_to_tm=crc(9bddc418!=356461c8);scnprintf=crc(f4386284!=96848186);__stack_chk_fail=crc(d272d446!=f0fdf6cb);_raw_read_lock_irqsave=crc(3f8725d8!=b1342cdb)
oplus_ft3683g,oplus_ft3683g,/home/jmulesa/android/lineage/device/oneplus/infiniti-kernel/oplus_ft3683g.ko,misc,1,0,25,0,0,0,4,21,mismatch(e976b219!=21d0f8b0),load-fail-module-layout,load-fail-crc,__stack_chk_fail=crc(d272d446!=f0fdf6cb);mutex_lock=crc(995658e3!=d5977bfb);memset=crc(110f4d3a!=dcb764ad);memcpy=crc(8a7493b2!=4829a47e);debug_level=missing;__const_udelay=crc(b7d17430!=eae3dfd6);mutex_unlock=crc(995658e3!=ed55cabd);_printk=crc(16b5b21d!=92997ed8)
oplus_hbp_core,oplus_hbp_core,/home/jmulesa/android/lineage/device/oneplus/infiniti-kernel/oplus_hbp_core.ko,touch,1,0,120,0,0,0,1,119,mismatch(e976b219!=21d0f8b0),load-fail-module-layout,load-fail-crc,of_find_node_opts_by_path=crc(bcf52949!=b318cbab);of_get_property=crc(25eb83ce!=3b1b6444);strstr=crc(719e716c!=1e6d26a8);strchr=crc(c5f883ea!=349cba85);_printk=crc(16b5b21d!=92997ed8);strncpy=crc(11ce17c6!=9166fada);__fortify_panic=crc(31b67631!=75ca79b5);of_property_read_variable_u32_array=crc(5de0294f!=e136f93c)
oplus_icc_mcu,oplus_icc_mcu,/home/jmulesa/android/lineage/device/oneplus/infiniti-kernel/oplus_icc_mcu.ko,misc,0,0,64,0,0,0,0,64,mismatch(e976b219!=21d0f8b0),load-fail-module-layout,load-fail-crc,spi_setup=crc(b14dbc0e!=84927420);_printk=crc(16b5b21d!=92997ed8);__register_chrdev=crc(2805073e!=66431d1b);class_create=crc(934914c3!=6fe9dcd4);__unregister_chrdev=crc(52e65492!=6bc3fbc0);__spi_register_driver=crc(cf9fd020!=68386af8);class_destroy=crc(0eaa09a8!=ef27af6b);driver_unregister=crc(7ec07b0d!=56e19f9a)
oplus_lock_torture,oplus_lock_torture,/home/jmulesa/android/lineage/device/oneplus/infiniti-kernel/oplus_lock_torture.ko,misc,0,0,76,0,0,0,5,71,mismatch(e976b219!=21d0f8b0),load-fail-module-layout,load-fail-crc,memset=crc(110f4d3a!=dcb764ad);kthread_create_on_node=crc(7672ba8d!=ba0aee2e);_printk=crc(16b5b21d!=92997ed8);wake_up_process=crc(b40d9875!=ce5bc4d0);d_oplus_locking=missing;proc_mkdir=crc(17dad4e0!=7518b5f0);proc_create=crc(bcb84f5d!=b4028d67);kernfs_path_from_node=crc(3b093326!=98f09577)
oplus_locking_strategy,oplus_locking_strategy,/home/jmulesa/android/lineage/device/oneplus/infiniti-kernel/oplus_locking_strategy.ko,misc,0,0,131,0,0,0,16,115,mismatch(e976b219!=21d0f8b0),load-fail-module-layout,load-fail-crc,test_task_ux=missing;task_rq_lock=crc(6585c98e!=5334c021);update_rq_clock=crc(3844345e!=c9175738);__trace_bprintk=crc(044d6710!=a20d01ba);raw_spin_rq_unlock=crc(3844345e!=c062fead);_raw_spin_unlock_irqrestore=crc(582af1c8!=d35cce70);__warn_printk=crc(1127e91b!=56470118);__stack_chk_fail=crc(d272d446!=f0fdf6cb)
oplus_magcvr_ak09973,oplus_magcvr_ak09973,/home/jmulesa/android/lineage/device/oneplus/infiniti-kernel/oplus_magcvr_ak09973.ko,misc,1,0,22,0,0,0,5,17,mismatch(e976b219!=21d0f8b0),load-fail-module-layout,load-fail-crc,_printk=crc(16b5b21d!=92997ed8);i2c_register_driver=crc(6f0760fb!=2ff78d9b);i2c_del_driver=crc(ef821497!=84dd786f);mem_alloc_profiling_key=crc(8ee1928d!=0f05f001);kmalloc_caches=crc(d6ce5659!=efe8a82e);__kmalloc_cache_noprof=crc(6cc46e45!=e17134b6);alloc_for_magcvr=missing;kfree=crc(31359e90!=037a0cba)
oplus_magcvr_mkh100a,oplus_magcvr_mkh100a,/home/jmulesa/android/lineage/device/oneplus/infiniti-kernel/oplus_magcvr_mkh100a.ko,misc,0,0,17,0,0,0,4,13,mismatch(e976b219!=21d0f8b0),load-fail-module-layout,load-fail-crc,_printk=crc(16b5b21d!=92997ed8);__platform_driver_register=crc(26d0cf2d!=12db679a);mem_alloc_profiling_key=crc(8ee1928d!=0f05f001);kmalloc_caches=crc(d6ce5659!=efe8a82e);__kmalloc_cache_noprof=crc(6cc46e45!=e17134b6);alloc_for_magcvr=missing;kfree=crc(31359e90!=037a0cba);platform_get_irq=crc(a39e1523!=f7ca28dd)
oplus_magcvr_mxm1120,oplus_magcvr_mxm1120,/home/jmulesa/android/lineage/device/oneplus/infiniti-kernel/oplus_magcvr_mxm1120.ko,misc,1,0,27,0,0,0,5,22,mismatch(e976b219!=21d0f8b0),load-fail-module-layout,load-fail-crc,_printk=crc(16b5b21d!=92997ed8);i2c_register_driver=crc(6f0760fb!=2ff78d9b);i2c_del_driver=crc(ef821497!=84dd786f);mem_alloc_profiling_key=crc(8ee1928d!=0f05f001);kmalloc_caches=crc(d6ce5659!=efe8a82e);__kmalloc_cache_noprof=crc(6cc46e45!=e17134b6);alloc_for_magcvr=missing;kfree=crc(31359e90!=037a0cba)
oplus_magcvr_notify,oplus_magcvr_notify,/home/jmulesa/android/lineage/device/oneplus/infiniti-kernel/oplus_magcvr_notify.ko,misc,1,0,4,0,0,0,0,4,mismatch(e976b219!=21d0f8b0),load-fail-module-layout,load-fail-crc,blocking_notifier_chain_register=crc(bde3e279!=d9051672);blocking_notifier_chain_unregister=crc(bde3e279!=3e54ac69);blocking_notifier_call_chain=crc(559ff49a!=482d47c8);module_layout=crc(e976b219!=21d0f8b0)
oplus_magnetic_cover,oplus_magnetic_cover,/home/jmulesa/android/lineage/device/oneplus/infiniti-kernel/oplus_magnetic_cover.ko,misc,1,0,63,0,0,0,2,61,mismatch(e976b219!=21d0f8b0),load-fail-module-layout,load-fail-crc,strcmp=crc(f5df0401!=e2d5255a);_printk=crc(16b5b21d!=92997ed8);magcvr_event_call_notifier=missing;__stack_chk_fail=crc(d272d446!=f0fdf6cb);strnlen=crc(b5bedffb!=a916b694);snprintf=crc(f4386284!=656e4a6e);proc_mkdir=crc(17dad4e0!=7518b5f0);proc_create_data=crc(a7a03b02!=a2fa95a0)
oplus_mdmrst,oplus_mdmrst,/home/jmulesa/android/lineage/device/oneplus/infiniti-kernel/oplus_mdmrst.ko,misc,0,0,15,0,0,0,0,15,mismatch(e976b219!=21d0f8b0),load-fail-module-layout,load-fail-crc,strlen=crc(90d19584!=98cf60b3);memcpy=crc(8a7493b2!=4829a47e);__wake_up=crc(f7c60e8b!=e2964344);__arch_copy_to_user=crc(1f42c609!=9a85eebb);__init_waitqueue_head=crc(de463212!=d9a5ea54);misc_register=crc(d9a13df1!=25758a2c);misc_deregister=crc(78d4940f!=c3246938);strnlen=crc(b5bedffb!=a916b694)
oplus_mm_kevent,oplus_mm_kevent,/home/jmulesa/android/lineage/device/oneplus/infiniti-kernel/oplus_mm_kevent.ko,mm,1,0,23,0,0,0,0,23,mismatch(e976b219!=21d0f8b0),load-fail-module-layout,load-fail-crc,strlen=crc(90d19584!=98cf60b3);strcmp=crc(f5df0401!=e2d5255a);_raw_spin_lock=crc(7c62d7bb!=ba8fbd64);memcpy=crc(8a7493b2!=4829a47e);_raw_spin_unlock=crc(7c62d7bb!=b5b54b34);_printk=crc(16b5b21d!=92997ed8);__warn_printk=crc(1127e91b!=56470118);__fortify_panic=crc(31b67631!=75ca79b5)
oplus_mm_kevent_fb,oplus_mm_kevent_fb,/home/jmulesa/android/lineage/device/oneplus/infiniti-kernel/oplus_mm_kevent_fb.ko,mm,1,0,36,0,0,0,2,34,mismatch(e976b219!=21d0f8b0),load-fail-module-layout,load-fail-crc,memset=crc(110f4d3a!=dcb764ad);strnlen=crc(b5bedffb!=a916b694);mem_alloc_profiling_key=crc(8ee1928d!=0f05f001);__kmalloc_noprof=crc(27865ec7!=52c5c991);_printk=crc(16b5b21d!=92997ed8);__stack_chk_fail=crc(d272d446!=f0fdf6cb);__fortify_panic=crc(31b67631!=75ca79b5);ktime_get=crc(ff9a6e5c!=b43f9365)
oplus_network_702_satellite,oplus_network_702_satellite,/home/jmulesa/android/lineage/device/oneplus/infiniti-kernel/oplus_network_702_satellite.ko,network,0,0,42,0,0,0,0,42,mismatch(e976b219!=21d0f8b0),load-fail-module-layout,load-fail-crc,_printk=crc(16b5b21d!=92997ed8);gpio_to_desc=crc(a49e2188!=07183fe6);gpiod_to_irq=crc(8fdfd4d8!=7ec9701a);request_threaded_irq=crc(c407eb52!=92d5838e);irq_set_irq_wake=crc(fe9be5a6!=ce2840e7);pm_wakeup_ws_event=crc(fc8c6e4e!=bede130a);kill_fasync=crc(7fdb15c5!=5f1c5ee2);__platform_driver_register=crc(26d0cf2d!=12db679a)
oplus_network_app_monitor,oplus_network_app_monitor,/home/jmulesa/android/lineage/device/oneplus/infiniti-kernel/oplus_network_app_monitor.ko,network,0,0,36,0,0,0,0,36,mismatch(e976b219!=21d0f8b0),load-fail-module-layout,load-fail-crc,__alloc_skb=crc(f9414958!=f4b23bfd);genlmsg_put=crc(a1bf231c!=fc2ec3dd);nla_put=crc(d7e32719!=f9a61ed4);sk_skb_reason_drop=crc(3334991b!=dcf2c89b);init_net=crc(853101e3!=1e93e6e1);netlink_unicast=crc(89ebab58!=5e1830c0);_printk=crc(16b5b21d!=92997ed8);_raw_write_lock_bh=crc(e7251b3a!=51a511eb)
oplus_network_data_module,oplus_network_data_module,/home/jmulesa/android/lineage/device/oneplus/infiniti-kernel/oplus_network_data_module.ko,network,0,0,88,0,0,0,0,88,mismatch(e976b219!=21d0f8b0),load-fail-module-layout,load-fail-crc,_printk=crc(16b5b21d!=92997ed8);register_tcf_proto_ops=crc(8b33ef28!=84a56ff4);unregister_tcf_proto_ops=crc(f90f2774!=0776c812);__rcu_read_lock=crc(d272d446!=8d522714);tcf_action_exec=crc(677d578a!=d9d465ee);__rcu_read_unlock=crc(d272d446!=2469810f);mem_alloc_profiling_key=crc(8ee1928d!=0f05f001);kmalloc_caches=crc(d6ce5659!=efe8a82e)
oplus_network_dns_cache,oplus_network_dns_cache,/home/jmulesa/android/lineage/device/oneplus/infiniti-kernel/oplus_network_dns_cache.ko,network,0,0,34,0,0,0,8,26,mismatch(e976b219!=21d0f8b0),load-fail-module-layout,load-fail-crc,_printk=crc(16b5b21d!=92997ed8);mem_alloc_profiling_key=crc(8ee1928d!=0f05f001);__kmalloc_noprof=crc(27865ec7!=52c5c991);netlink__proto__notify_message__get_packed_size=missing;netlink__proto__notify_message__pack=missing;notify_netlink_event=missing;kfree=crc(31359e90!=037a0cba);__stack_chk_fail=crc(d272d446!=f0fdf6cb)
oplus_network_dns_hook,oplus_network_dns_hook,/home/jmulesa/android/lineage/device/oneplus/infiniti-kernel/oplus_network_dns_hook.ko,network,0,0,40,0,0,0,0,40,mismatch(e976b219!=21d0f8b0),load-fail-module-layout,load-fail-crc,memset=crc(110f4d3a!=dcb764ad);genl_register_family=crc(576db919!=10e9b022);_printk=crc(16b5b21d!=92997ed8);init_net=crc(853101e3!=1e93e6e1);nf_register_net_hooks=crc(43c0d9ee!=ecf29858);genl_unregister_family=crc(66601109!=179a0b99);register_net_sysctl_sz=crc(de090a90!=23079474);nf_unregister_net_hooks=crc(58be22b4!=ccf1f61a)
oplus_network_esim,oplus_network_esim,/home/jmulesa/android/lineage/device/oneplus/infiniti-kernel/oplus_network_esim.ko,network,1,0,51,0,0,0,2,49,mismatch(e976b219!=21d0f8b0),load-fail-module-layout,load-fail-crc,mem_alloc_profiling_key=crc(8ee1928d!=0f05f001);kmalloc_caches=crc(d6ce5659!=efe8a82e);__kmalloc_cache_noprof=crc(6cc46e45!=e17134b6);_printk=crc(16b5b21d!=92997ed8);devm_pinctrl_get=crc(b0d7647e!=1205e506);pinctrl_lookup_state=crc(4a59b739!=20dda19c);of_get_named_gpio=crc(08f8b82c!=5e292cf6);proc_create_data=crc(a7a03b02!=a2fa95a0)
oplus_network_game_first,oplus_network_game_first,/home/jmulesa/android/lineage/device/oneplus/infiniti-kernel/oplus_network_game_first.ko,network,0,0,19,0,0,0,0,19,mismatch(e976b219!=21d0f8b0),load-fail-module-layout,load-fail-crc,init_net=crc(853101e3!=1e93e6e1);nf_register_net_hooks=crc(43c0d9ee!=ecf29858);register_net_sysctl_sz=crc(de090a90!=23079474);genl_register_family=crc(576db919!=10e9b022);nf_unregister_net_hooks=crc(58be22b4!=ccf1f61a);unregister_net_sysctl_table=crc(7a4f524e!=5ac8c04c);_printk=crc(16b5b21d!=92997ed8);genl_unregister_family=crc(66601109!=179a0b99)
oplus_network_kernel_state_monitor,oplus_network_kernel_state_monitor,/home/jmulesa/android/lineage/device/oneplus/infiniti-kernel/oplus_network_kernel_state_monitor.ko,network,0,0,24,0,0,0,1,23,mismatch(e976b219!=21d0f8b0),load-fail-module-layout,load-fail-crc,_printk=crc(16b5b21d!=92997ed8);register_pm_notifier=crc(0a227d4d!=75966ec2);__platform_driver_register=crc(26d0cf2d!=12db679a);__register_chrdev=crc(2805073e!=66431d1b);class_create=crc(934914c3!=6fe9dcd4);device_create=crc(ecc3b985!=9b1faacb);class_destroy=crc(0eaa09a8!=ef27af6b);__unregister_chrdev=crc(52e65492!=6bc3fbc0)
oplus_network_linkpower_module,oplus_network_linkpower_module,/home/jmulesa/android/lineage/device/oneplus/infiniti-kernel/oplus_network_linkpower_module.ko,network,0,0,96,0,0,0,15,81,mismatch(e976b219!=21d0f8b0),load-fail-module-layout,load-fail-crc,_raw_spin_lock_bh=crc(7c62d7bb!=0c3690fc);_raw_spin_unlock_bh=crc(7c62d7bb!=e46021ca);_printk=crc(16b5b21d!=92997ed8);memset=crc(110f4d3a!=dcb764ad);skb_copy_bits=crc(f958eb46!=b155103a);memcpy=crc(8a7493b2!=4829a47e);bcmp=crc(5bf0d3e8!=263c3152);__stack_chk_fail=crc(d272d446!=f0fdf6cb)
oplus_network_nfc_thn31,oplus_network_nfc_thn31,/home/jmulesa/android/lineage/device/oneplus/infiniti-kernel/oplus_network_nfc_thn31.ko,network,0,0,103,0,0,0,0,103,mismatch(e976b219!=21d0f8b0),load-fail-module-layout,load-fail-crc,_raw_spin_lock_irqsave=crc(aa615763!=34db050b);_raw_spin_unlock_irqrestore=crc(582af1c8!=d35cce70);proc_create=crc(bcb84f5d!=b4028d67);_printk=crc(16b5b21d!=92997ed8);single_open=crc(d34d4b7a!=8b9c34da);seq_printf=crc(8b6a8169!=c8f2ae9d);seq_read=crc(6a5ad82b!=69cfdbb0);seq_lseek=crc(e22a5996!=e7ce721f)
oplus_network_oem_qmi,oplus_network_oem_qmi,/home/jmulesa/android/lineage/device/oneplus/infiniti-kernel/oplus_network_oem_qmi.ko,network,1,0,32,0,0,0,0,32,mismatch(e976b219!=21d0f8b0),load-fail-module-layout,load-fail-crc,mem_alloc_profiling_key=crc(8ee1928d!=0f05f001);kmalloc_caches=crc(d6ce5659!=efe8a82e);__kmalloc_cache_noprof=crc(6cc46e45!=e17134b6);kfree=crc(31359e90!=037a0cba);__stack_chk_fail=crc(d272d446!=f0fdf6cb);mutex_lock=crc(995658e3!=d5977bfb);_printk=crc(16b5b21d!=92997ed8);qmi_txn_init=crc(f0cd9030!=f92cee91)
oplus_network_qr_scan,oplus_network_qr_scan,/home/jmulesa/android/lineage/device/oneplus/infiniti-kernel/oplus_network_qr_scan.ko,network,0,0,23,0,0,0,0,23,mismatch(e976b219!=21d0f8b0),load-fail-module-layout,load-fail-crc,_printk=crc(16b5b21d!=92997ed8);genl_register_family=crc(576db919!=10e9b022);init_net=crc(853101e3!=1e93e6e1);nf_register_net_hooks=crc(43c0d9ee!=ecf29858);genl_unregister_family=crc(66601109!=179a0b99);nf_unregister_net_hooks=crc(58be22b4!=ccf1f61a);_raw_spin_lock_bh=crc(7c62d7bb!=0c3690fc);_raw_spin_unlock_bh=crc(7c62d7bb!=e46021ca)
oplus_network_rf_cable_monitor,oplus_network_rf_cable_monitor,/home/jmulesa/android/lineage/device/oneplus/infiniti-kernel/oplus_network_rf_cable_monitor.ko,network,1,0,30,0,0,0,1,29,mismatch(e976b219!=21d0f8b0),load-fail-module-layout,load-fail-crc,gpio_to_desc=crc(a49e2188!=07183fe6);gpiod_get_raw_value=crc(8fdfd4d8!=a191ccd1);sprintf=crc(69b7acda!=3c3ff9fd);__check_object_size=crc(5c76e3f3!=88db9f48);__arch_copy_to_user=crc(1f42c609!=9a85eebb);__copy_overflow=crc(259423b0!=7682ba4e);__stack_chk_fail=crc(d272d446!=f0fdf6cb);__platform_driver_register=crc(26d0cf2d!=12db679a)
oplus_network_satellite,oplus_network_satellite,/home/jmulesa/android/lineage/device/oneplus/infiniti-kernel/oplus_network_satellite.ko,network,0,0,40,0,0,0,0,40,mismatch(e976b219!=21d0f8b0),load-fail-module-layout,load-fail-crc,_printk=crc(16b5b21d!=92997ed8);gpio_to_desc=crc(a49e2188!=07183fe6);gpiod_to_irq=crc(8fdfd4d8!=7ec9701a);request_threaded_irq=crc(c407eb52!=92d5838e);irq_set_irq_wake=crc(fe9be5a6!=ce2840e7);pm_wakeup_ws_event=crc(fc8c6e4e!=bede130a);kill_fasync=crc(7fdb15c5!=5f1c5ee2);__platform_driver_register=crc(26d0cf2d!=12db679a)
oplus_network_satellite_hl7603,oplus_network_satellite_hl7603,/home/jmulesa/android/lineage/device/oneplus/infiniti-kernel/oplus_network_satellite_hl7603.ko,network,0,0,10,0,0,0,0,10,mismatch(e976b219!=21d0f8b0),load-fail-module-layout,load-fail-crc,i2c_smbus_write_byte_data=crc(43bdb534!=3c8b212f);_printk=crc(16b5b21d!=92997ed8);i2c_smbus_read_byte_data=crc(146604cd!=09ce5d6c);of_property_read_variable_u32_array=crc(5de0294f!=e136f93c);i2c_register_driver=crc(6f0760fb!=2ff78d9b);i2c_del_driver=crc(ef821497!=84dd786f);devm_kmalloc=crc(d1263f9d!=c8c7229e);devm_kfree=crc(963fe25e!=5a6368f5)
oplus_network_satellite_rpc,oplus_network_satellite_rpc,/home/jmulesa/android/lineage/device/oneplus/infiniti-kernel/oplus_network_satellite_rpc.ko,network,0,0,37,0,0,0,0,37,mismatch(e976b219!=21d0f8b0),load-fail-module-layout,load-fail-crc,_printk=crc(16b5b21d!=92997ed8);gpio_to_desc=crc(a49e2188!=07183fe6);gpiod_to_irq=crc(8fdfd4d8!=7ec9701a);request_threaded_irq=crc(c407eb52!=92d5838e);irq_set_irq_wake=crc(fe9be5a6!=ce2840e7);pm_wakeup_ws_event=crc(fc8c6e4e!=bede130a);kill_fasync=crc(7fdb15c5!=5f1c5ee2);__platform_driver_register=crc(26d0cf2d!=12db679a)
oplus_network_satellite_rsmc,oplus_network_satellite_rsmc,/home/jmulesa/android/lineage/device/oneplus/infiniti-kernel/oplus_network_satellite_rsmc.ko,network,0,0,84,0,0,0,0,84,mismatch(e976b219!=21d0f8b0),load-fail-module-layout,load-fail-crc,of_find_compatible_node=crc(730d7351!=f3cdc3c6);of_find_property=crc(9a0c7532!=6b201699);_printk=crc(16b5b21d!=92997ed8);kthread_create_on_node=crc(7672ba8d!=ba0aee2e);wake_up_process=crc(b40d9875!=ce5bc4d0);regmap_update_bits_base=crc(807ee877!=576b05bf);gpio_to_desc=crc(a49e2188!=07183fe6);gpiod_set_raw_value=crc(ffbbe456!=64748600)
oplus_network_sched,oplus_network_sched,/home/jmulesa/android/lineage/device/oneplus/infiniti-kernel/oplus_network_sched.ko,network,0,0,49,0,0,0,0,49,mismatch(e976b219!=21d0f8b0),load-fail-module-layout,load-fail-crc,_printk=crc(16b5b21d!=92997ed8);register_qdisc=crc(8cfed007!=5b0f0aca);unregister_qdisc=crc(b00b69c3!=981b633b);tcf_classify=crc(40692198!=7705339f);__stack_chk_fail=crc(d272d446!=f0fdf6cb);ktime_get=crc(ff9a6e5c!=b43f9365);qdisc_watchdog_schedule_range_ns=crc(b21001fc!=34dcb3b5);alt_cb_patch_nops=crc(b8c8345a!=a65c6def)
oplus_network_score,oplus_network_score,/home/jmulesa/android/lineage/device/oneplus/infiniti-kernel/oplus_network_score.ko,network,0,0,39,0,0,0,1,38,mismatch(e976b219!=21d0f8b0),load-fail-module-layout,load-fail-crc,ktime_get=crc(ff9a6e5c!=b43f9365);_raw_spin_lock_bh=crc(7c62d7bb!=0c3690fc);_printk=crc(16b5b21d!=92997ed8);jiffies=crc(f2a4b08a!=15ba50a6);jiffies_to_msecs=crc(693ab53d!=37befc70);kfree=crc(31359e90!=037a0cba);_raw_spin_unlock_bh=crc(7c62d7bb!=e46021ca);__stack_chk_fail=crc(d272d446!=f0fdf6cb)
oplus_network_sim_detect,oplus_network_sim_detect,/home/jmulesa/android/lineage/device/oneplus/infiniti-kernel/oplus_network_sim_detect.ko,network,1,0,20,0,0,0,1,19,mismatch(e976b219!=21d0f8b0),load-fail-module-layout,load-fail-crc,__platform_driver_register=crc(26d0cf2d!=12db679a);platform_driver_unregister=crc(8af50346!=6fc35f2b);_printk=crc(16b5b21d!=92997ed8);devm_kmalloc=crc(d1263f9d!=c8c7229e);of_get_named_gpio=crc(08f8b82c!=5e292cf6);proc_create_data=crc(a7a03b02!=a2fa95a0);of_property_read_string=crc(fc9f25c0!=af7cb74b);strcmp=crc(f5df0401!=e2d5255a)
oplus_network_snapshot,oplus_network_snapshot,/home/jmulesa/android/lineage/device/oneplus/infiniti-kernel/oplus_network_snapshot.ko,network,0,0,44,0,0,0,17,27,mismatch(e976b219!=21d0f8b0),load-fail-module-layout,load-fail-crc,init_net=crc(853101e3!=1e93e6e1);nf_register_net_hooks=crc(43c0d9ee!=ecf29858);_printk=crc(16b5b21d!=92997ed8);register_netlink_request=missing;nf_unregister_net_hooks=crc(58be22b4!=ccf1f61a);init_timer_key=crc(534026f3!=c6f46339);jiffies=crc(f2a4b08a!=15ba50a6);mod_timer=crc(03dbf6a5!=c38c83b8)
oplus_network_stats_calc,oplus_network_stats_calc,/home/jmulesa/android/lineage/device/oneplus/infiniti-kernel/oplus_network_stats_calc.ko,network,0,0,29,0,0,0,0,29,mismatch(e976b219!=21d0f8b0),load-fail-module-layout,load-fail-crc,genl_register_family=crc(576db919!=10e9b022);_printk=crc(16b5b21d!=92997ed8);init_net=crc(853101e3!=1e93e6e1);nf_register_net_hooks=crc(43c0d9ee!=ecf29858);genl_unregister_family=crc(66601109!=179a0b99);register_net_sysctl_sz=crc(de090a90!=23079474);nf_unregister_net_hooks=crc(58be22b4!=ccf1f61a);unregister_net_sysctl_table=crc(7a4f524e!=5ac8c04c)
oplus_network_tcpdump_enhance,oplus_network_tcpdump_enhance,/home/jmulesa/android/lineage/device/oneplus/infiniti-kernel/oplus_network_tcpdump_enhance.ko,network,0,0,27,0,0,0,0,27,mismatch(e976b219!=21d0f8b0),load-fail-module-layout,load-fail-crc,init_net=crc(853101e3!=1e93e6e1);nf_register_net_hooks=crc(43c0d9ee!=ecf29858);_printk=crc(16b5b21d!=92997ed8);nf_unregister_net_hooks=crc(58be22b4!=ccf1f61a);timer_delete_sync=crc(5f54576f!=82ee90dc);init_timer_key=crc(534026f3!=c6f46339);jiffies=crc(f2a4b08a!=15ba50a6);mod_timer=crc(03dbf6a5!=c38c83b8)
oplus_network_tuning,oplus_network_tuning,/home/jmulesa/android/lineage/device/oneplus/infiniti-kernel/oplus_network_tuning.ko,network,0,0,53,0,0,0,12,41,mismatch(e976b219!=21d0f8b0),load-fail-module-layout,load-fail-crc,_raw_spin_lock_bh=crc(7c62d7bb!=0c3690fc);_printk=crc(16b5b21d!=92997ed8);_raw_spin_unlock_bh=crc(7c62d7bb!=e46021ca);preempt_schedule_notrace=crc(d272d446!=f70e4a4d);strncmp=crc(d6761c95!=5a921311);netlink__proto__response_message__get_packed_size=missing;mem_alloc_profiling_key=crc(8ee1928d!=0f05f001);__kmalloc_noprof=crc(27865ec7!=52c5c991)
oplus_network_vip_task,oplus_network_vip_task,/home/jmulesa/android/lineage/device/oneplus/infiniti-kernel/oplus_network_vip_task.ko,network,0,0,36,0,0,0,8,28,mismatch(e976b219!=21d0f8b0),load-fail-module-layout,load-fail-crc,netlink__proto__notify_message__get_packed_size=missing;mem_alloc_profiling_key=crc(8ee1928d!=0f05f001);__kmalloc_noprof=crc(27865ec7!=52c5c991);netlink__proto__notify_message__pack=missing;notify_netlink_event=missing;kfree=crc(31359e90!=037a0cba);_printk=crc(16b5b21d!=92997ed8);__stack_chk_fail=crc(d272d446!=f0fdf6cb)
oplus_network_vnet,oplus_network_vnet,/home/jmulesa/android/lineage/device/oneplus/infiniti-kernel/oplus_network_vnet.ko,network,0,0,40,0,0,0,0,40,mismatch(e976b219!=21d0f8b0),load-fail-module-layout,load-fail-crc,_printk=crc(16b5b21d!=92997ed8);memset=crc(110f4d3a!=dcb764ad);rtnl_lock=crc(d272d446!=c7a4fbed);__rtnl_link_register=crc(06573fd1!=83a6707c);alloc_netdev_mqs=crc(40ffd6be!=941d9b86);register_netdevice=crc(a72c5044!=825d964d);rtnl_unlock=crc(d272d446!=6e720ff2);init_net=crc(853101e3!=1e93e6e1)
oplus_nfc,oplus_nfc,/home/jmulesa/android/lineage/device/oneplus/infiniti-kernel/oplus_nfc.ko,misc,0,0,28,0,0,0,2,26,mismatch(e976b219!=21d0f8b0),load-fail-module-layout,load-fail-crc,_printk=crc(16b5b21d!=92997ed8);strstr=crc(719e716c!=1e6d26a8);__platform_driver_register=crc(26d0cf2d!=12db679a);platform_driver_unregister=crc(8af50346!=6fc35f2b);of_property_read_variable_u32_array=crc(5de0294f!=e136f93c);mem_alloc_profiling_key=crc(8ee1928d!=0f05f001);__kmalloc_noprof=crc(27865ec7!=52c5c991);__stack_chk_fail=crc(d272d446!=f0fdf6cb)
oplus_overlay,oplus_overlay,/home/jmulesa/android/lineage/device/oneplus/infiniti-kernel/oplus_overlay.ko,misc,0,0,215,0,0,0,0,215,mismatch(e976b219!=21d0f8b0),load-fail-module-layout,load-fail-crc,vfs_listxattr=crc(147e5969!=f4ce0afc);mem_alloc_profiling_key=crc(8ee1928d!=0f05f001);__kvmalloc_node_noprof=crc(08eff872!=31f2a14c);kvfree_call_rcu=crc(8bc85faa!=44c10a52);strnlen=crc(b5bedffb!=a916b694);security_inode_copy_up_xattr=crc(0ca8fce0!=3197009f);strcmp=crc(f5df0401!=e2d5255a);vfs_getxattr=crc(46a5910b!=9d80212d)
oplus_patch,oplus_patch,/home/jmulesa/android/lineage/device/oneplus/infiniti-kernel/oplus_patch.ko,misc,0,0,40,0,0,0,0,40,mismatch(e976b219!=21d0f8b0),load-fail-module-layout,load-fail-crc,_raw_spin_lock_irqsave=crc(aa615763!=34db050b);__get_task_comm=crc(18ad0c07!=ff2cba95);strnlen=crc(b5bedffb!=a916b694);sized_strscpy=crc(8f8e273c!=476b165a);_raw_spin_unlock_irqrestore=crc(582af1c8!=d35cce70);__fortify_panic=crc(31b67631!=75ca79b5);mutex_lock=crc(995658e3!=d5977bfb);strcmp=crc(f5df0401!=e2d5255a)
oplus_power_hook,oplus_power_hook,/home/jmulesa/android/lineage/device/oneplus/infiniti-kernel/oplus_power_hook.ko,misc,0,0,37,0,0,0,0,37,mismatch(e976b219!=21d0f8b0),load-fail-module-layout,load-fail-crc,memset=crc(110f4d3a!=dcb764ad);strncpy=crc(11ce17c6!=9166fada);alloc_workqueue=crc(c531e61f!=49cd25ed);register_kretprobe=crc(2a38fe47!=91d6dc40);_printk=crc(16b5b21d!=92997ed8);register_kprobe=crc(cca4d86f!=0472cf3b);proc_create=crc(bcb84f5d!=b4028d67);_raw_spin_lock_bh=crc(7c62d7bb!=0c3690fc)
oplus_rpmh_statics,oplus_rpmh_statics,/home/jmulesa/android/lineage/device/oneplus/infiniti-kernel/oplus_rpmh_statics.ko,misc,0,0,15,0,0,0,0,15,mismatch(e976b219!=21d0f8b0),load-fail-module-layout,load-fail-crc,_printk=crc(16b5b21d!=92997ed8);of_find_matching_node_and_match=crc(02b96e10!=bef74f76);get_drvdata=crc(35032efa!=b46b756d);kobject_create_and_add=crc(3e531720!=2d405891);sysfs_create_file_ns=crc(73909de4!=42aac25f);__stack_chk_fail=crc(d272d446!=f0fdf6cb);sysfs_remove_file_ns=crc(ff358721!=92495308);kobject_del=crc(1291a453!=babc5cdd)
oplus_secure_common,oplus_secure_common,/home/jmulesa/android/lineage/device/oneplus/infiniti-kernel/oplus_secure_common.ko,misc,1,0,29,0,0,0,0,29,mismatch(e976b219!=21d0f8b0),load-fail-module-layout,load-fail-crc,arm64_use_ng_mappings=crc(3239fbdb!=af56600a);ioremap_prot=crc(c948ac44!=40863ba1);iounmap=crc(fbb66790!=edc03953);_printk=crc(16b5b21d!=92997ed8);__platform_driver_register=crc(26d0cf2d!=12db679a);platform_driver_unregister=crc(8af50346!=6fc35f2b);devm_kmalloc=crc(d1263f9d!=c8c7229e);_dev_err=crc(6b10178d!=b4ce05a5)
oplus_secure_guard_new,oplus_secure_guard_new,/home/jmulesa/android/lineage/device/oneplus/infiniti-kernel/oplus_secure_guard_new.ko,misc,0,0,43,0,0,0,1,42,mismatch(e976b219!=21d0f8b0),load-fail-module-layout,load-fail-crc,mem_alloc_profiling_key=crc(8ee1928d!=0f05f001);get_free_pages_noprof=crc(6ef23d5a!=ccf69887);d_path=crc(2143f9a4!=df6c3c57);strncmp=crc(d6761c95!=5a921311);free_pages=crc(30def38b!=4302d0eb);sprintf=crc(69b7acda!=3c3ff9fd);_printk=crc(16b5b21d!=92997ed8);find_task_by_vpid=crc(2c7840a3!=29161415)
oplus_sensor_deviceinfo,oplus_sensor_deviceinfo,/home/jmulesa/android/lineage/device/oneplus/infiniti-kernel/oplus_sensor_deviceinfo.ko,misc,1,0,42,0,0,0,1,41,mismatch(e976b219!=21d0f8b0),load-fail-module-layout,load-fail-crc,_printk=crc(16b5b21d!=92997ed8);mem_alloc_profiling_key=crc(8ee1928d!=0f05f001);kmalloc_caches=crc(d6ce5659!=efe8a82e);__kmalloc_cache_noprof=crc(6cc46e45!=e17134b6);proc_mkdir=crc(17dad4e0!=7518b5f0);proc_create=crc(bcb84f5d!=b4028d67);kfree=crc(31359e90!=037a0cba);stpcpy=crc(ae0e3bb4!=f4db35bc)
oplus_sensor_feedback,oplus_sensor_feedback,/home/jmulesa/android/lineage/device/oneplus/infiniti-kernel/oplus_sensor_feedback.ko,misc,1,0,43,0,0,0,1,42,mismatch(e976b219!=21d0f8b0),load-fail-module-layout,load-fail-crc,_printk=crc(16b5b21d!=92997ed8);kasprintf=crc(ee6b5fe5!=fb384d37);kobject_uevent_env=crc(37679765!=c54855de);__stack_chk_fail=crc(d272d446!=f0fdf6cb);_raw_spin_lock=crc(7c62d7bb!=ba8fbd64);_raw_spin_unlock=crc(7c62d7bb!=b5b54b34);snprintf=crc(f4386284!=656e4a6e);sscanf=crc(f5197fd4!=bcab6ee6)
oplus_sensor_interact,oplus_sensor_interact,/home/jmulesa/android/lineage/device/oneplus/infiniti-kernel/oplus_sensor_interact.ko,misc,1,0,47,0,0,0,1,46,mismatch(e976b219!=21d0f8b0),load-fail-module-layout,load-fail-crc,_raw_spin_lock=crc(7c62d7bb!=ba8fbd64);_raw_spin_unlock=crc(7c62d7bb!=b5b54b34);_printk=crc(16b5b21d!=92997ed8);sprintf=crc(69b7acda!=3c3ff9fd);sscanf=crc(f5197fd4!=bcab6ee6);__stack_chk_fail=crc(d272d446!=f0fdf6cb);snprintf=crc(f4386284!=656e4a6e);_raw_spin_lock_irqsave=crc(aa615763!=34db050b)
oplus_sensor_ir_core,oplus_sensor_ir_core,/home/jmulesa/android/lineage/device/oneplus/infiniti-kernel/oplus_sensor_ir_core.ko,misc,1,0,30,0,0,0,0,30,mismatch(e976b219!=21d0f8b0),load-fail-module-layout,load-fail-crc,_printk=crc(16b5b21d!=92997ed8);panic=crc(1127e91b!=f1e046cc);__platform_driver_register=crc(26d0cf2d!=12db679a);platform_driver_unregister=crc(8af50346!=6fc35f2b);mem_alloc_profiling_key=crc(8ee1928d!=0f05f001);kmalloc_caches=crc(d6ce5659!=efe8a82e);__kmalloc_cache_noprof=crc(6cc46e45!=e17134b6);misc_register=crc(d9a13df1!=25758a2c)
oplus_sensor_kookong_ir_spi,oplus_sensor_kookong_ir_spi,/home/jmulesa/android/lineage/device/oneplus/infiniti-kernel/oplus_sensor_kookong_ir_spi.ko,misc,1,0,19,0,0,0,3,16,mismatch(e976b219!=21d0f8b0),load-fail-module-layout,load-fail-crc,_printk=crc(16b5b21d!=92997ed8);memset=crc(110f4d3a!=dcb764ad);mem_alloc_profiling_key=crc(8ee1928d!=0f05f001);__alloc_pages_noprof=crc(4a725814!=a0469683);kasan_flag_enabled=crc(8ee1928d!=a6f6226c);oplus_ir_to_hw_data=missing;spi_sync=crc(4ad5af94!=56f996ba);__free_pages=crc(d6fc32c6!=70c2b594)
oplus_standby_netlink,oplus_standby_netlink,/home/jmulesa/android/lineage/device/oneplus/infiniti-kernel/oplus_standby_netlink.ko,misc,0,0,22,0,0,0,4,18,mismatch(e976b219!=21d0f8b0),load-fail-module-layout,load-fail-crc,__alloc_skb=crc(f9414958!=f4b23bfd);genlmsg_put=crc(a1bf231c!=fc2ec3dd);sk_skb_reason_drop=crc(3334991b!=dcf2c89b);_printk=crc(16b5b21d!=92997ed8);strlen=crc(90d19584!=98cf60b3);nla_put=crc(d7e32719!=f9a61ed4);kfree=crc(31359e90!=037a0cba);netlink_unicast=crc(89ebab58!=5e1830c0)
oplus_sync_fence,oplus_sync_fence,/home/jmulesa/android/lineage/device/oneplus/infiniti-kernel/oplus_sync_fence.ko,misc,1,0,61,0,0,0,0,61,mismatch(e976b219!=21d0f8b0),load-fail-module-layout,load-fail-crc,strlen=crc(90d19584!=98cf60b3);trace_event_buffer_reserve=crc(40964d00!=29eba14a);memcpy=crc(8a7493b2!=4829a47e);trace_event_buffer_commit=crc(ffe3783c!=2fc1082e);__trace_trigger_soft_disabled=crc(cb5e01d7!=0fd10466);__stack_chk_fail=crc(d272d446!=f0fdf6cb);perf_trace_buf_alloc=crc(231ad1b8!=2d2c902f);perf_trace_run_bpf_submit=crc(2a290ade!=c61f330d)
oplus_sys_hans,oplus_sys_hans,/home/jmulesa/android/lineage/device/oneplus/infiniti-kernel/oplus_sys_hans.ko,misc,0,0,48,0,0,0,0,48,mismatch(e976b219!=21d0f8b0),load-fail-module-layout,load-fail-crc,sized_strscpy=crc(8f8e273c!=476b165a);__alloc_skb=crc(f9414958!=f4b23bfd);genlmsg_put=crc(a1bf231c!=fc2ec3dd);nla_put=crc(d7e32719!=f9a61ed4);init_net=crc(853101e3!=1e93e6e1);netlink_unicast=crc(89ebab58!=5e1830c0);_printk=crc(16b5b21d!=92997ed8);sk_skb_reason_drop=crc(3334991b!=dcf2c89b)
oplus_sys_stability_helper,oplus_sys_stability_helper,/home/jmulesa/android/lineage/device/oneplus/infiniti-kernel/oplus_sys_stability_helper.ko,misc,0,0,75,0,0,0,0,75,mismatch(e976b219!=21d0f8b0),load-fail-module-layout,load-fail-crc,___ratelimit=crc(a3384a5c!=f5edea2e);kmem_cache_free=crc(a538a198!=461e85df);_printk=crc(16b5b21d!=92997ed8);__stack_chk_fail=crc(d272d446!=f0fdf6cb);__rcu_read_lock=crc(d272d446!=8d522714);__rcu_read_unlock=crc(d272d446!=2469810f);strcmp=crc(f5df0401!=e2d5255a);ktime_get=crc(ff9a6e5c!=b43f9365)
oplus_typec_switch_i2c,oplus_typec_switch_i2c,/home/jmulesa/android/lineage/device/oneplus/infiniti-kernel/oplus_typec_switch_i2c.ko,misc,0,0,42,0,0,0,4,38,mismatch(e976b219!=21d0f8b0),load-fail-module-layout,load-fail-crc,i2c_find_device_by_fwnode=crc(c0f0f844!=51327dcc);_printk=crc(16b5b21d!=92997ed8);_dev_info=crc(6b10178d!=401167cc);blocking_notifier_chain_register=crc(bde3e279!=d9051672);mutex_lock=crc(995658e3!=d5977bfb);usleep_range_state=crc(fdbae8c6!=c3055d20);regmap_write=crc(8b1835dc!=6b883e5a);regmap_read=crc(23aa8f00!=64311477)
oplus_uprobe,oplus_uprobe,/home/jmulesa/android/lineage/device/oneplus/infiniti-kernel/oplus_uprobe.ko,misc,0,0,50,0,0,0,1,49,mismatch(e976b219!=21d0f8b0),load-fail-module-layout,load-fail-crc,init_task=crc(35075030!=73caefdc);strcmp=crc(f5df0401!=e2d5255a);strchr=crc(c5f883ea!=349cba85);pr_storage=missing;mem_alloc_profiling_key=crc(8ee1928d!=0f05f001);kmalloc_caches=crc(d6ce5659!=efe8a82e);__kmalloc_cache_noprof=crc(6cc46e45!=e17134b6);strstr=crc(719e716c!=1e6d26a8)
oplus_wifi_wsa,oplus_wifi_wsa,/home/jmulesa/android/lineage/device/oneplus/infiniti-kernel/oplus_wifi_wsa.ko,misc,0,0,14,0,0,0,0,14,mismatch(e976b219!=21d0f8b0),load-fail-module-layout,load-fail-crc,__platform_driver_register=crc(26d0cf2d!=12db679a);genl_register_family=crc(576db919!=10e9b022);_printk=crc(16b5b21d!=92997ed8);genl_unregister_family=crc(66601109!=179a0b99);platform_driver_unregister=crc(8af50346!=6fc35f2b);kstrtoll=crc(43dff603!=3854774b);pinctrl_select_state=crc(5be6d775!=54325131);__const_udelay=crc(b7d17430!=eae3dfd6)
oplus_wificapcenter,oplus_wificapcenter,/home/jmulesa/android/lineage/device/oneplus/infiniti-kernel/oplus_wificapcenter.ko,misc,0,0,18,0,0,0,0,18,mismatch(e976b219!=21d0f8b0),load-fail-module-layout,load-fail-crc,_printk=crc(16b5b21d!=92997ed8);genl_register_family=crc(576db919!=10e9b022);init_timer_key=crc(534026f3!=c6f46339);genl_unregister_family=crc(66601109!=179a0b99);timer_delete=crc(5f54576f!=dc0e4855);mutex_lock=crc(995658e3!=d5977bfb);mutex_unlock=crc(995658e3!=ed55cabd);memset=crc(110f4d3a!=dcb764ad)
oplus_wq_dynamic_priority,oplus_wq_dynamic_priority,/home/jmulesa/android/lineage/device/oneplus/infiniti-kernel/oplus_wq_dynamic_priority.ko,misc,0,0,18,0,0,0,1,17,mismatch(e976b219!=21d0f8b0),load-fail-module-layout,load-fail-crc,register_kprobe=crc(cca4d86f!=0472cf3b);for_each_kernel_tracepoint=crc(9f72f693!=10a09bd4);alloc_workqueue_attrs=crc(4759e293!=4d63c3db);alloc_workqueue=crc(c531e61f!=49cd25ed);destroy_workqueue=crc(c3325950!=8c03d20c);free_workqueue_attrs=crc(593f24c0!=f33f16d3);_printk=crc(16b5b21d!=92997ed8);tracepoint_probe_unregister=crc(15cb871d!=7aba1ef6)
osml_monitor,osml_monitor,/home/jmulesa/android/lineage/device/oneplus/infiniti-kernel/osml_monitor.ko,misc,0,0,78,0,0,0,0,78,mismatch(e976b219!=21d0f8b0),load-fail-module-layout,load-fail-crc,_printk=crc(16b5b21d!=92997ed8);__cpu_possible_mask=crc(4e994f70!=de7ece30);__sw_hweight64=crc(be1fa9a4!=9f46ced8);cpu_topology=crc(545a6fb7!=e4bc4b09);proc_create=crc(bcb84f5d!=b4028d67);kthread_create_on_node=crc(7672ba8d!=ba0aee2e);wake_up_process=crc(b40d9875!=ce5bc4d0);alloc_workqueue=crc(c531e61f!=49cd25ed)
panel_event_notifier,panel_event_notifier,/home/jmulesa/android/lineage/device/oneplus/infiniti-kernel/panel_event_notifier.ko,misc,1,0,4,0,0,0,0,4,mismatch(e976b219!=21d0f8b0),load-fail-module-layout,load-fail-crc,mutex_lock=crc(995658e3!=d5977bfb);mutex_unlock=crc(995658e3!=ed55cabd);_printk=crc(16b5b21d!=92997ed8);module_layout=crc(e976b219!=21d0f8b0)
pci-msm-drv,pci_msm_drv,/home/jmulesa/android/lineage/device/oneplus/infiniti-kernel/pci-msm-drv.ko,misc,1,0,201,0,0,0,4,197,mismatch(e976b219!=21d0f8b0),load-fail-module-layout,load-fail-crc,_raw_spin_lock_irqsave=crc(aa615763!=34db050b);_raw_spin_unlock_irqrestore=crc(582af1c8!=d35cce70);log_write_mmio=crc(295b83ed!=c905402b);log_post_write_mmio=crc(295b83ed!=fa4d3c24);__of_parse_phandle_with_args=crc(e99699d5!=1fec5304);of_device_is_compatible=crc(c993f0e5!=2077fc84);of_find_property=crc(9a0c7532!=6b201699);mem_alloc_profiling_key=crc(8ee1928d!=0f05f001)
pcie-pdc,pcie_pdc,/home/jmulesa/android/lineage/device/oneplus/infiniti-kernel/pcie-pdc.ko,misc,1,0,9,0,0,0,0,9,mismatch(e976b219!=21d0f8b0),load-fail-module-layout,load-fail-crc,_raw_spin_lock_irqsave=crc(aa615763!=34db050b);_raw_spin_unlock_irqrestore=crc(582af1c8!=d35cce70);__platform_driver_register=crc(26d0cf2d!=12db679a);platform_driver_unregister=crc(8af50346!=6fc35f2b);log_write_mmio=crc(295b83ed!=c905402b);log_post_write_mmio=crc(295b83ed!=fa4d3c24);devm_platform_ioremap_resource=crc(acb53535!=329da95b);of_device_get_match_data=crc(be4e2011!=14fe5355)
pdr_interface,pdr_interface,/home/jmulesa/android/lineage/device/oneplus/infiniti-kernel/pdr_interface.ko,misc,1,0,46,0,0,0,0,46,mismatch(e976b219!=21d0f8b0),load-fail-module-layout,load-fail-crc,strlen=crc(90d19584!=98cf60b3);mem_alloc_profiling_key=crc(8ee1928d!=0f05f001);kmalloc_caches=crc(d6ce5659!=efe8a82e);__kmalloc_cache_noprof=crc(6cc46e45!=e17134b6);strnlen=crc(b5bedffb!=a916b694);sized_strscpy=crc(8f8e273c!=476b165a);mutex_lock=crc(995658e3!=d5977bfb);strcmp=crc(f5df0401!=e2d5255a)
phy-generic,phy_generic,/home/jmulesa/android/lineage/device/oneplus/infiniti-kernel/phy-generic.ko,misc,1,0,32,0,0,0,0,32,mismatch(e976b219!=21d0f8b0),load-fail-module-layout,load-fail-crc,platform_device_register_full=crc(0c789b7f!=92bc696d);__stack_chk_fail=crc(d272d446!=f0fdf6cb);platform_device_unregister=crc(34abe26a!=27ef3d1e);regulator_enable=crc(3d3e5d40!=57d5e131);gpiod_set_value_cansleep=crc(ffbbe456!=3fc99356);usleep_range_state=crc(fdbae8c6!=c3055d20);clk_prepare=crc(6b710bab!=7c9a7371);clk_enable=crc(6b710bab!=815588a6)
phy-msm-m31-eusb2,phy_msm_m31_eusb2,/home/jmulesa/android/lineage/device/oneplus/infiniti-kernel/phy-msm-m31-eusb2.ko,misc,1,0,46,0,0,0,1,45,mismatch(e976b219!=21d0f8b0),load-fail-module-layout,load-fail-crc,__platform_driver_register=crc(26d0cf2d!=12db679a);platform_driver_unregister=crc(8af50346!=6fc35f2b);devm_kmalloc=crc(d1263f9d!=c8c7229e);of_device_get_match_data=crc(be4e2011!=14fe5355);devm_usb_get_repeater_by_phandle=missing;platform_get_resource_byname=crc(cc1c0f0f!=374f8976);devm_ioremap_resource=crc(fc3a1f89!=9f0ef8fa);devm_clk_get=crc(f92eae1a!=ea23ff02)
phy-msm-ssusb-qmp,phy_msm_ssusb_qmp,/home/jmulesa/android/lineage/device/oneplus/infiniti-kernel/phy-msm-ssusb-qmp.ko,misc,1,0,42,0,0,0,0,42,mismatch(e976b219!=21d0f8b0),load-fail-module-layout,load-fail-crc,__platform_driver_register=crc(26d0cf2d!=12db679a);platform_driver_unregister=crc(8af50346!=6fc35f2b);devm_kmalloc=crc(d1263f9d!=c8c7229e);of_device_is_compatible=crc(c993f0e5!=2077fc84);devm_clk_get=crc(f92eae1a!=ea23ff02);clk_round_rate=crc(10eac6d8!=43f81957);clk_set_rate=crc(8a847c1d!=76d9b876);of_property_match_string=crc(8249f9a8!=502a8c68)
phy-qcom-emu,phy_qcom_emu,/home/jmulesa/android/lineage/device/oneplus/infiniti-kernel/phy-qcom-emu.ko,misc,1,0,20,0,0,0,0,20,mismatch(e976b219!=21d0f8b0),load-fail-module-layout,load-fail-crc,__platform_driver_register=crc(26d0cf2d!=12db679a);platform_driver_unregister=crc(8af50346!=6fc35f2b);devm_kmalloc=crc(d1263f9d!=c8c7229e);platform_get_resource=crc(1b038a1f!=3d0ffa5c);devm_ioremap_resource=crc(fc3a1f89!=9f0ef8fa);of_get_property=crc(25eb83ce!=3b1b6444);of_property_read_variable_u32_array=crc(5de0294f!=e136f93c);usb_add_phy_dev=crc(6235f5d1!=4c961c5d)
phy-qcom-eusb2-repeater,phy_qcom_eusb2_repeater,/home/jmulesa/android/lineage/device/oneplus/infiniti-kernel/phy-qcom-eusb2-repeater.ko,misc,0,0,21,0,0,0,0,21,mismatch(e976b219!=21d0f8b0),load-fail-module-layout,load-fail-crc,__platform_driver_register=crc(26d0cf2d!=12db679a);platform_driver_unregister=crc(8af50346!=6fc35f2b);devm_kmalloc=crc(d1263f9d!=c8c7229e);of_device_get_match_data=crc(be4e2011!=14fe5355);dev_get_regmap=crc(38acd0f5!=49dc0e6c);of_property_read_variable_u32_array=crc(5de0294f!=e136f93c);devm_regulator_bulk_get=crc(d29c3436!=6b391597);devm_phy_create=crc(c2a6a583!=56e33ef5)
phy-qcom-m31-eusb2,phy_qcom_m31_eusb2,/home/jmulesa/android/lineage/device/oneplus/infiniti-kernel/phy-qcom-m31-eusb2.ko,misc,0,0,37,0,0,0,0,37,mismatch(e976b219!=21d0f8b0),load-fail-module-layout,load-fail-crc,__platform_driver_register=crc(26d0cf2d!=12db679a);platform_driver_unregister=crc(8af50346!=6fc35f2b);devm_kmalloc=crc(d1263f9d!=c8c7229e);device_get_match_data=crc(baf0ac54!=90000450);devm_platform_ioremap_resource=crc(acb53535!=329da95b);devm_platform_ioremap_resource_byname=crc(06035847!=6bca1903);__devm_reset_control_get=crc(626736d3!=1051d96a);devm_clk_get=crc(f92eae1a!=ea23ff02)
phy-qcom-qmp-combo,phy_qcom_qmp_combo,/home/jmulesa/android/lineage/device/oneplus/infiniti-kernel/phy-qcom-qmp-combo.ko,misc,0,0,61,0,0,0,0,61,mismatch(e976b219!=21d0f8b0),load-fail-module-layout,load-fail-crc,__platform_driver_register=crc(26d0cf2d!=12db679a);platform_driver_unregister=crc(8af50346!=6fc35f2b);clk_set_rate=crc(8a847c1d!=76d9b876);ktime_get=crc(ff9a6e5c!=b43f9365);usleep_range_state=crc(fdbae8c6!=c3055d20);__const_udelay=crc(b7d17430!=eae3dfd6);log_write_mmio=crc(295b83ed!=c905402b);log_post_write_mmio=crc(295b83ed!=fa4d3c24)
phy-qcom-ufs-qmp-v4-canoe,phy_qcom_ufs_qmp_v4_canoe,/home/jmulesa/android/lineage/device/oneplus/infiniti-kernel/phy-qcom-ufs-qmp-v4-canoe.ko,misc,0,0,27,0,0,0,0,27,mismatch(e976b219!=21d0f8b0),load-fail-module-layout,load-fail-crc,__platform_driver_register=crc(26d0cf2d!=12db679a);platform_driver_unregister=crc(8af50346!=6fc35f2b);devm_kmalloc=crc(d1263f9d!=c8c7229e);ufs_qcom_phy_generic_probe=crc(1fd022e6!=fe603a5f);_dev_err=crc(6b10178d!=b4ce05a5);ufs_qcom_phy_init_clks=crc(c4f3e52a!=2db6f967);ufs_qcom_phy_init_vregulators=crc(c4f3e52a!=b2d60d66);ufs_qcom_phy_get_reset=crc(c4f3e52a!=a0bf5eaf)
phy-qcom-ufs-qrbtc-sdm845,phy_qcom_ufs_qrbtc_sdm845,/home/jmulesa/android/lineage/device/oneplus/infiniti-kernel/phy-qcom-ufs-qrbtc-sdm845.ko,misc,0,0,20,0,0,0,0,20,mismatch(e976b219!=21d0f8b0),load-fail-module-layout,load-fail-crc,__platform_driver_register=crc(26d0cf2d!=12db679a);platform_driver_unregister=crc(8af50346!=6fc35f2b);devm_kmalloc=crc(d1263f9d!=c8c7229e);ufs_qcom_phy_generic_probe=crc(1fd022e6!=fe603a5f);_dev_err=crc(6b10178d!=b4ce05a5);get_ufs_qcom_phy=crc(13c09ac5!=e977f758);of_property_read_variable_u32_array=crc(5de0294f!=e136f93c);arm64_use_ng_mappings=crc(3239fbdb!=af56600a)
phy-qcom-ufs,phy_qcom_ufs,/home/jmulesa/android/lineage/device/oneplus/infiniti-kernel/phy-qcom-ufs.ko,misc,0,0,41,0,0,0,0,41,mismatch(e976b219!=21d0f8b0),load-fail-module-layout,load-fail-crc,log_write_mmio=crc(295b83ed!=c905402b);log_post_write_mmio=crc(295b83ed!=fa4d3c24);reset_control_assert=crc(e9d03f05!=6c4b6684);reset_control_deassert=crc(e9d03f05!=b2210d64);_dev_err=crc(6b10178d!=b4ce05a5);platform_get_resource_byname=crc(cc1c0f0f!=374f8976);devm_ioremap_resource=crc(fc3a1f89!=9f0ef8fa);of_phy_simple_xlate=crc(420b31aa!=0e606d3f)
pinctrl-alor,pinctrl_alor,/home/jmulesa/android/lineage/device/oneplus/infiniti-kernel/pinctrl-alor.ko,misc,0,0,6,0,0,0,0,6,mismatch(e976b219!=21d0f8b0),load-fail-module-layout,load-fail-crc,__platform_driver_register=crc(26d0cf2d!=12db679a);platform_driver_unregister=crc(8af50346!=6fc35f2b);of_device_get_match_data=crc(be4e2011!=14fe5355);msm_pinctrl_probe=crc(9b7cc5a6!=218abb43);msm_pinctrl_remove=crc(f0265e8f!=73662649);module_layout=crc(e976b219!=21d0f8b0)
pinctrl-canoe,pinctrl_canoe,/home/jmulesa/android/lineage/device/oneplus/infiniti-kernel/pinctrl-canoe.ko,misc,0,0,7,0,0,0,0,7,mismatch(e976b219!=21d0f8b0),load-fail-module-layout,load-fail-crc,__platform_driver_register=crc(26d0cf2d!=12db679a);platform_driver_unregister=crc(8af50346!=6fc35f2b);of_device_get_match_data=crc(be4e2011!=14fe5355);msm_pinctrl_probe=crc(9b7cc5a6!=218abb43);msm_pinctrl_remove=crc(f0265e8f!=73662649);noirq_msm_pinctrl_dev_pm_ops=crc(fa149561!=a599443d);module_layout=crc(e976b219!=21d0f8b0)
pinctrl-chora,pinctrl_chora,/home/jmulesa/android/lineage/device/oneplus/infiniti-kernel/pinctrl-chora.ko,misc,0,0,6,0,0,0,0,6,mismatch(e976b219!=21d0f8b0),load-fail-module-layout,load-fail-crc,__platform_driver_register=crc(26d0cf2d!=12db679a);platform_driver_unregister=crc(8af50346!=6fc35f2b);of_device_get_match_data=crc(be4e2011!=14fe5355);msm_pinctrl_probe=crc(9b7cc5a6!=218abb43);msm_pinctrl_remove=crc(f0265e8f!=73662649);module_layout=crc(e976b219!=21d0f8b0)
pinctrl-msm,pinctrl_msm,/home/jmulesa/android/lineage/device/oneplus/infiniti-kernel/pinctrl-msm.ko,misc,0,0,94,0,0,0,0,94,mismatch(e976b219!=21d0f8b0),load-fail-module-layout,load-fail-crc,pinctrl_force_sleep=crc(11dfe278!=70317197);pinctrl_force_default=crc(11dfe278!=0563e315);_printk_deferred=crc(16b5b21d!=1e19eb6c);gpiochip_get_data=crc(2aaa38ba!=0f44df38);gpiochip_line_is_valid=crc(1efaf1b4!=6a97fa6a);__stack_chk_fail=crc(d272d446!=f0fdf6cb);_raw_spin_lock_irqsave=crc(aa615763!=34db050b);_raw_spin_unlock_irqrestore=crc(582af1c8!=d35cce70)
pinctrl-spmi-gpio,pinctrl_spmi_gpio,/home/jmulesa/android/lineage/device/oneplus/infiniti-kernel/pinctrl-spmi-gpio.ko,misc,1,0,41,0,0,0,0,41,mismatch(e976b219!=21d0f8b0),load-fail-module-layout,load-fail-crc,__platform_driver_register=crc(26d0cf2d!=12db679a);platform_driver_unregister=crc(8af50346!=6fc35f2b);of_property_read_variable_u32_array=crc(5de0294f!=e136f93c);device_get_match_data=crc(baf0ac54!=90000450);devm_kmalloc=crc(d1263f9d!=c8c7229e);dev_get_regmap=crc(38acd0f5!=49dc0e6c);regmap_read=crc(23aa8f00!=64311477);memcpy=crc(8a7493b2!=4829a47e)
pinctrl-spmi-mpp,pinctrl_spmi_mpp,/home/jmulesa/android/lineage/device/oneplus/infiniti-kernel/pinctrl-spmi-mpp.ko,misc,1,0,39,0,0,0,0,39,mismatch(e976b219!=21d0f8b0),load-fail-module-layout,load-fail-crc,__platform_driver_register=crc(26d0cf2d!=12db679a);platform_driver_unregister=crc(8af50346!=6fc35f2b);of_property_read_variable_u32_array=crc(5de0294f!=e136f93c);device_get_match_data=crc(baf0ac54!=90000450);devm_kmalloc=crc(d1263f9d!=c8c7229e);dev_get_regmap=crc(38acd0f5!=49dc0e6c);regmap_read=crc(23aa8f00!=64311477);memcpy=crc(8a7493b2!=4829a47e)
pinctrl_lpi_dlkm,pinctrl_lpi_dlkm,/home/jmulesa/android/lineage/device/oneplus/infiniti-kernel/pinctrl_lpi_dlkm.ko,misc,1,0,49,0,0,0,9,40,mismatch(e976b219!=21d0f8b0),load-fail-module-layout,load-fail-crc,mutex_lock=crc(995658e3!=d5977bfb);digital_cdc_rsc_mgr_hw_vote_disable=missing;mutex_unlock=crc(995658e3!=ed55cabd);__pm_runtime_disable=crc(18a6f2bd!=5c27c40f);__pm_runtime_set_status=crc(b7a7c919!=146a11fc);pm_runtime_enable=crc(5255a8ce!=d4e81a21);digital_cdc_rsc_mgr_hw_vote_enable=missing;pm_runtime_set_autosuspend_delay=crc(eed67a01!=8ad898b0)
platform_mpam,platform_mpam,/home/jmulesa/android/lineage/device/oneplus/infiniti-kernel/platform_mpam.ko,misc,1,0,34,0,0,0,7,27,mismatch(e976b219!=21d0f8b0),load-fail-module-layout,load-fail-crc,__platform_driver_register=crc(26d0cf2d!=12db679a);platform_driver_unregister=crc(8af50346!=6fc35f2b);qcom_mpam_get_version=missing;config_group_init=crc(08b36008!=4e968aa8);__mutex_init=crc(81d49dc6!=a571f6b0);configfs_register_subsystem=crc(ef521fee!=632cd30d);of_get_next_child=crc(f2308994!=7c7f271f);of_property_read_string_helper=crc(a5f75b8e!=cd6bda8d)
pm8941-pwrkey,pm8941_pwrkey,/home/jmulesa/android/lineage/device/oneplus/infiniti-kernel/pm8941-pwrkey.ko,regulator-pmic,1,0,30,0,0,0,0,30,mismatch(e976b219!=21d0f8b0),load-fail-module-layout,load-fail-crc,__platform_driver_register=crc(26d0cf2d!=12db679a);platform_driver_unregister=crc(8af50346!=6fc35f2b);of_property_read_variable_u32_array=crc(5de0294f!=e136f93c);_dev_err=crc(6b10178d!=b4ce05a5);of_find_property=crc(9a0c7532!=6b201699);devm_kmalloc=crc(d1263f9d!=c8c7229e);of_device_get_match_data=crc(be4e2011!=14fe5355);dev_get_regmap=crc(38acd0f5!=49dc0e6c)
pmic-glink-debug,pmic_glink_debug,/home/jmulesa/android/lineage/device/oneplus/infiniti-kernel/pmic-glink-debug.ko,regulator-pmic,1,0,28,0,0,0,0,28,mismatch(e976b219!=21d0f8b0),load-fail-module-layout,load-fail-crc,__platform_driver_register=crc(26d0cf2d!=12db679a);platform_driver_unregister=crc(8af50346!=6fc35f2b);devm_kmalloc=crc(d1263f9d!=c8c7229e);__mutex_init=crc(81d49dc6!=a571f6b0);__init_swait_queue_head=crc(d4e429b7!=608741b5);device_get_next_child_node=crc(eccb4a48!=9f305f6c);fwnode_property_read_string=crc(9ba07448!=cdbf39eb);strcmp=crc(f5df0401!=e2d5255a)
pmic-pon-log,pmic_pon_log,/home/jmulesa/android/lineage/device/oneplus/infiniti-kernel/pmic-pon-log.ko,regulator-pmic,0,0,16,0,0,0,3,13,mismatch(e976b219!=21d0f8b0),load-fail-module-layout,load-fail-crc,__platform_driver_register=crc(26d0cf2d!=12db679a);platform_driver_unregister=crc(8af50346!=6fc35f2b);devm_kmalloc=crc(d1263f9d!=c8c7229e);of_count_phandle_with_args=crc(8144ad5b!=b088bcfc);scnprintf=crc(f4386284!=96848186);devm_nvmem_device_get=crc(b070a40c!=3f9fdc27);_dev_err=crc(6b10178d!=b4ce05a5);nvmem_device_read=crc(9cf885fe!=96a91aed)
proxy-consumer,proxy_consumer,/home/jmulesa/android/lineage/device/oneplus/infiniti-kernel/proxy-consumer.ko,misc,0,0,24,0,0,0,0,24,mismatch(e976b219!=21d0f8b0),load-fail-module-layout,load-fail-crc,of_find_property=crc(9a0c7532!=6b201699);mutex_lock=crc(995658e3!=d5977bfb);mem_alloc_profiling_key=crc(8ee1928d!=0f05f001);kmalloc_caches=crc(d6ce5659!=efe8a82e);__kmalloc_cache_noprof=crc(6cc46e45!=e17134b6);of_property_read_variable_u32_array=crc(5de0294f!=e136f93c);of_property_read_string=crc(fc9f25c0!=af7cb74b);regulator_get=crc(5c7a3bfa!=03b28b1f)
q6_dlkm,q6_dlkm,/home/jmulesa/android/lineage/device/oneplus/infiniti-kernel/q6_dlkm.ko,audio,1,0,7,0,0,0,0,7,mismatch(e976b219!=21d0f8b0),load-fail-module-layout,load-fail-crc,atomic_notifier_chain_register=crc(d4b63632!=83b96232);atomic_notifier_chain_unregister=crc(d4b63632!=c866487b);atomic_notifier_call_chain=crc(c4b2b008!=fba03a3f);blocking_notifier_chain_register=crc(bde3e279!=d9051672);blocking_notifier_chain_unregister=crc(bde3e279!=3e54ac69);blocking_notifier_call_chain=crc(559ff49a!=482d47c8);module_layout=crc(e976b219!=21d0f8b0)
q6_notifier_dlkm,q6_notifier_dlkm,/home/jmulesa/android/lineage/device/oneplus/infiniti-kernel/q6_notifier_dlkm.ko,audio,1,0,32,0,0,0,2,30,mismatch(e976b219!=21d0f8b0),load-fail-module-layout,load-fail-crc,___ratelimit=crc(a3384a5c!=f5edea2e);strcmp=crc(f5df0401!=e2d5255a);_printk=crc(16b5b21d!=92997ed8);audio_pdr_service_deregister=missing;mutex_lock=crc(995658e3!=d5977bfb);mutex_unlock=crc(995658e3!=ed55cabd);srcu_notifier_chain_unregister=crc(032feba8!=a1a0fdd2);kfree=crc(31359e90!=037a0cba)
q6_pdr_dlkm,q6_pdr_dlkm,/home/jmulesa/android/lineage/device/oneplus/infiniti-kernel/q6_pdr_dlkm.ko,audio,1,0,5,0,0,0,0,5,mismatch(e976b219!=21d0f8b0),load-fail-module-layout,load-fail-crc,pdr_handle_alloc=crc(9f786dec!=47b2ed49);pdr_add_lookup=crc(1668891b!=432975e6);_printk=crc(16b5b21d!=92997ed8);pdr_handle_release=crc(e37e953d!=f618ca5b);module_layout=crc(e976b219!=21d0f8b0)
qbt_handler,qbt_handler,/home/jmulesa/android/lineage/device/oneplus/infiniti-kernel/qbt_handler.ko,misc,0,0,68,0,0,0,0,68,mismatch(e976b219!=21d0f8b0),load-fail-module-layout,load-fail-crc,_printk=crc(16b5b21d!=92997ed8);__platform_driver_register=crc(26d0cf2d!=12db679a);platform_driver_unregister=crc(8af50346!=6fc35f2b);devm_kmalloc=crc(d1263f9d!=c8c7229e);of_get_named_gpio=crc(08f8b82c!=5e292cf6);__mutex_init=crc(81d49dc6!=a571f6b0);alloc_chrdev_region=crc(a5dac1ce!=e3ec2f2b);cdev_init=crc(c6764f2d!=a302b90d)
qca_cld3_kiwi_v2,qca_cld3_kiwi_v2,/home/jmulesa/android/lineage/device/oneplus/infiniti-kernel/qca_cld3_kiwi_v2.ko,wlan,0,0,583,0,0,0,106,477,mismatch(e976b219!=21d0f8b0),load-fail-module-layout,load-fail-crc,scnprintf=crc(f4386284!=96848186);alt_cb_patch_nops=crc(b8c8345a!=a65c6def);_raw_spin_lock=crc(7c62d7bb!=ba8fbd64);_raw_spin_unlock=crc(7c62d7bb!=b5b54b34);_raw_spin_unlock_bh=crc(7c62d7bb!=e46021ca);_raw_spin_lock_bh=crc(7c62d7bb!=0c3690fc);sized_strscpy=crc(8f8e273c!=476b165a);__stack_chk_fail=crc(d272d446!=f0fdf6cb)
qca_cld3_peach_v2,qca_cld3_peach_v2,/home/jmulesa/android/lineage/device/oneplus/infiniti-kernel/qca_cld3_peach_v2.ko,wlan,1,0,598,0,0,0,109,489,mismatch(e976b219!=21d0f8b0),load-fail-module-layout,load-fail-crc,scnprintf=crc(f4386284!=96848186);alt_cb_patch_nops=crc(b8c8345a!=a65c6def);_raw_spin_lock=crc(7c62d7bb!=ba8fbd64);_raw_spin_unlock=crc(7c62d7bb!=b5b54b34);_raw_spin_unlock_bh=crc(7c62d7bb!=e46021ca);_raw_spin_lock_bh=crc(7c62d7bb!=0c3690fc);sized_strscpy=crc(8f8e273c!=476b165a);__stack_chk_fail=crc(d272d446!=f0fdf6cb)
qca_cld3_wcn7750,qca_cld3_wcn7750,/home/jmulesa/android/lineage/device/oneplus/infiniti-kernel/qca_cld3_wcn7750.ko,wlan,0,0,559,0,0,0,83,476,mismatch(e976b219!=21d0f8b0),load-fail-module-layout,load-fail-crc,scnprintf=crc(f4386284!=96848186);alt_cb_patch_nops=crc(b8c8345a!=a65c6def);_raw_spin_lock=crc(7c62d7bb!=ba8fbd64);_raw_spin_unlock=crc(7c62d7bb!=b5b54b34);_raw_spin_unlock_bh=crc(7c62d7bb!=e46021ca);_raw_spin_lock_bh=crc(7c62d7bb!=0c3690fc);sized_strscpy=crc(8f8e273c!=476b165a);__stack_chk_fail=crc(d272d446!=f0fdf6cb)
qce50_dlkm,qce50_dlkm,/home/jmulesa/android/lineage/device/oneplus/infiniti-kernel/qce50_dlkm.ko,secure,1,0,78,0,0,0,0,78,mismatch(e976b219!=21d0f8b0),load-fail-module-layout,load-fail-crc,_printk=crc(16b5b21d!=92997ed8);log_read_mmio=crc(f5e9ca2e!=6b722180);log_post_read_mmio=crc(ec62c96b!=0c1a5ee3);sps_bam_enable_irqs=crc(d8cedbfd!=96ccda4a);sps_bam_disable_irqs=crc(d8cedbfd!=96d962ca);sps_pipe_reset=crc(cd8e75a6!=5e208f0e);sps_disconnect=crc(4307aada!=31a85ef3);memset=crc(110f4d3a!=dcb764ad)
qcedev-mod_dlkm,qcedev_mod_dlkm,/home/jmulesa/android/lineage/device/oneplus/infiniti-kernel/qcedev-mod_dlkm.ko,secure,1,0,91,0,0,0,11,80,mismatch(e976b219!=21d0f8b0),load-fail-module-layout,load-fail-crc,mem_alloc_profiling_key=crc(8ee1928d!=0f05f001);kmalloc_caches=crc(d6ce5659!=efe8a82e);__kmalloc_cache_noprof=crc(6cc46e45!=e17134b6);kfree=crc(31359e90!=037a0cba);alt_cb_patch_nops=crc(b8c8345a!=a65c6def);__tasklet_schedule=crc(d2f2bc67!=9d2ab8ac);memcpy=crc(8a7493b2!=4829a47e);__warn_printk=crc(1127e91b!=56470118)
qcom-amoled-regulator,qcom_amoled_regulator,/home/jmulesa/android/lineage/device/oneplus/infiniti-kernel/qcom-amoled-regulator.ko,regulator-pmic,1,0,23,0,0,0,1,22,mismatch(e976b219!=21d0f8b0),load-fail-module-layout,load-fail-crc,__platform_driver_register=crc(26d0cf2d!=12db679a);platform_driver_unregister=crc(8af50346!=6fc35f2b);devm_kmalloc=crc(d1263f9d!=c8c7229e);dev_get_regmap=crc(38acd0f5!=49dc0e6c);of_get_next_available_child=crc(f2308994!=796ead29);of_find_property=crc(9a0c7532!=6b201699);__of_get_address=crc(c07a2e81!=f326a133);regmap_bulk_read=crc(230bd3d9!=33a52b38)
qcom-dcvs,qcom_dcvs,/home/jmulesa/android/lineage/device/oneplus/infiniti-kernel/qcom-dcvs.ko,misc,0,0,68,0,0,0,1,67,mismatch(e976b219!=21d0f8b0),load-fail-module-layout,load-fail-crc,mutex_lock=crc(995658e3!=d5977bfb);strcmp=crc(f5df0401!=e2d5255a);mutex_unlock=crc(995658e3!=ed55cabd);__cpu_online_mask=crc(4e994f70!=ac594e02);preempt_schedule_notrace=crc(d272d446!=f70e4a4d);__stack_chk_fail=crc(d272d446!=f0fdf6cb);mem_alloc_profiling_key=crc(8ee1928d!=0f05f001);kmalloc_caches=crc(d6ce5659!=efe8a82e)
qcom-dload-mode,qcom_dload_mode,/home/jmulesa/android/lineage/device/oneplus/infiniti-kernel/qcom-dload-mode.ko,misc,0,0,30,0,0,0,0,30,mismatch(e976b219!=21d0f8b0),load-fail-module-layout,load-fail-crc,__platform_driver_register=crc(26d0cf2d!=12db679a);platform_driver_unregister=crc(8af50346!=6fc35f2b);param_set_int=crc(dca2caff!=7bdb4bd8);msm_minidump_enabled=crc(5e505530!=584e21a2);qcom_scm_set_download_mode=crc(7b11da95!=63e3c2e7);_printk=crc(16b5b21d!=92997ed8);devm_kmalloc=crc(d1263f9d!=c8c7229e);kernel_kobj=crc(45e1f39a!=ce8498d7)
qcom-hv-haptics,qcom_hv_haptics,/home/jmulesa/android/lineage/device/oneplus/infiniti-kernel/qcom-hv-haptics.ko,haptic,1,0,152,0,0,0,2,150,mismatch(e976b219!=21d0f8b0),load-fail-module-layout,load-fail-crc,trace_event_buffer_reserve=crc(40964d00!=29eba14a);trace_event_buffer_commit=crc(ffe3783c!=2fc1082e);__trace_trigger_soft_disabled=crc(cb5e01d7!=0fd10466);__stack_chk_fail=crc(d272d446!=f0fdf6cb);perf_trace_buf_alloc=crc(231ad1b8!=2d2c902f);perf_trace_run_bpf_submit=crc(2a290ade!=c61f330d);strlen=crc(90d19584!=98cf60b3);memcpy=crc(8a7493b2!=4829a47e)
qcom-i2c-pmic,qcom_i2c_pmic,/home/jmulesa/android/lineage/device/oneplus/infiniti-kernel/qcom-i2c-pmic.ko,regulator-pmic,1,0,39,0,0,0,0,39,mismatch(e976b219!=21d0f8b0),load-fail-module-layout,load-fail-crc,i2c_register_driver=crc(6f0760fb!=2ff78d9b);i2c_del_driver=crc(ef821497!=84dd786f);devm_kmalloc=crc(d1263f9d!=c8c7229e);__devm_regmap_init_i2c=crc(c63976ed!=7df1ce51);devm_regmap_qti_debugfs_register=crc(ea7f7efb!=ff0d5ed4);of_find_property=crc(9a0c7532!=6b201699);irq_domain_instantiate=crc(57b09dd6!=8b262a92);of_property_count_elems_of_size=crc(a657ffb0!=a079425d)
qcom-ipcc,qcom_ipcc,/home/jmulesa/android/lineage/device/oneplus/infiniti-kernel/qcom-ipcc.ko,misc,0,0,29,0,0,0,0,29,mismatch(e976b219!=21d0f8b0),load-fail-module-layout,load-fail-crc,__platform_driver_register=crc(26d0cf2d!=12db679a);devm_kmalloc=crc(d1263f9d!=c8c7229e);devm_platform_ioremap_resource=crc(acb53535!=329da95b);platform_get_irq=crc(a39e1523!=f7ca28dd);devm_kasprintf=crc(581ab8cd!=5c6a5e82);irq_domain_instantiate=crc(57b09dd6!=8b262a92);of_find_node_with_property=crc(8896e902!=e0eec6c6);of_device_is_available=crc(7a32b0be!=946de52f)
qcom-pdc,qcom_pdc,/home/jmulesa/android/lineage/device/oneplus/infiniti-kernel/qcom-pdc.ko,misc,0,0,46,0,0,0,2,44,mismatch(e976b219!=21d0f8b0),load-fail-module-layout,load-fail-crc,__platform_driver_register=crc(26d0cf2d!=12db679a);of_address_to_resource=crc(192350c6!=c1cad332);arm64_use_ng_mappings=crc(3239fbdb!=af56600a);ioremap_prot=crc(c948ac44!=40863ba1);irq_find_matching_fwspec=crc(6080b7a9!=1c548672);of_property_count_elems_of_size=crc(a657ffb0!=a079425d);mem_alloc_profiling_key=crc(8ee1928d!=0f05f001);__kmalloc_noprof=crc(27865ec7!=52c5c991)
qcom-pmic-ecid,qcom_pmic_ecid,/home/jmulesa/android/lineage/device/oneplus/infiniti-kernel/qcom-pmic-ecid.ko,regulator-pmic,0,0,22,0,0,0,0,22,mismatch(e976b219!=21d0f8b0),load-fail-module-layout,load-fail-crc,class_register=crc(34c2451d!=eab1dce0);__platform_driver_register=crc(26d0cf2d!=12db679a);_printk=crc(16b5b21d!=92997ed8);platform_driver_unregister=crc(8af50346!=6fc35f2b);ida_destroy=crc(1fc406ed!=20a5ab84);class_unregister=crc(0eaa09a8!=acd3d5bd);scnprintf=crc(f4386284!=96848186);devm_kmalloc=crc(d1263f9d!=c8c7229e)
qcom-pmu-lib,qcom_pmu_lib,/home/jmulesa/android/lineage/device/oneplus/infiniti-kernel/qcom-pmu-lib.ko,misc,0,0,56,0,0,0,2,54,mismatch(e976b219!=21d0f8b0),load-fail-module-layout,load-fail-crc,__cpu_possible_mask=crc(4e994f70!=de7ece30);__per_cpu_offset=crc(0de4cab5!=280f9f14);_raw_spin_lock_irqsave=crc(aa615763!=34db050b);_raw_spin_unlock_irqrestore=crc(582af1c8!=d35cce70);perf_event_read_local=crc(4d2a4466!=173a86aa);smp_call_function_single=crc(70c855e3!=6228c21f);perf_event_read_value=crc(1ad2d791!=d8f9c132);alt_cb_patch_nops=crc(b8c8345a!=a65c6def)
qcom-pon,qcom_pon,/home/jmulesa/android/lineage/device/oneplus/infiniti-kernel/qcom-pon.ko,misc,1,0,11,0,0,0,0,11,mismatch(e976b219!=21d0f8b0),load-fail-module-layout,load-fail-crc,__platform_driver_register=crc(26d0cf2d!=12db679a);platform_driver_unregister=crc(8af50346!=6fc35f2b);devm_kmalloc=crc(d1263f9d!=c8c7229e);dev_get_regmap=crc(38acd0f5!=49dc0e6c);of_property_read_variable_u32_array=crc(5de0294f!=e136f93c);of_device_get_match_data=crc(be4e2011!=14fe5355);devm_reboot_mode_register=crc(17956f05!=d8feff00);devm_of_platform_populate=crc(0bab1c4d!=1dce7694)
qcom-reboot-reason,qcom_reboot_reason,/home/jmulesa/android/lineage/device/oneplus/infiniti-kernel/qcom-reboot-reason.ko,misc,0,0,9,0,0,0,0,9,mismatch(e976b219!=21d0f8b0),load-fail-module-layout,load-fail-crc,__platform_driver_register=crc(26d0cf2d!=12db679a);platform_driver_unregister=crc(8af50346!=6fc35f2b);devm_kmalloc=crc(d1263f9d!=c8c7229e);nvmem_cell_get=crc(8ac07a09!=979b55bb);register_reboot_notifier=crc(0a227d4d!=254b636d);unregister_reboot_notifier=crc(0a227d4d!=00114764);strcmp=crc(f5df0401!=e2d5255a);nvmem_cell_write=crc(791ba436!=202d4ed6)
qcom-rng,qcom_rng,/home/jmulesa/android/lineage/device/oneplus/infiniti-kernel/qcom-rng.ko,misc,1,0,26,0,0,0,0,26,mismatch(e976b219!=21d0f8b0),load-fail-module-layout,load-fail-crc,__platform_driver_register=crc(26d0cf2d!=12db679a);platform_driver_unregister=crc(8af50346!=6fc35f2b);devm_kmalloc=crc(d1263f9d!=c8c7229e);__mutex_init=crc(81d49dc6!=a571f6b0);devm_platform_ioremap_resource=crc(acb53535!=329da95b);devm_clk_get_optional=crc(f92eae1a!=32df1fff);device_get_match_data=crc(baf0ac54!=90000450);crypto_register_rng=crc(838d4313!=ee5cddb0)
qcom-scm,qcom_scm,/home/jmulesa/android/lineage/device/oneplus/infiniti-kernel/qcom-scm.ko,firmware-virt,0,0,93,0,0,0,0,93,mismatch(e976b219!=21d0f8b0),load-fail-module-layout,load-fail-crc,mem_alloc_profiling_key=crc(8ee1928d!=0f05f001);kmalloc_caches=crc(d6ce5659!=efe8a82e);__kmalloc_cache_noprof=crc(6cc46e45!=e17134b6);is_vmalloc_addr=crc(f159075d!=c31db0ce);dev_driver_string=crc(b24ae2ee!=ba72f076);__warn_printk=crc(1127e91b!=56470118);dma_map_page_attrs=crc(88e45c5f!=7cc1c7f4);down=crc(8151efdb!=6626afca)
qcom-spmi-adc5-gen3,qcom_spmi_adc5_gen3,/home/jmulesa/android/lineage/device/oneplus/infiniti-kernel/qcom-spmi-adc5-gen3.ko,regulator-pmic,1,0,56,0,0,0,7,49,mismatch(e976b219!=21d0f8b0),load-fail-module-layout,load-fail-crc,thermal_zone_device_priv=crc(414a80a5!=7a4c4057);qcom_adc5_hw_scale=missing;__stack_chk_fail=crc(d272d446!=f0fdf6cb);mutex_lock=crc(995658e3!=d5977bfb);regmap_bulk_read=crc(230bd3d9!=33a52b38);regmap_bulk_write=crc(ce3989f1!=4dd57aba);wait_for_completion_timeout=crc(6dc35028!=4a3ad70e);_printk=crc(16b5b21d!=92997ed8)
qcom-spmi-pmic,qcom_spmi_pmic,/home/jmulesa/android/lineage/device/oneplus/infiniti-kernel/qcom-spmi-pmic.ko,regulator-pmic,0,0,19,0,0,0,0,19,mismatch(e976b219!=21d0f8b0),load-fail-module-layout,load-fail-crc,of_match_device=crc(dc0ce4b9!=d7c2b302);__spmi_driver_register=crc(a6c44cec!=ec7964ca);driver_unregister=crc(7ec07b0d!=56e19f9a);of_find_property=crc(9a0c7532!=6b201699);__devm_regmap_init_spmi_ext=crc(c3446429!=97cf0526);devm_kmalloc=crc(d1263f9d!=c8c7229e);device_get_match_data=crc(baf0ac54!=90000450);of_get_parent=crc(d6c5ea50!=347c7574)
qcom-spmi-temp-alarm,qcom_spmi_temp_alarm,/home/jmulesa/android/lineage/device/oneplus/infiniti-kernel/qcom-spmi-temp-alarm.ko,thermal,1,0,27,0,0,0,0,27,mismatch(e976b219!=21d0f8b0),load-fail-module-layout,load-fail-crc,__platform_driver_register=crc(26d0cf2d!=12db679a);platform_driver_unregister=crc(8af50346!=6fc35f2b);devm_kmalloc=crc(d1263f9d!=c8c7229e);__mutex_init=crc(81d49dc6!=a571f6b0);dev_get_regmap=crc(38acd0f5!=49dc0e6c);of_property_read_variable_u32_array=crc(5de0294f!=e136f93c);platform_get_irq=crc(a39e1523!=f7ca28dd);devm_iio_channel_get=crc(461a83e7!=ed856724)
qcom-vadc-common,qcom_vadc_common,/home/jmulesa/android/lineage/device/oneplus/infiniti-kernel/qcom-vadc-common.ko,regulator-pmic,1,0,2,0,0,0,0,2,mismatch(e976b219!=21d0f8b0),load-fail-module-layout,load-fail-crc,_printk=crc(16b5b21d!=92997ed8);module_layout=crc(e976b219!=21d0f8b0)
qcom_aoss,qcom_aoss,/home/jmulesa/android/lineage/device/oneplus/infiniti-kernel/qcom_aoss.ko,misc,0,0,78,0,0,0,2,76,mismatch(e976b219!=21d0f8b0),load-fail-module-layout,load-fail-crc,strlen=crc(90d19584!=98cf60b3);trace_event_buffer_reserve=crc(40964d00!=29eba14a);memcpy=crc(8a7493b2!=4829a47e);trace_event_buffer_commit=crc(ffe3783c!=2fc1082e);__trace_trigger_soft_disabled=crc(cb5e01d7!=0fd10466);__stack_chk_fail=crc(d272d446!=f0fdf6cb);perf_trace_buf_alloc=crc(231ad1b8!=2d2c902f);perf_trace_run_bpf_submit=crc(2a290ade!=c61f330d)
qcom_cache_allocation,qcom_cache_allocation,/home/jmulesa/android/lineage/device/oneplus/infiniti-kernel/qcom_cache_allocation.ko,misc,0,0,48,0,0,0,3,45,mismatch(e976b219!=21d0f8b0),load-fail-module-layout,load-fail-crc,trace_event_buffer_reserve=crc(40964d00!=29eba14a);trace_event_buffer_commit=crc(ffe3783c!=2fc1082e);__trace_trigger_soft_disabled=crc(cb5e01d7!=0fd10466);__stack_chk_fail=crc(d272d446!=f0fdf6cb);perf_trace_buf_alloc=crc(231ad1b8!=2d2c902f);perf_trace_run_bpf_submit=crc(2a290ade!=c61f330d);bpf_trace_run3=crc(8c4e033a!=881d741f);bpf_trace_run2=crc(d3e815e9!=a3783864)
qcom_cpu_vendor_hooks,qcom_cpu_vendor_hooks,/home/jmulesa/android/lineage/device/oneplus/infiniti-kernel/qcom_cpu_vendor_hooks.ko,misc,0,0,21,0,0,0,0,21,mismatch(e976b219!=21d0f8b0),load-fail-module-layout,load-fail-crc,__platform_driver_register=crc(26d0cf2d!=12db679a);platform_driver_unregister=crc(8af50346!=6fc35f2b);debug_symbol_available=crc(5e505530!=ddcbad69);register_syscore_ops=crc(93441c02!=b9c425de);__tracepoint_android_vh_ipi_stop=crc(7c5aa8a7!=a93bd013);tracepoint_probe_register=crc(15cb871d!=805e2dd2);__tracepoint_android_vh_printk_hotplug=crc(7c5aa8a7!=a2999f04);__tracepoint_android_vh_timer_calc_index=crc(7c5aa8a7!=bfbd55c3)
qcom_cpucp,qcom_cpucp,/home/jmulesa/android/lineage/device/oneplus/infiniti-kernel/qcom_cpucp.ko,misc,0,0,22,0,0,0,0,22,mismatch(e976b219!=21d0f8b0),load-fail-module-layout,load-fail-crc,__platform_driver_register=crc(26d0cf2d!=12db679a);platform_driver_unregister=crc(8af50346!=6fc35f2b);device_get_match_data=crc(baf0ac54!=90000450);devm_kmalloc=crc(d1263f9d!=c8c7229e);platform_get_resource_byname=crc(cc1c0f0f!=374f8976);devm_ioremap=crc(6d7dac4a!=ee73d233);_dev_err=crc(6b10178d!=b4ce05a5);platform_get_irq=crc(a39e1523!=f7ca28dd)
qcom_cpuss_sleep_stats_v4,qcom_cpuss_sleep_stats_v4,/home/jmulesa/android/lineage/device/oneplus/infiniti-kernel/qcom_cpuss_sleep_stats_v4.ko,misc,1,0,22,0,0,0,1,21,mismatch(e976b219!=21d0f8b0),load-fail-module-layout,load-fail-crc,__platform_driver_register=crc(26d0cf2d!=12db679a);platform_driver_unregister=crc(8af50346!=6fc35f2b);devm_kmalloc=crc(d1263f9d!=c8c7229e);debugfs_create_dir=crc(85212c97!=5cf4d4de);of_device_is_compatible=crc(c993f0e5!=2077fc84);devm_platform_get_and_ioremap_resource=crc(f98b552a!=3e1f887d);of_device_get_match_data=crc(be4e2011!=14fe5355);nr_cpu_ids=crc(f296206e!=017de3d5)
qcom_dma_heaps,qcom_dma_heaps,/home/jmulesa/android/lineage/device/oneplus/infiniti-kernel/qcom_dma_heaps.ko,misc,0,0,171,0,0,0,9,162,mismatch(e976b219!=21d0f8b0),load-fail-module-layout,load-fail-crc,register_mtrack_debugger=missing;__platform_driver_register=crc(26d0cf2d!=12db679a);_printk=crc(16b5b21d!=92997ed8);kfree=crc(31359e90!=037a0cba);mem_alloc_profiling_key=crc(8ee1928d!=0f05f001);kmalloc_caches=crc(d6ce5659!=efe8a82e);__kmalloc_cache_noprof=crc(6cc46e45!=e17134b6);of_get_next_available_child=crc(f2308994!=796ead29)
qcom_dynamic_ramoops,qcom_dynamic_ramoops,/home/jmulesa/android/lineage/device/oneplus/infiniti-kernel/qcom_dynamic_ramoops.ko,misc,1,0,11,0,0,0,0,11,mismatch(e976b219!=21d0f8b0),load-fail-module-layout,load-fail-crc,__platform_driver_register=crc(26d0cf2d!=12db679a);platform_driver_unregister=crc(8af50346!=6fc35f2b);__of_parse_phandle_with_args=crc(e99699d5!=1fec5304);of_reserved_mem_lookup=crc(1dec9274!=5cf50b74);devm_kmalloc=crc(d1263f9d!=c8c7229e);of_property_read_variable_u32_array=crc(5de0294f!=e136f93c);platform_device_register_full=crc(0c789b7f!=92bc696d);_dev_err=crc(6b10178d!=b4ce05a5)
qcom_edac,qcom_edac,/home/jmulesa/android/lineage/device/oneplus/infiniti-kernel/qcom_edac.ko,misc,1,0,17,0,0,0,0,17,mismatch(e976b219!=21d0f8b0),load-fail-module-layout,load-fail-crc,__platform_driver_register=crc(26d0cf2d!=12db679a);platform_driver_unregister=crc(8af50346!=6fc35f2b);regmap_update_bits_base=crc(807ee877!=576b05bf);regmap_write=crc(8b1835dc!=6b883e5a);edac_device_alloc_index=crc(7851be11!=6e3ff83a);edac_device_alloc_ctl_info=crc(c13e104f!=a81c4189);devm_request_threaded_irq=crc(4683501f!=f9583f23);edac_op_state=crc(7ec472ba!=b51fbd64)
qcom_fdcvs,qcom_fdcvs,/home/jmulesa/android/lineage/device/oneplus/infiniti-kernel/qcom_fdcvs.ko,misc,0,0,18,0,0,0,0,18,mismatch(e976b219!=21d0f8b0),load-fail-module-layout,load-fail-crc,__platform_driver_register=crc(26d0cf2d!=12db679a);platform_driver_unregister=crc(8af50346!=6fc35f2b);devm_kmalloc=crc(d1263f9d!=c8c7229e);device_create_file=crc(4aef3c59!=e922b94d);qmp_get=crc(91c79421!=0c307ffd);device_remove_file=crc(7d5c30f5!=11d6167b);__mutex_init=crc(81d49dc6!=a571f6b0);_dev_err=crc(6b10178d!=b4ce05a5)
qcom_glink,qcom_glink,/home/jmulesa/android/lineage/device/oneplus/infiniti-kernel/qcom_glink.ko,rproc-glink,1,0,81,0,0,0,2,79,mismatch(e976b219!=21d0f8b0),load-fail-module-layout,load-fail-crc,mem_alloc_profiling_key=crc(8ee1928d!=0f05f001);kmalloc_caches=crc(d6ce5659!=efe8a82e);__kmalloc_cache_noprof=crc(6cc46e45!=e17134b6);_raw_spin_lock_irqsave=crc(aa615763!=34db050b);_raw_spin_unlock_irqrestore=crc(582af1c8!=d35cce70);__list_add_valid_or_report=crc(6fabd45b!=7e19152a);kfree=crc(31359e90!=037a0cba);__list_del_entry_valid_or_report=crc(802f8919!=9a835040)
qcom_glink_smem,qcom_glink_smem,/home/jmulesa/android/lineage/device/oneplus/infiniti-kernel/qcom_glink_smem.ko,rproc-glink,1,0,35,0,0,0,2,33,mismatch(e976b219!=21d0f8b0),load-fail-module-layout,load-fail-crc,mem_alloc_profiling_key=crc(8ee1928d!=0f05f001);kmalloc_caches=crc(d6ce5659!=efe8a82e);__kmalloc_cache_noprof=crc(6cc46e45!=e17134b6);dev_set_name=crc(d18d4c79!=ba860d3c);device_register=crc(11d13a8c!=4d8597ff);of_property_read_variable_u32_array=crc(5de0294f!=e136f93c);devm_kmalloc=crc(d1263f9d!=c8c7229e);qcom_smem_alloc=crc(abdd305c!=34b57571)
qcom_glink_spss,qcom_glink_spss,/home/jmulesa/android/lineage/device/oneplus/infiniti-kernel/qcom_glink_spss.ko,rproc-glink,1,0,40,0,0,0,0,40,mismatch(e976b219!=21d0f8b0),load-fail-module-layout,load-fail-crc,mem_alloc_profiling_key=crc(8ee1928d!=0f05f001);kmalloc_caches=crc(d6ce5659!=efe8a82e);__kmalloc_cache_noprof=crc(6cc46e45!=e17134b6);dev_set_name=crc(d18d4c79!=ba860d3c);device_register=crc(11d13a8c!=4d8597ff);of_property_read_variable_u32_array=crc(5de0294f!=e136f93c);devm_kmalloc=crc(d1263f9d!=c8c7229e);qcom_smem_alloc=crc(abdd305c!=34b57571)
qcom_hwspinlock,qcom_hwspinlock,/home/jmulesa/android/lineage/device/oneplus/infiniti-kernel/qcom_hwspinlock.ko,misc,0,0,17,0,0,0,0,17,mismatch(e976b219!=21d0f8b0),load-fail-module-layout,load-fail-crc,__platform_driver_register=crc(26d0cf2d!=12db679a);platform_driver_unregister=crc(8af50346!=6fc35f2b);__of_parse_phandle_with_args=crc(e99699d5!=1fec5304);syscon_node_to_regmap=crc(394986c6!=f4b6fbcb);of_device_get_match_data=crc(be4e2011!=14fe5355);devm_platform_ioremap_resource=crc(acb53535!=329da95b);__devm_regmap_init_mmio_clk=crc(a71728db!=99cc082d);of_property_read_u32_index=crc(81d71a58!=31b65f04)
qcom_ice,qcom_ice,/home/jmulesa/android/lineage/device/oneplus/infiniti-kernel/qcom_ice.ko,misc,0,0,42,0,0,0,0,42,mismatch(e976b219!=21d0f8b0),load-fail-module-layout,load-fail-crc,__const_udelay=crc(b7d17430!=eae3dfd6);ktime_get=crc(ff9a6e5c!=b43f9365);usleep_range_state=crc(fdbae8c6!=c3055d20);_dev_warn=crc(6b10178d!=47a915f1);_dev_err=crc(6b10178d!=b4ce05a5);clk_prepare=crc(6b710bab!=7c9a7371);clk_enable=crc(6b710bab!=815588a6);clk_unprepare=crc(97ab43c4!=b077e70a)
qcom_iommu_debug,qcom_iommu_debug,/home/jmulesa/android/lineage/device/oneplus/infiniti-kernel/qcom_iommu_debug.ko,misc,1,0,83,0,0,0,0,83,mismatch(e976b219!=21d0f8b0),load-fail-module-layout,load-fail-crc,mutex_lock=crc(995658e3!=d5977bfb);qcom_iommu_iova_to_phys_hard=crc(b88904ce!=6e7b9fc9);scnprintf=crc(f4386284!=96848186);mutex_unlock=crc(995658e3!=ed55cabd);simple_read_from_buffer=crc(f7ec7b9a!=9c81ceff);_printk=crc(16b5b21d!=92997ed8);__stack_chk_fail=crc(d272d446!=f0fdf6cb);kstrtoull_from_user=crc(a5ce650a!=f159aa44)
qcom_iommu_util,qcom_iommu_util,/home/jmulesa/android/lineage/device/oneplus/infiniti-kernel/qcom_iommu_util.ko,misc,0,0,123,0,0,0,0,123,mismatch(e976b219!=21d0f8b0),load-fail-module-layout,load-fail-crc,__of_parse_phandle_with_args=crc(e99699d5!=1fec5304);__stack_chk_fail=crc(d272d446!=f0fdf6cb);of_find_property=crc(9a0c7532!=6b201699);__warn_printk=crc(1127e91b!=56470118);of_phandle_iterator_init=crc(bd6d62b7!=461afebf);of_phandle_iterator_next=crc(9f8d22e7!=5ae8d936);of_get_property=crc(25eb83ce!=3b1b6444);of_n_addr_cells=crc(c071ca08!=40829a37)
qcom_ipc_logging,qcom_ipc_logging,/home/jmulesa/android/lineage/device/oneplus/infiniti-kernel/qcom_ipc_logging.ko,misc,0,0,49,0,0,0,0,49,mismatch(e976b219!=21d0f8b0),load-fail-module-layout,load-fail-crc,_raw_read_lock_irqsave=crc(3f8725d8!=b1342cdb);_raw_spin_lock=crc(7c62d7bb!=ba8fbd64);memcpy=crc(8a7493b2!=4829a47e);sched_clock=crc(f018baf9!=e94986d6);complete=crc(7da92691!=a6257a2f);_raw_spin_unlock=crc(7c62d7bb!=b5b54b34);_raw_read_unlock_irqrestore=crc(1591c5c2!=df2ebb87);_printk=crc(16b5b21d!=92997ed8)
qcom_llcc_pmu,qcom_llcc_pmu,/home/jmulesa/android/lineage/device/oneplus/infiniti-kernel/qcom_llcc_pmu.ko,misc,0,0,28,0,0,0,0,28,mismatch(e976b219!=21d0f8b0),load-fail-module-layout,load-fail-crc,__platform_driver_register=crc(26d0cf2d!=12db679a);platform_driver_unregister=crc(8af50346!=6fc35f2b);devm_kmalloc=crc(d1263f9d!=c8c7229e);of_device_get_match_data=crc(be4e2011!=14fe5355);platform_get_resource_byname=crc(cc1c0f0f!=374f8976);devm_ioremap_resource=crc(fc3a1f89!=9f0ef8fa);perf_pmu_register=crc(ea81a2c0!=c00ec8ee);of_find_property=crc(9a0c7532!=6b201699)
qcom_logbuf_boot_log,qcom_logbuf_boot_log,/home/jmulesa/android/lineage/device/oneplus/infiniti-kernel/qcom_logbuf_boot_log.ko,misc,0,0,17,0,0,0,0,17,mismatch(e976b219!=21d0f8b0),load-fail-module-layout,load-fail-crc,kthread_should_stop=crc(5e505530!=b3f7646e);kmsg_dump_get_line=crc(fc941761!=4f2c996d);schedule_timeout_interruptible=crc(0bac81a1!=054496b4);__stack_chk_fail=crc(d272d446!=f0fdf6cb);mem_alloc_profiling_key=crc(8ee1928d!=0f05f001);__kmalloc_large_noprof=crc(27865ec7!=441d0de9);kimage_voffset=crc(7f175992!=e4bbc1dd);memstart_addr=crc(c9a2f5d2!=9688de8b)
qcom_logbuf_vendor_hooks,qcom_logbuf_vendor_hooks,/home/jmulesa/android/lineage/device/oneplus/infiniti-kernel/qcom_logbuf_vendor_hooks.ko,misc,0,0,10,0,0,0,0,10,mismatch(e976b219!=21d0f8b0),load-fail-module-layout,load-fail-crc,memstart_addr=crc(c9a2f5d2!=9688de8b);kimage_voffset=crc(7f175992!=e4bbc1dd);msm_minidump_add_region=crc(dd21467e!=bc932109);_printk=crc(16b5b21d!=92997ed8);__stack_chk_fail=crc(d272d446!=f0fdf6cb);__platform_driver_register=crc(26d0cf2d!=12db679a);platform_driver_unregister=crc(8af50346!=6fc35f2b);debug_symbol_available=crc(5e505530!=ddcbad69)
qcom_lpm,qcom_lpm,/home/jmulesa/android/lineage/device/oneplus/infiniti-kernel/qcom_lpm.ko,misc,1,0,73,0,0,0,1,72,mismatch(e976b219!=21d0f8b0),load-fail-module-layout,load-fail-crc,trace_event_buffer_reserve=crc(40964d00!=29eba14a);trace_event_buffer_commit=crc(ffe3783c!=2fc1082e);__trace_trigger_soft_disabled=crc(cb5e01d7!=0fd10466);__stack_chk_fail=crc(d272d446!=f0fdf6cb);perf_trace_buf_alloc=crc(231ad1b8!=2d2c902f);perf_trace_run_bpf_submit=crc(2a290ade!=c61f330d);bpf_trace_run5=crc(df495bd0!=e3c00b45);bpf_trace_run4=crc(1c4f6ddb!=1c7a01a8)
qcom_lpm_monitor,qcom_lpm_monitor,/home/jmulesa/android/lineage/device/oneplus/infiniti-kernel/qcom_lpm_monitor.ko,misc,0,0,34,0,0,0,0,34,mismatch(e976b219!=21d0f8b0),load-fail-module-layout,load-fail-crc,mutex_lock=crc(995658e3!=d5977bfb);qmi_send_indication=crc(1419ad0a!=4614b7ac);wait_for_completion_timeout=crc(6dc35028!=4a3ad70e);mutex_unlock=crc(995658e3!=ed55cabd);snprintf=crc(f4386284!=656e4a6e);_printk=crc(16b5b21d!=92997ed8);__platform_driver_register=crc(26d0cf2d!=12db679a);platform_driver_unregister=crc(8af50346!=6fc35f2b)
qcom_pd_mapper,qcom_pd_mapper,/home/jmulesa/android/lineage/device/oneplus/infiniti-kernel/qcom_pd_mapper.ko,misc,0,0,31,0,0,0,0,31,mismatch(e976b219!=21d0f8b0),load-fail-module-layout,load-fail-crc,__auxiliary_driver_register=crc(b51d7261!=1ae1ee0f);auxiliary_driver_unregister=crc(77f5a90f!=ea792fb4);mutex_lock=crc(995658e3!=d5977bfb);alt_cb_patch_nops=crc(b8c8345a!=a65c6def);of_find_node_opts_by_path=crc(bcf52949!=b318cbab);of_match_node=crc(fafe4b12!=34675dcc);mem_alloc_profiling_key=crc(8ee1928d!=0f05f001);kmalloc_caches=crc(d6ce5659!=efe8a82e)
qcom_pdr_msg,qcom_pdr_msg,/home/jmulesa/android/lineage/device/oneplus/infiniti-kernel/qcom_pdr_msg.ko,misc,0,0,2,0,0,0,0,2,mismatch(e976b219!=21d0f8b0),load-fail-module-layout,load-fail-crc,qmi_response_type_v01_ei=crc(77b5c22d!=4cd2fe40);module_layout=crc(e976b219!=21d0f8b0)
qcom_pil_info,qcom_pil_info,/home/jmulesa/android/lineage/device/oneplus/infiniti-kernel/qcom_pil_info.ko,rproc-glink,1,0,17,0,0,0,0,17,mismatch(e976b219!=21d0f8b0),load-fail-module-layout,load-fail-crc,_printk=crc(16b5b21d!=92997ed8);__stack_chk_fail=crc(d272d446!=f0fdf6cb);of_find_compatible_node=crc(730d7351!=f3cdc3c6);of_address_to_resource=crc(192350c6!=c1cad332);arm64_use_ng_mappings=crc(3239fbdb!=af56600a);ioremap_prot=crc(c948ac44!=40863ba1);mutex_lock=crc(995658e3!=d5977bfb);__memset_io=crc(35a367f6!=18b48e28)
qcom_q6v5,qcom_q6v5,/home/jmulesa/android/lineage/device/oneplus/infiniti-kernel/qcom_q6v5.ko,rproc-glink,1,0,58,0,0,0,3,55,mismatch(e976b219!=21d0f8b0),load-fail-module-layout,load-fail-crc,memset=crc(110f4d3a!=dcb764ad);snprintf=crc(f4386284!=656e4a6e);kobject_uevent_env=crc(37679765!=c54855de);_printk=crc(16b5b21d!=92997ed8);__stack_chk_fail=crc(d272d446!=f0fdf6cb);mem_alloc_profiling_key=crc(8ee1928d!=0f05f001);kmalloc_caches=crc(d6ce5659!=efe8a82e);__kmalloc_cache_noprof=crc(6cc46e45!=e17134b6)
qcom_q6v5_pas,qcom_q6v5_pas,/home/jmulesa/android/lineage/device/oneplus/infiniti-kernel/qcom_q6v5_pas.ko,rproc-glink,1,0,151,0,0,0,0,151,mismatch(e976b219!=21d0f8b0),load-fail-module-layout,load-fail-crc,strnlen=crc(b5bedffb!=a916b694);__fortify_panic=crc(31b67631!=75ca79b5);__memcpy_fromio=crc(7c5d831e!=5d112304);strcmp=crc(f5df0401!=e2d5255a);arm64_use_ng_mappings=crc(3239fbdb!=af56600a);ioremap_prot=crc(c948ac44!=40863ba1);iounmap=crc(fbb66790!=edc03953);_dev_err=crc(6b10178d!=b4ce05a5)
qcom_ramdump,qcom_ramdump,/home/jmulesa/android/lineage/device/oneplus/infiniti-kernel/qcom_ramdump.ko,misc,1,0,35,0,0,0,0,35,mismatch(e976b219!=21d0f8b0),load-fail-module-layout,load-fail-crc,_printk=crc(16b5b21d!=92997ed8);mem_alloc_profiling_key=crc(8ee1928d!=0f05f001);vmalloc_noprof=crc(38faebe9!=1b2fa1a9);devm_ioremap=crc(6d7dac4a!=ee73d233);__memcpy_fromio=crc(7c5d831e!=5d112304);memcpy=crc(8a7493b2!=4829a47e);_dev_err=crc(6b10178d!=b4ce05a5);memset=crc(110f4d3a!=dcb764ad)
qcom_rpmh,qcom_rpmh,/home/jmulesa/android/lineage/device/oneplus/infiniti-kernel/qcom_rpmh.ko,misc,0,0,93,0,0,0,2,91,mismatch(e976b219!=21d0f8b0),load-fail-module-layout,load-fail-crc,strlen=crc(90d19584!=98cf60b3);trace_event_buffer_reserve=crc(40964d00!=29eba14a);memcpy=crc(8a7493b2!=4829a47e);trace_event_buffer_commit=crc(ffe3783c!=2fc1082e);__trace_trigger_soft_disabled=crc(cb5e01d7!=0fd10466);__stack_chk_fail=crc(d272d446!=f0fdf6cb);perf_trace_buf_alloc=crc(231ad1b8!=2d2c902f);perf_trace_run_bpf_submit=crc(2a290ade!=c61f330d)
qcom_scmi_client,qcom_scmi_client,/home/jmulesa/android/lineage/device/oneplus/infiniti-kernel/qcom_scmi_client.ko,firmware-virt,0,0,6,0,0,0,0,6,mismatch(e976b219!=21d0f8b0),load-fail-module-layout,load-fail-crc,scmi_driver_register=crc(fe9b3693!=3b8c127d);scmi_driver_unregister=crc(02bfc607!=ba8445cc);strcmp=crc(f5df0401!=e2d5255a);_dev_err=crc(6b10178d!=b4ce05a5);_printk=crc(16b5b21d!=92997ed8);module_layout=crc(e976b219!=21d0f8b0)
qcom_scmi_vendor,qcom_scmi_vendor,/home/jmulesa/android/lineage/device/oneplus/infiniti-kernel/qcom_scmi_vendor.ko,firmware-virt,0,0,7,0,0,0,0,7,mismatch(e976b219!=21d0f8b0),load-fail-module-layout,load-fail-crc,scmi_protocol_register=crc(7b60aaa4!=eb55d970);scmi_protocol_unregister=crc(e0d65112!=651de3b3);dev_err_probe=crc(de026a97!=2c762752);__stack_chk_fail=crc(d272d446!=f0fdf6cb);memcpy=crc(8a7493b2!=4829a47e);_printk=crc(16b5b21d!=92997ed8);module_layout=crc(e976b219!=21d0f8b0)
qcom_sdei,qcom_sdei,/home/jmulesa/android/lineage/device/oneplus/infiniti-kernel/qcom_sdei.ko,misc,0,0,14,0,0,0,0,14,mismatch(e976b219!=21d0f8b0),load-fail-module-layout,load-fail-crc,__platform_driver_register=crc(26d0cf2d!=12db679a);platform_driver_unregister=crc(8af50346!=6fc35f2b);__cpu_online_mask=crc(4e994f70!=ac594e02);on_each_cpu_cond_mask=crc(ccba25d4!=5f43c059);sdei_event_register=crc(31e85bf8!=9ed58e12);sdei_event_enable=crc(e6b3818f!=537aa6d0);sdei_event_unregister=crc(e6b3818f!=b903738e);sdei_event_disable=crc(e6b3818f!=8dfdf56a)
qcom_smd,qcom_smd,/home/jmulesa/android/lineage/device/oneplus/infiniti-kernel/qcom_smd.ko,rproc-glink,1,0,66,0,0,0,0,66,mismatch(e976b219!=21d0f8b0),load-fail-module-layout,load-fail-crc,qcom_smem_is_available=crc(5e505530!=2673f635);mem_alloc_profiling_key=crc(8ee1928d!=0f05f001);kmalloc_caches=crc(d6ce5659!=efe8a82e);__kmalloc_cache_noprof=crc(6cc46e45!=e17134b6);__init_waitqueue_head=crc(de463212!=d9a5ea54);dev_set_name=crc(d18d4c79!=ba860d3c);device_register=crc(11d13a8c!=4d8597ff);of_property_read_variable_u32_array=crc(5de0294f!=e136f93c)
qcom_soc_wdt,qcom_soc_wdt,/home/jmulesa/android/lineage/device/oneplus/infiniti-kernel/qcom_soc_wdt.ko,misc,0,0,11,0,0,0,4,7,mismatch(e976b219!=21d0f8b0),load-fail-module-layout,load-fail-crc,__platform_driver_register=crc(26d0cf2d!=12db679a);platform_driver_unregister=crc(8af50346!=6fc35f2b);devm_kmalloc=crc(d1263f9d!=c8c7229e);platform_get_resource_byname=crc(cc1c0f0f!=374f8976);devm_ioremap_resource=crc(fc3a1f89!=9f0ef8fa);qcom_wdt_register=missing;_dev_err=crc(6b10178d!=b4ce05a5);qcom_wdt_pet_suspend=missing
qcom_spss,qcom_spss,/home/jmulesa/android/lineage/device/oneplus/infiniti-kernel/qcom_spss.ko,misc,1,0,74,0,0,0,0,74,mismatch(e976b219!=21d0f8b0),load-fail-module-layout,load-fail-crc,snprintf=crc(f4386284!=656e4a6e);qmp_send=crc(887664c0!=01b2e132);__stack_chk_fail=crc(d272d446!=f0fdf6cb);arm64_use_ng_mappings=crc(3239fbdb!=af56600a);ioremap_prot=crc(c948ac44!=40863ba1);iounmap=crc(fbb66790!=edc03953);_printk=crc(16b5b21d!=92997ed8);log_read_mmio=crc(f5e9ca2e!=6b722180)
qcom_stats,qcom_stats,/home/jmulesa/android/lineage/device/oneplus/infiniti-kernel/qcom_stats.ko,misc,1,0,49,0,0,0,0,49,mismatch(e976b219!=21d0f8b0),load-fail-module-layout,load-fail-crc,strim=crc(21f64238!=77bc13a0);_printk=crc(16b5b21d!=92997ed8);__stack_chk_fail=crc(d272d446!=f0fdf6cb);mutex_lock=crc(995658e3!=d5977bfb);qmp_send=crc(887664c0!=01b2e132);mutex_unlock=crc(995658e3!=ed55cabd);ktime_get_with_offset=crc(9d1dd621!=c4f0da12);log_read_mmio=crc(f5e9ca2e!=6b722180)
qcom_sysmon,qcom_sysmon,/home/jmulesa/android/lineage/device/oneplus/infiniti-kernel/qcom_sysmon.ko,rproc-glink,1,0,50,0,0,0,0,50,mismatch(e976b219!=21d0f8b0),load-fail-module-layout,load-fail-crc,mem_alloc_profiling_key=crc(8ee1928d!=0f05f001);kmalloc_caches=crc(d6ce5659!=efe8a82e);__kmalloc_cache_noprof=crc(6cc46e45!=e17134b6);__init_swait_queue_head=crc(d4e429b7!=608741b5);init_timer_key=crc(534026f3!=c6f46339);__mutex_init=crc(81d49dc6!=a571f6b0);of_irq_get_byname=crc(2e70b08b!=ff3c2c9f);devm_request_threaded_irq=crc(4683501f!=f9583f23)
qcom_tsens,qcom_tsens,/home/jmulesa/android/lineage/device/oneplus/infiniti-kernel/qcom_tsens.ko,misc,0,0,58,0,0,0,2,56,mismatch(e976b219!=21d0f8b0),load-fail-module-layout,load-fail-crc,kfree=crc(31359e90!=037a0cba);__stack_chk_fail=crc(d272d446!=f0fdf6cb);regmap_read=crc(23aa8f00!=64311477);regmap_write=crc(8b1835dc!=6b883e5a);regmap_update_bits_base=crc(807ee877!=576b05bf);nvmem_cell_read_variable_le_u32=crc(8e9dfc9f!=7524ab3f);_dev_warn=crc(6b10178d!=47a915f1);nvmem_cell_get=crc(8ac07a09!=979b55bb)
qcom_tzmem,qcom_tzmem,/home/jmulesa/android/lineage/device/oneplus/infiniti-kernel/qcom_tzmem.ko,misc,0,0,26,0,0,0,0,26,mismatch(e976b219!=21d0f8b0),load-fail-module-layout,load-fail-crc,mem_alloc_profiling_key=crc(8ee1928d!=0f05f001);kmalloc_caches=crc(d6ce5659!=efe8a82e);__kmalloc_cache_noprof=crc(6cc46e45!=e17134b6);gen_pool_create=crc(d208edc1!=ced0f4d4);gen_pool_best_fit=crc(d04d3e2e!=b737b185);gen_pool_set_algo=crc(50decc1b!=96e5d30f);gen_pool_destroy=crc(68d3a859!=6c224cda);kfree=crc(31359e90!=037a0cba)
qcom_va_minidump,qcom_va_minidump,/home/jmulesa/android/lineage/device/oneplus/infiniti-kernel/qcom_va_minidump.ko,misc,1,0,48,0,0,0,0,48,mismatch(e976b219!=21d0f8b0),load-fail-module-layout,load-fail-crc,msm_minidump_enabled=crc(5e505530!=584e21a2);mem_alloc_profiling_key=crc(8ee1928d!=0f05f001);kmalloc_caches=crc(d6ce5659!=efe8a82e);__kmalloc_cache_noprof=crc(6cc46e45!=e17134b6);mutex_lock=crc(995658e3!=d5977bfb);kset_find_obj=crc(9001c97b!=910ea4f1);kobject_init_and_add=crc(dcf6bcc3!=fdd0214d);kobject_uevent=crc(4c68a99a!=43af29f5)
qcom_voltage_adj,qcom_voltage_adj,/home/jmulesa/android/lineage/device/oneplus/infiniti-kernel/qcom_voltage_adj.ko,misc,0,0,24,0,0,0,0,24,mismatch(e976b219!=21d0f8b0),load-fail-module-layout,load-fail-crc,mutex_lock=crc(995658e3!=d5977bfb);regmap_read=crc(23aa8f00!=64311477);mutex_unlock=crc(995658e3!=ed55cabd);_printk=crc(16b5b21d!=92997ed8);__stack_chk_fail=crc(d272d446!=f0fdf6cb);regmap_write=crc(8b1835dc!=6b883e5a);__platform_driver_register=crc(26d0cf2d!=12db679a);platform_driver_unregister=crc(8af50346!=6fc35f2b)
qcom_wdt_core,qcom_wdt_core,/home/jmulesa/android/lineage/device/oneplus/infiniti-kernel/qcom_wdt_core.ko,misc,0,0,79,0,0,0,5,74,mismatch(e976b219!=21d0f8b0),load-fail-module-layout,load-fail-crc,timer_delete_sync=crc(5f54576f!=82ee90dc);_raw_spin_lock=crc(7c62d7bb!=ba8fbd64);_raw_spin_unlock=crc(7c62d7bb!=b5b54b34);pm_suspend_target_state=crc(ba9dde65!=377bbcbc);sched_clock=crc(f018baf9!=e94986d6);jiffies=crc(f2a4b08a!=15ba50a6);__msecs_to_jiffies=crc(7162a662!=7f02188f);add_timer=crc(3413379a!=24d273d1)
qcrypto-msm_dlkm,qcrypto_msm_dlkm,/home/jmulesa/android/lineage/device/oneplus/infiniti-kernel/qcrypto-msm_dlkm.ko,secure,1,0,89,0,0,0,11,78,mismatch(e976b219!=21d0f8b0),load-fail-module-layout,load-fail-crc,_raw_spin_lock_irqsave=crc(aa615763!=34db050b);_raw_spin_unlock_irqrestore=crc(582af1c8!=d35cce70);_printk=crc(16b5b21d!=92997ed8);debugfs_create_dir=crc(85212c97!=5cf4d4de);snprintf=crc(f4386284!=656e4a6e);debugfs_create_file=crc(d0616c24!=4e870156);debugfs_remove=crc(608c0df3!=b7c7d237);__mutex_init=crc(81d49dc6!=a571f6b0)
qmi_helpers,qmi_helpers,/home/jmulesa/android/lineage/device/oneplus/infiniti-kernel/qmi_helpers.ko,misc,1,0,38,0,0,0,0,38,mismatch(e976b219!=21d0f8b0),load-fail-module-layout,load-fail-crc,mem_alloc_profiling_key=crc(8ee1928d!=0f05f001);__kmalloc_noprof=crc(27865ec7!=52c5c991);kfree=crc(31359e90!=037a0cba);_printk=crc(16b5b21d!=92997ed8);memcpy=crc(8a7493b2!=4829a47e);strlen=crc(90d19584!=98cf60b3);__stack_chk_fail=crc(d272d446!=f0fdf6cb);__fortify_panic=crc(31b67631!=75ca79b5)
qmp_dlkm,qmp_dlkm,/home/jmulesa/android/lineage/device/oneplus/infiniti-kernel/qmp_dlkm.ko,misc,1,0,55,0,0,0,8,47,mismatch(e976b219!=21d0f8b0),load-fail-module-layout,load-fail-crc,swr_driver_register=missing;swr_driver_unregister=missing;__devm_regmap_init_swr=missing;devm_kmalloc=crc(d1263f9d!=c8c7229e);devm_regulator_get=crc(98863b61!=9a807c66);of_property_read_string=crc(fc9f25c0!=af7cb74b);of_find_property=crc(9a0c7532!=6b201699);mem_alloc_profiling_key=crc(8ee1928d!=0f05f001)
qnoc-alor,qnoc_alor,/home/jmulesa/android/lineage/device/oneplus/infiniti-kernel/qnoc-alor.ko,misc,0,0,9,0,0,0,2,7,mismatch(e976b219!=21d0f8b0),load-fail-module-layout,load-fail-crc,__platform_driver_register=crc(26d0cf2d!=12db679a);qcom_icc_rpmh_probe=crc(bb6067c0!=17dbbec2);_dev_info=crc(6b10178d!=401167cc);_dev_err=crc(6b10178d!=b4ce05a5);qcom_qnoc4_ops=missing;icc_qnoc_qos_regs=missing;qcom_icc_rpmh_remove=crc(b3033c61!=c29c0493);icc_sync_state=crc(8c082a8d!=3b16b169)
qnoc-canoe,qnoc_canoe,/home/jmulesa/android/lineage/device/oneplus/infiniti-kernel/qnoc-canoe.ko,misc,0,0,9,0,0,0,2,7,mismatch(e976b219!=21d0f8b0),load-fail-module-layout,load-fail-crc,__platform_driver_register=crc(26d0cf2d!=12db679a);qcom_icc_rpmh_probe=crc(bb6067c0!=17dbbec2);dev_err_probe=crc(de026a97!=2c762752);_dev_info=crc(6b10178d!=401167cc);qcom_qnoc4_ops=missing;icc_qnoc_qos_regs=missing;qcom_icc_rpmh_remove=crc(b3033c61!=c29c0493);icc_sync_state=crc(8c082a8d!=3b16b169)
qnoc-qos,qnoc_qos,/home/jmulesa/android/lineage/device/oneplus/infiniti-kernel/qnoc-qos.ko,misc,0,0,2,0,0,0,0,2,mismatch(e976b219!=21d0f8b0),load-fail-module-layout,load-fail-crc,regmap_update_bits_base=crc(807ee877!=576b05bf);module_layout=crc(e976b219!=21d0f8b0)
qpnp-power-on,qpnp_power_on,/home/jmulesa/android/lineage/device/oneplus/infiniti-kernel/qpnp-power-on.ko,regulator-pmic,1,0,65,0,0,0,0,65,mismatch(e976b219!=21d0f8b0),load-fail-module-layout,load-fail-crc,regmap_update_bits_base=crc(807ee877!=576b05bf);_dev_err=crc(6b10178d!=b4ce05a5);regmap_write=crc(8b1835dc!=6b883e5a);__const_udelay=crc(b7d17430!=eae3dfd6);__platform_driver_register=crc(26d0cf2d!=12db679a);platform_driver_unregister=crc(8af50346!=6fc35f2b);mutex_lock=crc(995658e3!=d5977bfb);regmap_read=crc(23aa8f00!=64311477)
qptf,qptf,/home/jmulesa/android/lineage/device/oneplus/infiniti-kernel/qptf.ko,misc,0,0,29,0,0,0,0,29,mismatch(e976b219!=21d0f8b0),load-fail-module-layout,load-fail-crc,blocking_notifier_chain_register=crc(bde3e279!=d9051672);blocking_notifier_chain_unregister=crc(bde3e279!=3e54ac69);mutex_lock=crc(995658e3!=d5977bfb);mutex_unlock=crc(995658e3!=ed55cabd);blocking_notifier_call_chain=crc(559ff49a!=482d47c8);__stack_chk_fail=crc(d272d446!=f0fdf6cb);of_count_phandle_with_args=crc(8144ad5b!=b088bcfc);__of_parse_phandle_with_args=crc(e99699d5!=1fec5304)
qrng_dlkm,qrng_dlkm,/home/jmulesa/android/lineage/device/oneplus/infiniti-kernel/qrng_dlkm.ko,secure,1,0,44,0,0,0,0,44,mismatch(e976b219!=21d0f8b0),load-fail-module-layout,load-fail-crc,__platform_driver_register=crc(26d0cf2d!=12db679a);crypto_register_rngs=crc(377ca380!=19262d48);_printk=crc(16b5b21d!=92997ed8);crypto_unregister_rngs=crc(35d2c022!=10ce8e8f);platform_driver_unregister=crc(8af50346!=6fc35f2b);platform_get_resource=crc(1b038a1f!=3d0ffa5c);mem_alloc_profiling_key=crc(8ee1928d!=0f05f001);kmalloc_caches=crc(d6ce5659!=efe8a82e)
qrtr-gunyah,qrtr_gunyah,/home/jmulesa/android/lineage/device/oneplus/infiniti-kernel/qrtr-gunyah.ko,misc,0,0,58,0,0,0,0,58,mismatch(e976b219!=21d0f8b0),load-fail-module-layout,load-fail-crc,__platform_driver_register=crc(26d0cf2d!=12db679a);platform_driver_unregister=crc(8af50346!=6fc35f2b);devm_kmalloc=crc(d1263f9d!=c8c7229e);__mutex_init=crc(81d49dc6!=a571f6b0);of_property_read_variable_u32_array=crc(5de0294f!=e136f93c);of_find_property=crc(9a0c7532!=6b201699);__of_parse_phandle_with_args=crc(e99699d5!=1fec5304);dma_alloc_attrs=crc(cf96de2a!=5a9cfed6)
qrtr-mhi,qrtr_mhi,/home/jmulesa/android/lineage/device/oneplus/infiniti-kernel/qrtr-mhi.ko,misc,1,0,26,0,0,0,0,26,mismatch(e976b219!=21d0f8b0),load-fail-module-layout,load-fail-crc,__mhi_driver_register=crc(cac096ee!=245f7e60);mhi_driver_unregister=crc(24bac2fc!=7d5a6279);devm_kmalloc=crc(d1263f9d!=c8c7229e);__init_swait_queue_head=crc(d4e429b7!=608741b5);of_find_compatible_node=crc(730d7351!=f3cdc3c6);of_property_read_variable_u32_array=crc(5de0294f!=e136f93c);of_find_property=crc(9a0c7532!=6b201699);qrtr_endpoint_register=crc(32181c60!=014fca73)
qrtr-smd,qrtr_smd,/home/jmulesa/android/lineage/device/oneplus/infiniti-kernel/qrtr-smd.ko,misc,1,0,23,0,0,0,0,23,mismatch(e976b219!=21d0f8b0),load-fail-module-layout,load-fail-crc,__register_rpmsg_driver=crc(0219a521!=6e59048a);unregister_rpmsg_driver=crc(19f15c28!=69009501);devm_kmalloc=crc(d1263f9d!=c8c7229e);of_property_read_variable_u32_array=crc(5de0294f!=e136f93c);of_find_property=crc(9a0c7532!=6b201699);of_property_count_elems_of_size=crc(a657ffb0!=a079425d);mem_alloc_profiling_key=crc(8ee1928d!=0f05f001);__kmalloc_noprof=crc(27865ec7!=52c5c991)
qrtr,qrtr,/home/jmulesa/android/lineage/device/oneplus/infiniti-kernel/qrtr.ko,misc,0,0,146,0,0,0,2,144,mismatch(e976b219!=21d0f8b0),load-fail-module-layout,load-fail-crc,memcpy=crc(8a7493b2!=4829a47e);_printk=crc(16b5b21d!=92997ed8);__stack_chk_fail=crc(d272d446!=f0fdf6cb);_raw_spin_lock_irqsave=crc(aa615763!=34db050b);xa_load=crc(c67180ef!=46c25534);alt_cb_patch_nops=crc(b8c8345a!=a65c6def);_raw_spin_unlock_irqrestore=crc(582af1c8!=d35cce70);refcount_warn_saturate=crc(2373037a!=0296695f)
qsee_ipc_irq_bridge,qsee_ipc_irq_bridge,/home/jmulesa/android/lineage/device/oneplus/infiniti-kernel/qsee_ipc_irq_bridge.ko,misc,1,0,37,0,0,0,3,34,mismatch(e976b219!=21d0f8b0),load-fail-module-layout,load-fail-crc,mem_alloc_profiling_key=crc(8ee1928d!=0f05f001);kmalloc_caches=crc(d6ce5659!=efe8a82e);__kmalloc_cache_noprof=crc(6cc46e45!=e17134b6);__mutex_init=crc(81d49dc6!=a571f6b0);ipc_log_context_create=missing;__platform_driver_register=crc(26d0cf2d!=12db679a);_printk=crc(16b5b21d!=92997ed8);ipc_log_string=missing
qseecom_proxy,qseecom_proxy,/home/jmulesa/android/lineage/device/oneplus/infiniti-kernel/qseecom_proxy.ko,secure,1,0,3,0,0,0,0,3,mismatch(e976b219!=21d0f8b0),load-fail-module-layout,load-fail-crc,_printk=crc(16b5b21d!=92997ed8);___ratelimit=crc(a3384a5c!=f5edea2e);module_layout=crc(e976b219!=21d0f8b0)
qti-fixed-regulator,qti_fixed_regulator,/home/jmulesa/android/lineage/device/oneplus/infiniti-kernel/qti-fixed-regulator.ko,regulator-pmic,1,0,29,0,0,0,3,26,mismatch(e976b219!=21d0f8b0),load-fail-module-layout,load-fail-crc,__platform_driver_register=crc(26d0cf2d!=12db679a);platform_driver_unregister=crc(8af50346!=6fc35f2b);of_device_get_match_data=crc(be4e2011!=14fe5355);devm_kmalloc=crc(d1263f9d!=c8c7229e);of_get_regulator_init_data=crc(e56d3b9b!=ab55fd9d);of_property_read_variable_u32_array=crc(5de0294f!=e136f93c);of_find_property=crc(9a0c7532!=6b201699);devm_kstrdup=crc(63b8d0f8!=e857de28)
qti-glink-adc,qti_glink_adc,/home/jmulesa/android/lineage/device/oneplus/infiniti-kernel/qti-glink-adc.ko,regulator-pmic,1,0,22,0,0,0,0,22,mismatch(e976b219!=21d0f8b0),load-fail-module-layout,load-fail-crc,__platform_driver_register=crc(26d0cf2d!=12db679a);platform_driver_unregister=crc(8af50346!=6fc35f2b);devm_iio_device_alloc=crc(5aa09556!=65778543);__mutex_init=crc(81d49dc6!=a571f6b0);__init_swait_queue_head=crc(d4e429b7!=608741b5);device_get_child_node_count=crc(c6ca26bd!=eba7a0a3);devm_kmalloc=crc(d1263f9d!=c8c7229e);device_get_next_child_node=crc(eccb4a48!=9f305f6c)
qti-ocp-notifier,qti_ocp_notifier,/home/jmulesa/android/lineage/device/oneplus/infiniti-kernel/qti-ocp-notifier.ko,misc,1,0,23,0,0,0,3,20,mismatch(e976b219!=21d0f8b0),load-fail-module-layout,load-fail-crc,__platform_driver_register=crc(26d0cf2d!=12db679a);platform_driver_unregister=crc(8af50346!=6fc35f2b);devm_kmalloc=crc(d1263f9d!=c8c7229e);devm_nvmem_cell_get=crc(8ac07a09!=2dbbd3bd);platform_get_irq=crc(a39e1523!=f7ca28dd);ipc_log_context_create=missing;nvmem_cell_read=crc(22690a37!=99f018c4);kfree=crc(31359e90!=037a0cba)
qti-regmap-debugfs,qti_regmap_debugfs,/home/jmulesa/android/lineage/device/oneplus/infiniti-kernel/qti-regmap-debugfs.ko,misc,0,0,33,0,0,0,0,33,mismatch(e976b219!=21d0f8b0),load-fail-module-layout,load-fail-crc,mutex_lock=crc(995658e3!=d5977bfb);_dev_err=crc(6b10178d!=b4ce05a5);mem_alloc_profiling_key=crc(8ee1928d!=0f05f001);kmalloc_caches=crc(d6ce5659!=efe8a82e);__kmalloc_cache_noprof=crc(6cc46e45!=e17134b6);debugfs_create_x32=crc(57c32703!=9c7c92a6);debugfs_create_u32=crc(57c32703!=6510de94);debugfs_create_file_unsafe=crc(d0616c24!=0d777ec1)
qti_amoled_ecm,qti_amoled_ecm,/home/jmulesa/android/lineage/device/oneplus/infiniti-kernel/qti_amoled_ecm.ko,misc,1,0,39,0,0,0,0,39,mismatch(e976b219!=21d0f8b0),load-fail-module-layout,load-fail-crc,__platform_driver_register=crc(26d0cf2d!=12db679a);platform_driver_unregister=crc(8af50346!=6fc35f2b);devm_kmalloc=crc(d1263f9d!=c8c7229e);dev_get_regmap=crc(38acd0f5!=49dc0e6c);of_property_read_variable_u32_array=crc(5de0294f!=e136f93c);of_property_read_string_helper=crc(a5f75b8e!=cd6bda8d);scnprintf=crc(f4386284!=96848186);of_irq_get_byname=crc(2e70b08b!=ff3c2c9f)
qti_battery_debug,qti_battery_debug,/home/jmulesa/android/lineage/device/oneplus/infiniti-kernel/qti_battery_debug.ko,misc,1,0,32,0,0,0,0,32,mismatch(e976b219!=21d0f8b0),load-fail-module-layout,load-fail-crc,__platform_driver_register=crc(26d0cf2d!=12db679a);platform_driver_unregister=crc(8af50346!=6fc35f2b);devm_kmalloc=crc(d1263f9d!=c8c7229e);pmic_glink_register_client=crc(b0110b62!=800b9c77);__mutex_init=crc(81d49dc6!=a571f6b0);__init_swait_queue_head=crc(d4e429b7!=608741b5);sysfs_create_group=crc(3ee3b24e!=62b33777);debugfs_create_dir=crc(85212c97!=5cf4d4de)
qti_btl,qti_btl,/home/jmulesa/android/lineage/device/oneplus/infiniti-kernel/qti_btl.ko,misc,0,0,17,0,0,0,0,17,mismatch(e976b219!=21d0f8b0),load-fail-module-layout,load-fail-crc,scnprintf=crc(f4386284!=96848186);kstrtou16=crc(0a2c0292!=4af6ddf0);__stack_chk_fail=crc(d272d446!=f0fdf6cb);nvmem_device_read=crc(9cf885fe!=96a91aed);sscanf=crc(f5197fd4!=bcab6ee6);_dev_err=crc(6b10178d!=b4ce05a5);__platform_driver_register=crc(26d0cf2d!=12db679a);platform_driver_unregister=crc(8af50346!=6fc35f2b)
qti_cpufreq_cdev,qti_cpufreq_cdev,/home/jmulesa/android/lineage/device/oneplus/infiniti-kernel/qti_cpufreq_cdev.ko,misc,1,0,29,0,0,0,0,29,mismatch(e976b219!=21d0f8b0),load-fail-module-layout,load-fail-crc,__platform_driver_register=crc(26d0cf2d!=12db679a);platform_driver_unregister=crc(8af50346!=6fc35f2b);mutex_lock=crc(995658e3!=d5977bfb);of_get_next_available_child=crc(f2308994!=796ead29);__cpu_possible_mask=crc(4e994f70!=de7ece30);__list_add_valid_or_report=crc(6fabd45b!=7e19152a);of_phandle_iterator_init=crc(bd6d62b7!=461afebf);of_phandle_iterator_next=crc(9f8d22e7!=5ae8d936)
qti_devfreq_cdev,qti_devfreq_cdev,/home/jmulesa/android/lineage/device/oneplus/infiniti-kernel/qti_devfreq_cdev.ko,misc,1,0,18,0,0,0,0,18,mismatch(e976b219!=21d0f8b0),load-fail-module-layout,load-fail-crc,__platform_driver_register=crc(26d0cf2d!=12db679a);platform_driver_unregister=crc(8af50346!=6fc35f2b);devm_kmalloc=crc(d1263f9d!=c8c7229e);__of_parse_phandle_with_args=crc(e99699d5!=1fec5304);of_find_device_by_node=crc(65e45ac5!=a823db6e);device_link_add=crc(20f5ce6b!=0be515ae);put_device=crc(2aa807c4!=234c9de3);dev_pm_opp_get_opp_count=crc(1e135a6f!=166667b7)
qti_dynamic_hw_trip,qti_dynamic_hw_trip,/home/jmulesa/android/lineage/device/oneplus/infiniti-kernel/qti_dynamic_hw_trip.ko,misc,0,0,16,0,0,0,4,12,mismatch(e976b219!=21d0f8b0),load-fail-module-layout,load-fail-crc,__platform_driver_register=crc(26d0cf2d!=12db679a);platform_driver_unregister=crc(8af50346!=6fc35f2b);of_property_read_variable_u32_array=crc(5de0294f!=e136f93c);devm_kmalloc=crc(d1263f9d!=c8c7229e);platform_get_qcom_scmi_device=missing;snprintf=crc(f4386284!=656e4a6e);ipc_log_context_create=missing;thermal_zone_device_register_with_trips=crc(4cb924df!=c74faf3f)
qti_pmic_glink,qti_pmic_glink,/home/jmulesa/android/lineage/device/oneplus/infiniti-kernel/qti_pmic_glink.ko,regulator-pmic,1,0,61,0,0,0,3,58,mismatch(e976b219!=21d0f8b0),load-fail-module-layout,load-fail-crc,down_read=crc(512802b6!=3355da1c);mutex_lock=crc(995658e3!=d5977bfb);rpmsg_send=crc(9023b26d!=a39d99f7);mutex_unlock=crc(995658e3!=ed55cabd);up_read=crc(512802b6!=6b50e951);_printk=crc(16b5b21d!=92997ed8);mem_alloc_profiling_key=crc(8ee1928d!=0f05f001);kmalloc_caches=crc(d6ce5659!=efe8a82e)
qti_power_telemetry,qti_power_telemetry,/home/jmulesa/android/lineage/device/oneplus/infiniti-kernel/qti_power_telemetry.ko,misc,0,0,50,0,0,0,5,45,mismatch(e976b219!=21d0f8b0),load-fail-module-layout,load-fail-crc,trace_event_buffer_reserve=crc(40964d00!=29eba14a);trace_event_buffer_commit=crc(ffe3783c!=2fc1082e);__trace_trigger_soft_disabled=crc(cb5e01d7!=0fd10466);__stack_chk_fail=crc(d272d446!=f0fdf6cb);perf_trace_buf_alloc=crc(231ad1b8!=2d2c902f);perf_trace_run_bpf_submit=crc(2a290ade!=c61f330d);bpf_trace_run4=crc(1c4f6ddb!=1c7a01a8);__platform_driver_register=crc(26d0cf2d!=12db679a)
qti_ptd_share,qti_ptd_share,/home/jmulesa/android/lineage/device/oneplus/infiniti-kernel/qti_ptd_share.ko,misc,0,0,24,0,0,0,11,13,mismatch(e976b219!=21d0f8b0),load-fail-module-layout,load-fail-crc,qptm_get_node_id=missing;qptm_get_node_name=missing;ipc_log_string=missing;strlen=crc(90d19584!=98cf60b3);qcom_smem_is_available=crc(5e505530!=2673f635);qcom_smem_alloc=crc(abdd305c!=34b57571);qcom_smem_get=crc(869bde71!=5899664c);qptm_available_node_count=missing
qti_qmi_cdev,qti_qmi_cdev,/home/jmulesa/android/lineage/device/oneplus/infiniti-kernel/qti_qmi_cdev.ko,misc,1,0,37,0,0,0,0,37,mismatch(e976b219!=21d0f8b0),load-fail-module-layout,load-fail-crc,__platform_driver_register=crc(26d0cf2d!=12db679a);platform_driver_unregister=crc(8af50346!=6fc35f2b);of_get_next_available_child=crc(f2308994!=796ead29);devm_kmalloc=crc(d1263f9d!=c8c7229e);of_property_read_variable_u32_array=crc(5de0294f!=e136f93c);__mutex_init=crc(81d49dc6!=a571f6b0);strnlen=crc(b5bedffb!=a916b694);sized_strscpy=crc(8f8e273c!=476b165a)
qti_qmi_sensor_v2,qti_qmi_sensor_v2,/home/jmulesa/android/lineage/device/oneplus/infiniti-kernel/qti_qmi_sensor_v2.ko,misc,1,0,41,0,0,0,0,41,mismatch(e976b219!=21d0f8b0),load-fail-module-layout,load-fail-crc,strncasecmp=crc(7c65196d!=96b29254);system_highpri_wq=crc(571c73d5!=cd91b127);queue_work_on=crc(8f4cd990!=c5b6f236);_printk=crc(16b5b21d!=92997ed8);__platform_driver_register=crc(26d0cf2d!=12db679a);platform_driver_unregister=crc(8af50346!=6fc35f2b);of_get_next_available_child=crc(f2308994!=796ead29);devm_kmalloc=crc(d1263f9d!=c8c7229e)
qti_thermal_vendor_hooks,qti_thermal_vendor_hooks,/home/jmulesa/android/lineage/device/oneplus/infiniti-kernel/qti_thermal_vendor_hooks.ko,misc,0,0,5,0,0,0,0,5,mismatch(e976b219!=21d0f8b0),load-fail-module-layout,load-fail-crc,__tracepoint_android_vh_thermal_pm_notify_suspend=crc(7c5aa8a7!=baa66ee5);tracepoint_probe_register=crc(15cb871d!=805e2dd2);_printk=crc(16b5b21d!=92997ed8);tracepoint_probe_unregister=crc(15cb871d!=7aba1ef6);module_layout=crc(e976b219!=21d0f8b0)
qti_userspace_cdev,qti_userspace_cdev,/home/jmulesa/android/lineage/device/oneplus/infiniti-kernel/qti_userspace_cdev.ko,misc,1,0,12,0,0,0,0,12,mismatch(e976b219!=21d0f8b0),load-fail-module-layout,load-fail-crc,__platform_driver_register=crc(26d0cf2d!=12db679a);platform_driver_unregister=crc(8af50346!=6fc35f2b);of_get_next_available_child=crc(f2308994!=796ead29);devm_kmalloc=crc(d1263f9d!=c8c7229e);of_property_read_variable_u32_array=crc(5de0294f!=e136f93c);strnlen=crc(b5bedffb!=a916b694);sized_strscpy=crc(8f8e273c!=476b165a);devm_thermal_of_cooling_device_register=crc(484fd7ab!=a2819e23)
qts,qts,/home/jmulesa/android/lineage/device/oneplus/infiniti-kernel/qts.ko,misc,0,0,59,0,0,0,0,59,mismatch(e976b219!=21d0f8b0),load-fail-module-layout,load-fail-crc,mem_alloc_profiling_key=crc(8ee1928d!=0f05f001);kmalloc_caches=crc(d6ce5659!=efe8a82e);__kmalloc_cache_noprof=crc(6cc46e45!=e17134b6);__mutex_init=crc(81d49dc6!=a571f6b0);kernel_kobj=crc(45e1f39a!=ce8498d7);kset_create_and_add=crc(3138eb5c!=bed2df72);mutex_lock=crc(995658e3!=d5977bfb);of_count_phandle_with_args=crc(8144ad5b!=b088bcfc)
radio-i2c-rtc6226-qca,radio_i2c_rtc6226_qca,/home/jmulesa/android/lineage/device/oneplus/infiniti-kernel/radio-i2c-rtc6226-qca.ko,misc,1,0,78,0,0,0,0,78,mismatch(e976b219!=21d0f8b0),load-fail-module-layout,load-fail-crc,_raw_spin_lock_irqsave=crc(aa615763!=34db050b);__kfifo_in=crc(069f1edd!=f23fcb99);_raw_spin_unlock_irqrestore=crc(582af1c8!=d35cce70);__wake_up=crc(f7c60e8b!=e2964344);__stack_chk_fail=crc(d272d446!=f0fdf6cb);_printk=crc(16b5b21d!=92997ed8);wait_for_completion_timeout=crc(6dc35028!=4a3ad70e);msleep=crc(67628f51!=f9a482f9)
rdbg,rdbg,/home/jmulesa/android/lineage/device/oneplus/infiniti-kernel/rdbg.ko,misc,1,0,36,0,0,0,0,36,mismatch(e976b219!=21d0f8b0),load-fail-module-layout,load-fail-crc,mem_alloc_profiling_key=crc(8ee1928d!=0f05f001);__kmalloc_noprof=crc(27865ec7!=52c5c991);__platform_driver_register=crc(26d0cf2d!=12db679a);alloc_chrdev_region=crc(a5dac1ce!=e3ec2f2b);cdev_init=crc(c6764f2d!=a302b90d);cdev_add=crc(67805d93!=cfc099c4);class_create=crc(934914c3!=6fe9dcd4);device_create=crc(ecc3b985!=9b1faacb)
reboot-mode,reboot_mode,/home/jmulesa/android/lineage/device/oneplus/infiniti-kernel/reboot-mode.ko,misc,1,0,16,0,0,0,0,16,mismatch(e976b219!=21d0f8b0),load-fail-module-layout,load-fail-crc,_dev_err=crc(6b10178d!=b4ce05a5);devm_kfree=crc(963fe25e!=5a6368f5);strncmp=crc(d6761c95!=5a921311);devm_kmalloc=crc(d1263f9d!=c8c7229e);of_property_read_variable_u32_array=crc(5de0294f!=e136f93c);kstrdup_const=crc(fda36fca!=365e7911);__list_add_valid_or_report=crc(6fabd45b!=7e19152a);register_reboot_notifier=crc(0a227d4d!=254b636d)
redriver,redriver,/home/jmulesa/android/lineage/device/oneplus/infiniti-kernel/redriver.ko,misc,1,0,8,0,0,0,0,8,mismatch(e976b219!=21d0f8b0),load-fail-module-layout,load-fail-crc,_raw_spin_lock=crc(7c62d7bb!=ba8fbd64);_raw_spin_unlock=crc(7c62d7bb!=b5b54b34);__list_add_valid_or_report=crc(6fabd45b!=7e19152a);__list_del_entry_valid_or_report=crc(802f8919!=9a835040);__of_parse_phandle_with_args=crc(e99699d5!=1fec5304);of_device_is_available=crc(7a32b0be!=946de52f);__stack_chk_fail=crc(d272d446!=f0fdf6cb);module_layout=crc(e976b219!=21d0f8b0)
repeater-qti-pmic-eusb2,repeater_qti_pmic_eusb2,/home/jmulesa/android/lineage/device/oneplus/infiniti-kernel/repeater-qti-pmic-eusb2.ko,regulator-pmic,1,0,38,0,0,0,2,36,mismatch(e976b219!=21d0f8b0),load-fail-module-layout,load-fail-crc,__platform_driver_register=crc(26d0cf2d!=12db679a);platform_driver_unregister=crc(8af50346!=6fc35f2b);devm_kmalloc=crc(d1263f9d!=c8c7229e);dev_get_regmap=crc(38acd0f5!=49dc0e6c);of_property_read_variable_u32_array=crc(5de0294f!=e136f93c);devm_regulator_get=crc(98863b61!=9a807c66);usb_add_repeater_dev=missing;proc_mkdir=crc(17dad4e0!=7518b5f0)
repeater,repeater,/home/jmulesa/android/lineage/device/oneplus/infiniti-kernel/repeater.ko,misc,1,0,18,0,0,0,0,18,mismatch(e976b219!=21d0f8b0),load-fail-module-layout,load-fail-crc,put_device=crc(2aa807c4!=234c9de3);module_put=crc(648e225c!=e89013ef);__devres_alloc_node=crc(6ac151d5!=79c89c68);_raw_spin_lock_irqsave=crc(aa615763!=34db050b);of_device_is_available=crc(7a32b0be!=946de52f);try_module_get=crc(8b4800b3!=ff058995);devres_add=crc(38248392!=01d830d1);get_device=crc(2d56d2a6!=c2749a62)
rmnet_aps,rmnet_aps,/home/jmulesa/android/lineage/device/oneplus/infiniti-kernel/rmnet_aps.ko,network,1,0,61,0,0,0,6,55,mismatch(e976b219!=21d0f8b0),load-fail-module-layout,load-fail-crc,genl_register_family=crc(576db919!=10e9b022);genl_unregister_family=crc(66601109!=179a0b99);nla_memcpy=crc(e9ff1d71!=f1db1704);mutex_lock=crc(995658e3!=d5977bfb);init_net=crc(853101e3!=1e93e6e1);dev_get_by_index=crc(d20845b1!=aeb73f98);strncmp=crc(d6761c95!=5a921311);mutex_unlock=crc(995658e3!=ed55cabd)
rmnet_core,rmnet_core,/home/jmulesa/android/lineage/device/oneplus/infiniti-kernel/rmnet_core.ko,network,1,0,156,0,0,0,12,144,mismatch(e976b219!=21d0f8b0),load-fail-module-layout,load-fail-crc,__dev_get_by_index=crc(d20845b1!=1a9e3228);mem_alloc_profiling_key=crc(8ee1928d!=0f05f001);kmalloc_caches=crc(d6ce5659!=efe8a82e);__kmalloc_cache_noprof=crc(6cc46e45!=e17134b6);kfree=crc(31359e90!=037a0cba);synchronize_rcu=crc(d272d446!=6091797f);unregister_netdevice_queue=crc(dcb4235b!=7c1b701d);nla_put=crc(d7e32719!=f9a61ed4)
rmnet_ctl,rmnet_ctl,/home/jmulesa/android/lineage/device/oneplus/infiniti-kernel/rmnet_ctl.ko,network,1,0,27,0,0,0,7,20,mismatch(e976b219!=21d0f8b0),load-fail-module-layout,load-fail-crc,ipa_register_ipa_ready_cb=missing;_printk=crc(16b5b21d!=92997ed8);ipa_unregister_rmnet_ctl_cb=missing;ipa_register_rmnet_ctl_cb=missing;_raw_spin_lock_bh=crc(7c62d7bb!=0c3690fc);ipa_rmnet_ctl_xmit=missing;_raw_spin_unlock_bh=crc(7c62d7bb!=e46021ca);debugfs_create_dir=crc(85212c97!=5cf4d4de)
rmnet_mem,rmnet_mem,/home/jmulesa/android/lineage/device/oneplus/infiniti-kernel/rmnet_mem.ko,network,1,0,45,0,0,0,0,45,mismatch(e976b219!=21d0f8b0),load-fail-module-layout,load-fail-crc,alt_cb_patch_nops=crc(b8c8345a!=a65c6def);_raw_spin_lock_irqsave=crc(aa615763!=34db050b);raw_notifier_call_chain=crc(b02f5ee9!=caec9cda);_raw_spin_unlock_irqrestore=crc(582af1c8!=d35cce70);raw_notifier_chain_register=crc(0b3dd79c!=354cf7b5);raw_notifier_chain_unregister=crc(0b3dd79c!=07629943);mem_alloc_profiling_key=crc(8ee1928d!=0f05f001);kmalloc_caches=crc(d6ce5659!=efe8a82e)
rmnet_offload,rmnet_offload,/home/jmulesa/android/lineage/device/oneplus/infiniti-kernel/rmnet_offload.ko,network,1,0,33,0,0,0,12,21,mismatch(e976b219!=21d0f8b0),load-fail-module-layout,load-fail-crc,rmnet_module_hook_register=missing;rmnet_module_hook_unregister_no_sync=missing;__stack_chk_fail=crc(d272d446!=f0fdf6cb);rmnet_recycle_frag_descriptor=missing;rmnet_frag_descriptor_add_frags_from=missing;__list_del_entry_valid_or_report=crc(802f8919!=9a835040);__list_add_valid_or_report=crc(6fabd45b!=7e19152a);kstrtoull=crc(3996d9b9!=5c3c7387)
rmnet_perf,rmnet_perf,/home/jmulesa/android/lineage/device/oneplus/infiniti-kernel/rmnet_perf.ko,network,1,0,66,0,0,0,3,63,mismatch(e976b219!=21d0f8b0),load-fail-module-layout,load-fail-crc,ipv6_skip_exthdr=crc(a4f41b33!=c2e19e50);skb_copy_bits=crc(f958eb46!=b155103a);__stack_chk_fail=crc(d272d446!=f0fdf6cb);__pskb_pull_tail=crc(516786dc!=10dfec16);_printk=crc(16b5b21d!=92997ed8);__alloc_skb=crc(f9414958!=f4b23bfd);genlmsg_put=crc(a1bf231c!=fc2ec3dd);mem_alloc_profiling_key=crc(8ee1928d!=0f05f001)
rmnet_perf_tether,rmnet_perf_tether,/home/jmulesa/android/lineage/device/oneplus/infiniti-kernel/rmnet_perf_tether.ko,network,1,0,27,0,0,0,3,24,mismatch(e976b219!=21d0f8b0),load-fail-module-layout,load-fail-crc,_raw_spin_lock_irqsave=crc(aa615763!=34db050b);_raw_spin_unlock_irqrestore=crc(582af1c8!=d35cce70);__stack_chk_fail=crc(d272d446!=f0fdf6cb);__list_add_valid_or_report=crc(6fabd45b!=7e19152a);init_net=crc(853101e3!=1e93e6e1);__dev_get_by_index=crc(d20845b1!=1a9e3228);__list_del_entry_valid_or_report=crc(802f8919!=9a835040);dev_get_by_name=crc(8dcf2ec8!=07058737)
rmnet_sch,rmnet_sch,/home/jmulesa/android/lineage/device/oneplus/infiniti-kernel/rmnet_sch.ko,network,1,0,9,0,0,0,0,9,mismatch(e976b219!=21d0f8b0),load-fail-module-layout,load-fail-crc,_printk=crc(16b5b21d!=92997ed8);register_qdisc=crc(8cfed007!=5b0f0aca);unregister_qdisc=crc(b00b69c3!=981b633b);preempt_schedule_notrace=crc(d272d446!=f70e4a4d);alt_cb_patch_nops=crc(b8c8345a!=a65c6def);kfree_skb_list_reason=crc(bd349df2!=699ceb0a);param_ops_charp=crc(fc32a8b7!=3e92c0ab);param_array_ops=crc(fc32a8b7!=4361b3fa)
rmnet_shs,rmnet_shs,/home/jmulesa/android/lineage/device/oneplus/infiniti-kernel/rmnet_shs.ko,network,1,0,138,0,0,0,33,105,mismatch(e976b219!=21d0f8b0),load-fail-module-layout,load-fail-crc,rmnet_module_hook_unregister_no_sync=missing;rmnet_module_hook_register=missing;__tracepoint_rmnet_shs_wq_low=missing;_raw_spin_lock_bh=crc(7c62d7bb!=0c3690fc);_raw_spin_unlock_bh=crc(7c62d7bb!=e46021ca);__list_add_valid_or_report=crc(6fabd45b!=7e19152a);__cpu_online_mask=crc(4e994f70!=ac594e02);__traceiter_rmnet_shs_wq_low=missing
rmnet_wlan,rmnet_wlan,/home/jmulesa/android/lineage/device/oneplus/infiniti-kernel/rmnet_wlan.ko,network,1,0,70,0,0,0,2,68,mismatch(e976b219!=21d0f8b0),load-fail-module-layout,load-fail-crc,cancel_delayed_work_sync=crc(22a4e35b!=cec49a87);system_wq=crc(571c73d5!=2d3385d3);queue_delayed_work_on=crc(bb4f284a!=42ad47ad);skb_copy_bits=crc(f958eb46!=b155103a);__stack_chk_fail=crc(d272d446!=f0fdf6cb);rmnet_module_hook_register=missing;rmnet_module_hook_unregister_no_sync=missing;synchronize_rcu=crc(d272d446!=6091797f)
rpmh-regulator,rpmh_regulator,/home/jmulesa/android/lineage/device/oneplus/infiniti-kernel/rpmh-regulator.ko,regulator-pmic,0,0,38,0,0,0,6,32,mismatch(e976b219!=21d0f8b0),load-fail-module-layout,load-fail-crc,ipc_log_context_create=missing;__platform_driver_register=crc(26d0cf2d!=12db679a);ipc_log_context_destroy=missing;platform_driver_unregister=crc(8af50346!=6fc35f2b);devm_kmalloc=crc(d1263f9d!=c8c7229e);__mutex_init=crc(81d49dc6!=a571f6b0);of_match_node=crc(fafe4b12!=34675dcc);of_property_read_string=crc(fc9f25c0!=af7cb74b)
rproc_qcom_common,rproc_qcom_common,/home/jmulesa/android/lineage/device/oneplus/infiniti-kernel/rproc_qcom_common.ko,rproc-glink,1,0,82,0,0,0,0,82,mismatch(e976b219!=21d0f8b0),load-fail-module-layout,load-fail-crc,qcom_smem_get=crc(869bde71!=5899664c);_dev_err=crc(6b10178d!=b4ce05a5);kfree=crc(31359e90!=037a0cba);__list_del_entry_valid_or_report=crc(802f8919!=9a835040);rproc_coredump_cleanup=crc(687bd2be!=f7cc3aab);rproc_coredump=crc(687bd2be!=8aedaa45);arm64_use_ng_mappings=crc(3239fbdb!=af56600a);ioremap_prot=crc(c948ac44!=40863ba1)
rtc-pm8xxx,rtc_pm8xxx,/home/jmulesa/android/lineage/device/oneplus/infiniti-kernel/rtc-pm8xxx.ko,regulator-pmic,0,0,29,0,0,0,0,29,mismatch(e976b219!=21d0f8b0),load-fail-module-layout,load-fail-crc,__platform_driver_register=crc(26d0cf2d!=12db679a);platform_driver_unregister=crc(8af50346!=6fc35f2b);of_match_node=crc(fafe4b12!=34675dcc);devm_kmalloc=crc(d1263f9d!=c8c7229e);dev_get_regmap=crc(38acd0f5!=49dc0e6c);platform_get_irq=crc(a39e1523!=f7ca28dd);of_find_property=crc(9a0c7532!=6b201699);devm_nvmem_cell_get=crc(8ac07a09!=2dbbd3bd)
saupwk,saupwk,/home/jmulesa/android/lineage/device/oneplus/infiniti-kernel/saupwk.ko,misc,0,0,2,0,0,0,0,2,mismatch(e976b219!=21d0f8b0),load-fail-module-layout,load-fail-crc,param_ops_string=crc(fc32a8b7!=b24413bf);module_layout=crc(e976b219!=21d0f8b0)
sched-walt,sched_walt,/home/jmulesa/android/lineage/device/oneplus/infiniti-kernel/sched-walt.ko,sched-pm,0,0,347,0,0,0,45,302,mismatch(e976b219!=21d0f8b0),load-fail-module-layout,load-fail-crc,init_task=crc(35075030!=73caefdc);vendor_data_pad=crc(f54e5881!=d820ab9a);sched_clock=crc(f018baf9!=e94986d6);_printk_deferred=crc(16b5b21d!=1e19eb6c);nr_cpu_ids=crc(f296206e!=017de3d5);scnprintf=crc(f4386284!=96848186);__stack_chk_fail=crc(d272d446!=f0fdf6cb);__per_cpu_offset=crc(0de4cab5!=280f9f14)
sdca_registers_dlkm,sdca_registers_dlkm,/home/jmulesa/android/lineage/device/oneplus/infiniti-kernel/sdca_registers_dlkm.ko,misc,0,0,18,0,0,0,0,18,mismatch(e976b219!=21d0f8b0),load-fail-module-layout,load-fail-crc,debugfs_create_dir=crc(85212c97!=5cf4d4de);debugfs_create_file=crc(d0616c24!=4e870156);_dev_err=crc(6b10178d!=b4ce05a5);debugfs_remove=crc(608c0df3!=b7c7d237);snprintf=crc(f4386284!=656e4a6e);simple_read_from_buffer=crc(f7ec7b9a!=9c81ceff);__stack_chk_fail=crc(d272d446!=f0fdf6cb);__check_object_size=crc(5c76e3f3!=88db9f48)
sdhci-msm,sdhci_msm,/home/jmulesa/android/lineage/device/oneplus/infiniti-kernel/sdhci-msm.ko,misc,0,0,155,0,0,0,2,153,mismatch(e976b219!=21d0f8b0),load-fail-module-layout,load-fail-crc,__platform_driver_register=crc(26d0cf2d!=12db679a);platform_driver_unregister=crc(8af50346!=6fc35f2b);log_read_mmio=crc(f5e9ca2e!=6b722180);log_post_read_mmio=crc(ec62c96b!=0c1a5ee3);log_write_mmio=crc(295b83ed!=c905402b);log_post_write_mmio=crc(295b83ed!=fa4d3c24);of_find_property=crc(9a0c7532!=6b201699);nvmem_cell_get=crc(8ac07a09!=979b55bb)
secure_buffer,secure_buffer,/home/jmulesa/android/lineage/device/oneplus/infiniti-kernel/secure_buffer.ko,secure,0,0,39,0,0,0,0,39,mismatch(e976b219!=21d0f8b0),load-fail-module-layout,load-fail-crc,trace_event_buffer_reserve=crc(40964d00!=29eba14a);memcpy=crc(8a7493b2!=4829a47e);trace_event_buffer_commit=crc(ffe3783c!=2fc1082e);__trace_trigger_soft_disabled=crc(cb5e01d7!=0fd10466);__stack_chk_fail=crc(d272d446!=f0fdf6cb);perf_trace_buf_alloc=crc(231ad1b8!=2d2c902f);perf_trace_run_bpf_submit=crc(2a290ade!=c61f330d);bpf_trace_run5=crc(df495bd0!=e3c00b45)
sg,sg,/home/jmulesa/android/lineage/device/oneplus/infiniti-kernel/sg.ko,misc,0,0,95,0,0,0,0,95,mismatch(e976b219!=21d0f8b0),load-fail-module-layout,load-fail-crc,register_chrdev_region=crc(e3a536c7!=3fd78f3b);class_register=crc(34c2451d!=eab1dce0);unregister_chrdev_region=crc(0bc5fb0d!=6091b333);scsi_register_interface=crc(4f285ae5!=f1896cc0);class_unregister=crc(0eaa09a8!=acd3d5bd);register_sysctl_sz=crc(695cd80d!=3bd45f5c);unregister_sysctl_table=crc(7a4f524e!=1693c4c3);class_interface_unregister=crc(ec7f110c!=dc71c5da)
si_core_module,si_core_module,/home/jmulesa/android/lineage/device/oneplus/infiniti-kernel/si_core_module.ko,misc,1,0,70,0,0,0,1,69,mismatch(e976b219!=21d0f8b0),load-fail-module-layout,load-fail-crc,qcom_scm_invoke_smc=crc(fc03a89b!=6a57beeb);qcom_scm_invoke_callback_response=crc(a3ea39cb!=46af89ee);msleep=crc(67628f51!=f9a482f9);_printk=crc(16b5b21d!=92997ed8);__cpu_online_mask=crc(4e994f70!=ac594e02);preempt_schedule_notrace=crc(d272d446!=f70e4a4d);strlen=crc(90d19584!=98cf60b3);trace_event_buffer_reserve=crc(40964d00!=29eba14a)
simple_amp_dlkm,simple_amp_dlkm,/home/jmulesa/android/lineage/device/oneplus/infiniti-kernel/simple_amp_dlkm.ko,misc,0,0,75,0,0,0,9,66,mismatch(e976b219!=21d0f8b0),load-fail-module-layout,load-fail-crc,_printk=crc(16b5b21d!=92997ed8);regmap_read=crc(23aa8f00!=64311477);___ratelimit=crc(a3384a5c!=f5edea2e);__stack_chk_fail=crc(d272d446!=f0fdf6cb);swr_driver_register=missing;swr_driver_unregister=missing;devm_kmalloc=crc(d1263f9d!=c8c7229e);of_property_count_elems_of_size=crc(a657ffb0!=a079425d)
slc_mpam,slc_mpam,/home/jmulesa/android/lineage/device/oneplus/infiniti-kernel/slc_mpam.ko,misc,1,0,35,0,0,0,9,26,mismatch(e976b219!=21d0f8b0),load-fail-module-layout,load-fail-crc,__platform_driver_register=crc(26d0cf2d!=12db679a);platform_driver_unregister=crc(8af50346!=6fc35f2b);platform_mpam_get_root_group=missing;qcom_msc_lookup=missing;msc_system_get_mpam_version=missing;of_get_next_child=crc(f2308994!=7c7f271f);sized_strscpy=crc(8f8e273c!=476b165a);of_property_read_variable_u32_array=crc(5de0294f!=e136f93c)
slc_perfmon,slc_perfmon,/home/jmulesa/android/lineage/device/oneplus/infiniti-kernel/slc_perfmon.ko,misc,0,0,43,0,0,0,1,42,mismatch(e976b219!=21d0f8b0),load-fail-module-layout,load-fail-crc,__platform_driver_register=crc(26d0cf2d!=12db679a);platform_driver_unregister=crc(8af50346!=6fc35f2b);get_qcom_scmi_device=missing;devm_clk_get=crc(f92eae1a!=ea23ff02);devm_kmalloc=crc(d1263f9d!=c8c7229e);__mutex_init=crc(81d49dc6!=a571f6b0);of_property_read_variable_u32_array=crc(5de0294f!=e136f93c);platform_get_resource_byname=crc(cc1c0f0f!=374f8976)
slim-qcom-ngd-ctrl,slim_qcom_ngd_ctrl,/home/jmulesa/android/lineage/device/oneplus/infiniti-kernel/slim-qcom-ngd-ctrl.ko,misc,1,0,118,0,0,0,3,115,mismatch(e976b219!=21d0f8b0),load-fail-module-layout,load-fail-crc,strlen=crc(90d19584!=98cf60b3);trace_event_buffer_reserve=crc(40964d00!=29eba14a);memcpy=crc(8a7493b2!=4829a47e);vsnprintf=crc(78dfe782!=00148653);trace_event_buffer_commit=crc(ffe3783c!=2fc1082e);__trace_trigger_soft_disabled=crc(cb5e01d7!=0fd10466);__stack_chk_fail=crc(d272d446!=f0fdf6cb);perf_trace_buf_alloc=crc(231ad1b8!=2d2c902f)
slimbus,slimbus,/home/jmulesa/android/lineage/device/oneplus/infiniti-kernel/slimbus.ko,misc,1,0,51,0,0,0,0,51,mismatch(e976b219!=21d0f8b0),load-fail-module-layout,load-fail-crc,of_match_device=crc(dc0ce4b9!=d7c2b302);add_uevent_var=crc(b7ec1db1!=9c6febfc);_dev_err=crc(6b10178d!=b4ce05a5);driver_register=crc(794ad139!=c063a775);driver_unregister=crc(7ec07b0d!=56e19f9a);ida_alloc_range=crc(9d6ab308!=89d256b7);__mutex_init=crc(81d49dc6!=a571f6b0);__init_swait_queue_head=crc(d4e429b7!=608741b5)
smcinvoke_dlkm,smcinvoke_dlkm,/home/jmulesa/android/lineage/device/oneplus/infiniti-kernel/smcinvoke_dlkm.ko,secure,1,0,82,0,0,0,8,74,mismatch(e976b219!=21d0f8b0),load-fail-module-layout,load-fail-crc,provide_qseecom_kernel_fun_ops=missing;memset=crc(110f4d3a!=dcb764ad);snprintf=crc(f4386284!=656e4a6e);firmware_request_nowarn=crc(34ad6a9e!=6f97c204);mem_alloc_profiling_key=crc(8ee1928d!=0f05f001);__kmalloc_noprof=crc(27865ec7!=52c5c991);qtee_shmbridge_allocate_shm=crc(8c00d5f5!=79123a12);memcpy=crc(8a7493b2!=4829a47e)
smem-mailbox,smem_mailbox,/home/jmulesa/android/lineage/device/oneplus/infiniti-kernel/smem-mailbox.ko,misc,1,0,21,0,0,0,0,21,mismatch(e976b219!=21d0f8b0),load-fail-module-layout,load-fail-crc,_printk=crc(16b5b21d!=92997ed8);qcom_smem_get=crc(869bde71!=5899664c);__memcpy_fromio=crc(7c5d831e!=5d112304);mem_alloc_profiling_key=crc(8ee1928d!=0f05f001);kmalloc_caches=crc(d6ce5659!=efe8a82e);__kmalloc_cache_noprof=crc(6cc46e45!=e17134b6);strnlen=crc(b5bedffb!=a916b694);sized_strscpy=crc(8f8e273c!=476b165a)
smem,smem,/home/jmulesa/android/lineage/device/oneplus/infiniti-kernel/smem.ko,misc,0,0,24,0,0,0,0,24,mismatch(e976b219!=21d0f8b0),load-fail-module-layout,load-fail-crc,hwspin_lock_bust=crc(24972801!=82294aa1);__hwspin_lock_timeout=crc(774be9b8!=213508c1);__hwspin_unlock=crc(cf1ef8fd!=c64e5c2f);_dev_err=crc(6b10178d!=b4ce05a5);__stack_chk_fail=crc(d272d446!=f0fdf6cb);__platform_driver_register=crc(26d0cf2d!=12db679a);platform_driver_unregister=crc(8af50346!=6fc35f2b);of_find_property=crc(9a0c7532!=6b201699)
smmu_proxy_dlkm,smmu_proxy_dlkm,/home/jmulesa/android/lineage/device/oneplus/infiniti-kernel/smmu_proxy_dlkm.ko,secure,1,0,38,0,0,0,1,37,mismatch(e976b219!=21d0f8b0),load-fail-module-layout,load-fail-crc,get_client_env_object=missing;_printk=crc(16b5b21d!=92997ed8);__stack_chk_fail=crc(d272d446!=f0fdf6cb);alloc_chrdev_region=crc(a5dac1ce!=e3ec2f2b);class_create=crc(934914c3!=6fe9dcd4);cdev_init=crc(c6764f2d!=a302b90d);cdev_add=crc(67805d93!=cfc099c4);device_create=crc(ecc3b985!=9b1faacb)
smp2p,smp2p,/home/jmulesa/android/lineage/device/oneplus/infiniti-kernel/smp2p.ko,misc,1,0,74,0,0,0,2,72,mismatch(e976b219!=21d0f8b0),load-fail-module-layout,load-fail-crc,trace_event_buffer_reserve=crc(40964d00!=29eba14a);trace_event_buffer_commit=crc(ffe3783c!=2fc1082e);__trace_trigger_soft_disabled=crc(cb5e01d7!=0fd10466);__stack_chk_fail=crc(d272d446!=f0fdf6cb);perf_trace_buf_alloc=crc(231ad1b8!=2d2c902f);perf_trace_run_bpf_submit=crc(2a290ade!=c61f330d);bpf_trace_run1=crc(bcae9d73!=e80494d6);kfree=crc(31359e90!=037a0cba)
smp2p_sleepstate,smp2p_sleepstate,/home/jmulesa/android/lineage/device/oneplus/infiniti-kernel/smp2p_sleepstate.ko,misc,1,0,16,0,0,0,0,16,mismatch(e976b219!=21d0f8b0),load-fail-module-layout,load-fail-crc,__platform_driver_register=crc(26d0cf2d!=12db679a);_printk=crc(16b5b21d!=92997ed8);qcom_smem_state_get=crc(0e5e7e55!=8518e47f);qcom_smem_state_update_bits=crc(abfcb568!=f730fb4a);qcom_smem_alloc=crc(abdd305c!=34b57571);qcom_smem_get=crc(869bde71!=5899664c);register_pm_notifier=crc(0a227d4d!=75966ec2);wakeup_source_register=crc(6f3ab219!=0f314d3e)
snd-usb-audio-qmi,snd_usb_audio_qmi,/home/jmulesa/android/lineage/device/oneplus/infiniti-kernel/snd-usb-audio-qmi.ko,misc,1,0,67,0,0,0,3,64,mismatch(e976b219!=21d0f8b0),load-fail-module-layout,load-fail-crc,__platform_driver_register=crc(26d0cf2d!=12db679a);qmi_handle_release=crc(43e77c9f!=d43d1640);kfree=crc(31359e90!=037a0cba);ipc_log_context_destroy=missing;platform_driver_unregister=crc(8af50346!=6fc35f2b);devm_kmalloc=crc(d1263f9d!=c8c7229e);of_property_read_variable_u32_array=crc(5de0294f!=e136f93c);iommu_domain_alloc=crc(c601bc97!=26b40c76)
snd_event_dlkm,snd_event_dlkm,/home/jmulesa/android/lineage/device/oneplus/infiniti-kernel/snd_event_dlkm.ko,misc,1,0,13,0,0,0,0,13,mismatch(e976b219!=21d0f8b0),load-fail-module-layout,load-fail-crc,mem_alloc_profiling_key=crc(8ee1928d!=0f05f001);kmalloc_caches=crc(d6ce5659!=efe8a82e);__kmalloc_cache_noprof=crc(6cc46e45!=e17134b6);mutex_lock=crc(995658e3!=d5977bfb);mutex_unlock=crc(995658e3!=ed55cabd);___ratelimit=crc(a3384a5c!=f5edea2e);_printk=crc(16b5b21d!=92997ed8);__list_add_valid_or_report=crc(6fabd45b!=7e19152a)
socinfo,socinfo,/home/jmulesa/android/lineage/device/oneplus/infiniti-kernel/socinfo.ko,misc,0,0,31,0,0,0,0,31,mismatch(e976b219!=21d0f8b0),load-fail-module-layout,load-fail-crc,_printk=crc(16b5b21d!=92997ed8);strnlen=crc(b5bedffb!=a916b694);sized_strscpy=crc(8f8e273c!=476b165a);__fortify_panic=crc(31b67631!=75ca79b5);__platform_driver_register=crc(26d0cf2d!=12db679a);platform_driver_unregister=crc(8af50346!=6fc35f2b);qcom_smem_get=crc(869bde71!=5899664c);devm_kmalloc=crc(d1263f9d!=c8c7229e)
spcom,spcom,/home/jmulesa/android/lineage/device/oneplus/infiniti-kernel/spcom.ko,misc,1,0,73,0,0,0,3,70,mismatch(e976b219!=21d0f8b0),load-fail-module-layout,load-fail-crc,_printk=crc(16b5b21d!=92997ed8);ipc_log_string=missing;__platform_driver_register=crc(26d0cf2d!=12db679a);platform_driver_unregister=crc(8af50346!=6fc35f2b);of_find_property=crc(9a0c7532!=6b201699);mem_alloc_profiling_key=crc(8ee1928d!=0f05f001);__kmalloc_large_noprof=crc(27865ec7!=441d0de9);__mutex_init=crc(81d49dc6!=a571f6b0)
spf_core_dlkm,spf_core_dlkm,/home/jmulesa/android/lineage/device/oneplus/infiniti-kernel/spf_core_dlkm.ko,misc,1,0,36,0,0,0,3,33,mismatch(e976b219!=21d0f8b0),load-fail-module-layout,load-fail-crc,mutex_lock=crc(995658e3!=d5977bfb);jiffies=crc(f2a4b08a!=15ba50a6);__msecs_to_jiffies=crc(7162a662!=7f02188f);___ratelimit=crc(a3384a5c!=f5edea2e);usleep_range_state=crc(fdbae8c6!=c3055d20);gpr_send_pkt=missing;init_wait_entry=crc(6668f05d!=fe487975);prepare_to_wait_event=crc(a29be00c!=8c26d495)
spi-msm-geni,spi_msm_geni,/home/jmulesa/android/lineage/device/oneplus/infiniti-kernel/spi-msm-geni.ko,misc,1,0,107,0,0,0,3,104,mismatch(e976b219!=21d0f8b0),load-fail-module-layout,load-fail-crc,strlen=crc(90d19584!=98cf60b3);trace_event_buffer_reserve=crc(40964d00!=29eba14a);memcpy=crc(8a7493b2!=4829a47e);vsnprintf=crc(78dfe782!=00148653);trace_event_buffer_commit=crc(ffe3783c!=2fc1082e);__trace_trigger_soft_disabled=crc(cb5e01d7!=0fd10466);__stack_chk_fail=crc(d272d446!=f0fdf6cb);perf_trace_buf_alloc=crc(231ad1b8!=2d2c902f)
spmi-pmic-arb-debug,spmi_pmic_arb_debug,/home/jmulesa/android/lineage/device/oneplus/infiniti-kernel/spmi-pmic-arb-debug.ko,regulator-pmic,1,0,33,0,0,0,0,33,mismatch(e976b219!=21d0f8b0),load-fail-module-layout,load-fail-crc,__platform_driver_register=crc(26d0cf2d!=12db679a);platform_driver_unregister=crc(8af50346!=6fc35f2b);of_property_read_variable_u32_array=crc(5de0294f!=e136f93c);platform_get_resource_byname=crc(cc1c0f0f!=374f8976);arm64_use_ng_mappings=crc(3239fbdb!=af56600a);ioremap_prot=crc(c948ac44!=40863ba1);iounmap=crc(fbb66790!=edc03953);devm_kmalloc=crc(d1263f9d!=c8c7229e)
spmi-pmic-arb,spmi_pmic_arb,/home/jmulesa/android/lineage/device/oneplus/infiniti-kernel/spmi-pmic-arb.ko,regulator-pmic,0,0,56,0,0,0,0,56,mismatch(e976b219!=21d0f8b0),load-fail-module-layout,load-fail-crc,__of_parse_phandle_with_args=crc(e99699d5!=1fec5304);of_device_is_compatible=crc(c993f0e5!=2077fc84);of_find_device_by_node=crc(65e45ac5!=a823db6e);_printk=crc(16b5b21d!=92997ed8);__stack_chk_fail=crc(d272d446!=f0fdf6cb);__platform_driver_register=crc(26d0cf2d!=12db679a);platform_driver_unregister=crc(8af50346!=6fc35f2b);devm_kmalloc=crc(d1263f9d!=c8c7229e)
sps_drv,sps_drv,/home/jmulesa/android/lineage/device/oneplus/infiniti-kernel/sps_drv.ko,misc,1,0,72,0,0,0,3,69,mismatch(e976b219!=21d0f8b0),load-fail-module-layout,load-fail-crc,ipc_log_string=missing;_printk=crc(16b5b21d!=92997ed8);___ratelimit=crc(a3384a5c!=f5edea2e);memstart_addr=crc(c9a2f5d2!=9688de8b);scnprintf=crc(f4386284!=96848186);__stack_chk_fail=crc(d272d446!=f0fdf6cb);log_read_mmio=crc(f5e9ca2e!=6b722180);log_post_read_mmio=crc(ec62c96b!=0c1a5ee3)
spss_utils,spss_utils,/home/jmulesa/android/lineage/device/oneplus/infiniti-kernel/spss_utils.ko,misc,1,0,52,0,0,0,0,52,mismatch(e976b219!=21d0f8b0),load-fail-module-layout,load-fail-crc,__platform_driver_register=crc(26d0cf2d!=12db679a);_printk=crc(16b5b21d!=92997ed8);platform_driver_unregister=crc(8af50346!=6fc35f2b);of_property_read_string=crc(fc9f25c0!=af7cb74b);of_property_read_variable_u32_array=crc(5de0294f!=e136f93c);arm64_use_ng_mappings=crc(3239fbdb!=af56600a);ioremap_prot=crc(c948ac44!=40863ba1);iounmap=crc(fbb66790!=edc03953)
st_fts,st_fts,/home/jmulesa/android/lineage/device/oneplus/infiniti-kernel/st_fts.ko,misc,0,0,94,0,0,0,2,92,mismatch(e976b219!=21d0f8b0),load-fail-module-layout,load-fail-crc,input_event=crc(9c6be304!=cc898074);input_mt_report_slot_state=crc(61e6a0fd!=9392de81);mutex_lock=crc(995658e3!=d5977bfb);mutex_unlock=crc(995658e3!=ed55cabd);panel_event_notifier_register=crc(8447562d!=f3264f01);mem_alloc_profiling_key=crc(8ee1928d!=0f05f001);kmalloc_caches=crc(d6ce5659!=efe8a82e);__kmalloc_cache_noprof=crc(6cc46e45!=e17134b6)
stm_console,stm_console,/home/jmulesa/android/lineage/device/oneplus/infiniti-kernel/stm_console.ko,misc,1,0,6,0,0,0,0,6,mismatch(e976b219!=21d0f8b0),load-fail-module-layout,load-fail-crc,stm_source_register_device=crc(d77c27a1!=8aa2b0db);stm_source_unregister_device=crc(c9c8ab5a!=4afe1b3d);register_console=crc(092279bd!=8ec5dfd8);unregister_console=crc(3b46cc3a!=27a10d16);stm_source_write=crc(bfae5e92!=0c2977e9);module_layout=crc(e976b219!=21d0f8b0)
stm_core,stm_core,/home/jmulesa/android/lineage/device/oneplus/infiniti-kernel/stm_core.ko,misc,1,0,72,0,0,0,0,72,mismatch(e976b219!=21d0f8b0),load-fail-module-layout,load-fail-crc,device_match_name=crc(ee9df0a8!=8a4ceb38);class_find_device=crc(1dd811f7!=f9874213);try_module_get=crc(8b4800b3!=ff058995);put_device=crc(2aa807c4!=234c9de3);module_put=crc(648e225c!=e89013ef);mutex_lock=crc(995658e3!=d5977bfb);strcmp=crc(f5df0401!=e2d5255a);mem_alloc_profiling_key=crc(8ee1928d!=0f05f001)
stm_ftrace,stm_ftrace,/home/jmulesa/android/lineage/device/oneplus/infiniti-kernel/stm_ftrace.ko,misc,1,0,9,0,0,0,0,9,mismatch(e976b219!=21d0f8b0),load-fail-module-layout,load-fail-crc,__cpu_possible_mask=crc(4e994f70!=de7ece30);__sw_hweight64=crc(be1fa9a4!=9f46ced8);stm_source_register_device=crc(d77c27a1!=8aa2b0db);_printk=crc(16b5b21d!=92997ed8);stm_source_unregister_device=crc(c9c8ab5a!=4afe1b3d);register_ftrace_export=crc(d4d0f49b!=1eb8692f);unregister_ftrace_export=crc(d4d0f49b!=b4c420e3);stm_source_write=crc(bfae5e92!=0c2977e9)
stm_heartbeat,stm_heartbeat,/home/jmulesa/android/lineage/device/oneplus/infiniti-kernel/stm_heartbeat.ko,misc,1,0,11,0,0,0,0,11,mismatch(e976b219!=21d0f8b0),load-fail-module-layout,load-fail-crc,kasprintf=crc(ee6b5fe5!=fb384d37);hrtimer_init=crc(80684a2f!=ea82d349);stm_source_register_device=crc(d77c27a1!=8aa2b0db);stm_source_unregister_device=crc(c9c8ab5a!=4afe1b3d);kfree=crc(31359e90!=037a0cba);hrtimer_start_range_ns=crc(afb2b6c9!=c0b7c197);hrtimer_cancel=crc(f42c304c!=102fe6de);stm_source_write=crc(bfae5e92!=0c2977e9)
stm_nfc_i2c,stm_nfc_i2c,/home/jmulesa/android/lineage/device/oneplus/infiniti-kernel/stm_nfc_i2c.ko,misc,0,0,61,0,0,0,1,60,mismatch(e976b219!=21d0f8b0),load-fail-module-layout,load-fail-crc,nvmem_cell_write=crc(791ba436!=202d4ed6);_printk=crc(16b5b21d!=92997ed8);nvmem_cell_read=crc(22690a37!=99f018c4);_dev_err=crc(6b10178d!=b4ce05a5);_dev_info=crc(6b10178d!=401167cc);kfree=crc(31359e90!=037a0cba);__stack_chk_fail=crc(d272d446!=f0fdf6cb);gpiod_get_value=crc(8fdfd4d8!=fc33665c)
stm_p_ost,stm_p_ost,/home/jmulesa/android/lineage/device/oneplus/infiniti-kernel/stm_p_ost.ko,misc,1,0,15,0,0,0,0,15,mismatch(e976b219!=21d0f8b0),load-fail-module-layout,load-fail-crc,stm_register_protocol=crc(e6a89596!=ed4fba83);stm_unregister_protocol=crc(ba8386d0!=5db41e47);sched_clock=crc(f018baf9!=e94986d6);stm_data_write=crc(14eed713!=ef4eedb3);__stack_chk_fail=crc(d272d446!=f0fdf6cb);mem_alloc_profiling_key=crc(8ee1928d!=0f05f001);kmalloc_caches=crc(d6ce5659!=efe8a82e);__kmalloc_cache_noprof=crc(6cc46e45!=e17134b6)
stm_st54se_gpio,stm_st54se_gpio,/home/jmulesa/android/lineage/device/oneplus/infiniti-kernel/stm_st54se_gpio.ko,misc,0,0,23,0,0,0,0,23,mismatch(e976b219!=21d0f8b0),load-fail-module-layout,load-fail-crc,gpio_to_desc=crc(a49e2188!=07183fe6);gpiod_get_raw_value=crc(8fdfd4d8!=a191ccd1);gpiod_set_raw_value=crc(ffbbe456!=64748600);usleep_range_state=crc(fdbae8c6!=c3055d20);_printk=crc(16b5b21d!=92997ed8);__platform_driver_register=crc(26d0cf2d!=12db679a);platform_driver_unregister=crc(8af50346!=6fc35f2b);devm_kmalloc=crc(d1263f9d!=c8c7229e)
storage_log,storage_log,/home/jmulesa/android/lineage/device/oneplus/infiniti-kernel/storage_log.ko,misc,0,0,26,0,0,0,0,26,mismatch(e976b219!=21d0f8b0),load-fail-module-layout,load-fail-crc,vsnprintf=crc(78dfe782!=00148653);sched_clock=crc(f018baf9!=e94986d6);sprintf=crc(69b7acda!=3c3ff9fd);_raw_spin_lock_irqsave=crc(aa615763!=34db050b);memcpy=crc(8a7493b2!=4829a47e);_raw_spin_unlock_irqrestore=crc(582af1c8!=d35cce70);__fortify_panic=crc(31b67631!=75ca79b5);__stack_chk_fail=crc(d272d446!=f0fdf6cb)
stub-regulator,stub_regulator,/home/jmulesa/android/lineage/device/oneplus/infiniti-kernel/stub-regulator.ko,regulator-pmic,0,0,12,0,0,0,1,11,mismatch(e976b219!=21d0f8b0),load-fail-module-layout,load-fail-crc,__platform_driver_register=crc(26d0cf2d!=12db679a);platform_driver_unregister=crc(8af50346!=6fc35f2b);devm_kmalloc=crc(d1263f9d!=c8c7229e);of_get_regulator_init_data=crc(e56d3b9b!=ab55fd9d);of_property_read_variable_u32_array=crc(5de0294f!=e136f93c);devm_kstrdup=crc(63b8d0f8!=e857de28);devm_regulator_register=crc(3d34a210!=d6863b92);devm_regulator_debug_register=missing
stub_dlkm,stub_dlkm,/home/jmulesa/android/lineage/device/oneplus/infiniti-kernel/stub_dlkm.ko,misc,1,0,5,0,0,0,0,5,mismatch(e976b219!=21d0f8b0),load-fail-module-layout,load-fail-crc,__platform_driver_register=crc(26d0cf2d!=12db679a);platform_driver_unregister=crc(8af50346!=6fc35f2b);snd_soc_register_component=crc(61a945c4!=6676a1b8);snd_soc_unregister_component=crc(4ee10116!=9bd3b281);module_layout=crc(e976b219!=21d0f8b0)
swr_ctrl_dlkm,swr_ctrl_dlkm,/home/jmulesa/android/lineage/device/oneplus/infiniti-kernel/swr_ctrl_dlkm.ko,audio,1,0,113,0,0,0,16,97,mismatch(e976b219!=21d0f8b0),load-fail-module-layout,load-fail-crc,of_get_named_gpio=crc(08f8b82c!=5e292cf6);gpio_to_desc=crc(a49e2188!=07183fe6);gpiod_to_irq=crc(8fdfd4d8!=7ec9701a);___ratelimit=crc(a3384a5c!=f5edea2e);platform_get_irq_byname=crc(95367eeb!=9e400c59);request_threaded_irq=crc(c407eb52!=92d5838e);_dev_err=crc(6b10178d!=b4ce05a5);irq_set_irq_wake=crc(fe9be5a6!=ce2840e7)
swr_dlkm,swr_dlkm,/home/jmulesa/android/lineage/device/oneplus/infiniti-kernel/swr_dlkm.ko,audio,1,0,42,0,0,0,0,42,mismatch(e976b219!=21d0f8b0),load-fail-module-layout,load-fail-crc,__regmap_init=crc(ed49dd68!=8c54772b);__devm_regmap_init=crc(ed49dd68!=96a71dd8);dev_get_regmap=crc(38acd0f5!=49dc0e6c);mem_alloc_profiling_key=crc(8ee1928d!=0f05f001);__kmalloc_noprof=crc(27865ec7!=52c5c991);___ratelimit=crc(a3384a5c!=f5edea2e);kfree=crc(31359e90!=037a0cba);_dev_err=crc(6b10178d!=b4ce05a5)
swr_dmic_dlkm,swr_dmic_dlkm,/home/jmulesa/android/lineage/device/oneplus/infiniti-kernel/swr_dmic_dlkm.ko,audio,1,0,43,0,0,0,10,33,mismatch(e976b219!=21d0f8b0),load-fail-module-layout,load-fail-crc,swr_driver_register=missing;swr_driver_unregister=missing;devm_kmalloc=crc(d1263f9d!=c8c7229e);of_property_read_variable_u32_array=crc(5de0294f!=e136f93c);__of_parse_phandle_with_args=crc(e99699d5!=1fec5304);of_find_device_by_node=crc(65e45ac5!=a823db6e);snd_soc_lookup_component=crc(a66c1efd!=9994ec84);wcd939x_codec_force_enable_micbias_v2=missing
swr_haptics_dlkm,swr_haptics_dlkm,/home/jmulesa/android/lineage/device/oneplus/infiniti-kernel/swr_haptics_dlkm.ko,audio,1,0,41,0,0,0,12,29,mismatch(e976b219!=21d0f8b0),load-fail-module-layout,load-fail-crc,swr_driver_register=missing;swr_driver_unregister=missing;devm_kmalloc=crc(d1263f9d!=c8c7229e);of_device_get_match_data=crc(be4e2011!=14fe5355);__mutex_init=crc(81d49dc6!=a571f6b0);of_property_read_variable_u32_array=crc(5de0294f!=e136f93c);of_find_property=crc(9a0c7532!=6b201699);devm_regulator_get=crc(98863b61!=9a807c66)
sync_fence,sync_fence,/home/jmulesa/android/lineage/device/oneplus/infiniti-kernel/sync_fence.ko,mm-driver,1,0,55,0,0,0,0,55,mismatch(e976b219!=21d0f8b0),load-fail-module-layout,load-fail-crc,__msecs_to_jiffies=crc(7162a662!=7f02188f);init_wait_entry=crc(6668f05d!=fe487975);prepare_to_wait_event=crc(a29be00c!=8c26d495);schedule_timeout=crc(0bac81a1!=8ddd8aad);finish_wait=crc(3d03c2e0!=92540fbf);_printk=crc(16b5b21d!=92997ed8);__stack_chk_fail=crc(d272d446!=f0fdf6cb);__fortify_panic=crc(31b67631!=75ca79b5)
synx-driver,synx_driver,/home/jmulesa/android/lineage/device/oneplus/infiniti-kernel/synx-driver.ko,mm-driver,1,0,105,0,0,0,15,90,mismatch(e976b219!=21d0f8b0),load-fail-module-layout,load-fail-crc,_printk=crc(16b5b21d!=92997ed8);mutex_lock=crc(995658e3!=d5977bfb);mutex_unlock=crc(995658e3!=ed55cabd);___ratelimit=crc(a3384a5c!=f5edea2e);kfree=crc(31359e90!=037a0cba);dma_fence_array_ops=crc(2f6bf308!=8a833583);dma_fence_remove_callback=crc(24823257!=70daa11e);_raw_spin_lock_irqsave=crc(aa615763!=34db050b)
sys_pm_vx,sys_pm_vx,/home/jmulesa/android/lineage/device/oneplus/infiniti-kernel/sys_pm_vx.ko,misc,1,0,42,0,0,0,0,42,mismatch(e976b219!=21d0f8b0),load-fail-module-layout,load-fail-crc,mutex_lock=crc(995658e3!=d5977bfb);mutex_unlock=crc(995658e3!=ed55cabd);__platform_driver_register=crc(26d0cf2d!=12db679a);platform_driver_unregister=crc(8af50346!=6fc35f2b);devm_kmalloc=crc(d1263f9d!=c8c7229e);of_iomap=crc(e2ff4068!=aba63322);of_match_node=crc(fafe4b12!=34675dcc);debugfs_create_dir=crc(85212c97!=5cf4d4de)
sysmon_subsystem_stats,sysmon_subsystem_stats,/home/jmulesa/android/lineage/device/oneplus/infiniti-kernel/sysmon_subsystem_stats.ko,misc,1,0,26,0,0,0,0,26,mismatch(e976b219!=21d0f8b0),load-fail-module-layout,load-fail-crc,_printk=crc(16b5b21d!=92997ed8);qcom_smem_get=crc(869bde71!=5899664c);__stack_chk_fail=crc(d272d446!=f0fdf6cb);arch_timer_read_counter=crc(36e9bb71!=75fb9062);memset=crc(110f4d3a!=dcb764ad);memcpy=crc(8a7493b2!=4829a47e);debugfs_create_dir=crc(85212c97!=5cf4d4de);debugfs_create_file=crc(d0616c24!=4e870156)
tango32,tango32,/home/jmulesa/android/lineage/device/oneplus/infiniti-kernel/tango32.ko,misc,0,0,30,0,0,0,0,30,mismatch(e976b219!=21d0f8b0),load-fail-module-layout,load-fail-crc,misc_register=crc(d9a13df1!=25758a2c);misc_deregister=crc(78d4940f!=c3246938);__arch_copy_to_user=crc(1f42c609!=9a85eebb);fdget=crc(b7218f7c!=7230beea);alt_cb_patch_nops=crc(b8c8345a!=a65c6def);security_file_ioctl=crc(8b08d57f!=3a88e59c);__tracepoint_mmap_lock_start_locking=crc(7c5aa8a7!=2eefea83);down_write_killable=crc(cd6876a9!=ced2405e)
tcsrcc-canoe,tcsrcc_canoe,/home/jmulesa/android/lineage/device/oneplus/infiniti-kernel/tcsrcc-canoe.ko,misc,0,0,9,0,0,0,0,9,mismatch(e976b219!=21d0f8b0),load-fail-module-layout,load-fail-crc,__platform_driver_register=crc(26d0cf2d!=12db679a);platform_driver_unregister=crc(8af50346!=6fc35f2b);qcom_cc_map=crc(60e78d81!=f59859d2);qcom_cc_really_probe=crc(91741fe0!=eb71138a);dev_err_probe=crc(de026a97!=2c762752);_dev_info=crc(6b10178d!=401167cc);qcom_cc_sync_state=crc(cb661904!=6d58190a);clk_branch2_ops=crc(885fbfd6!=31457b6f)
test-kit,test_kit,/home/jmulesa/android/lineage/device/oneplus/infiniti-kernel/test-kit.ko,misc,1,0,24,0,0,0,0,24,mismatch(e976b219!=21d0f8b0),load-fail-module-layout,load-fail-crc,_printk=crc(16b5b21d!=92997ed8);snprintf=crc(f4386284!=656e4a6e);__stack_chk_fail=crc(d272d446!=f0fdf6cb);mem_alloc_profiling_key=crc(8ee1928d!=0f05f001);kmalloc_caches=crc(d6ce5659!=efe8a82e);__kmalloc_cache_noprof=crc(6cc46e45!=e17134b6);mutex_lock=crc(995658e3!=d5977bfb);mutex_unlock=crc(995658e3!=ed55cabd)
thermal_config,thermal_config,/home/jmulesa/android/lineage/device/oneplus/infiniti-kernel/thermal_config.ko,thermal,1,0,23,0,0,0,0,23,mismatch(e976b219!=21d0f8b0),load-fail-module-layout,load-fail-crc,strlen=crc(90d19584!=98cf60b3);thermal_zone_get_zone_by_name=crc(dcba0806!=81beafe4);mem_alloc_profiling_key=crc(8ee1928d!=0f05f001);kmalloc_caches=crc(d6ce5659!=efe8a82e);__kmalloc_cache_noprof=crc(6cc46e45!=e17134b6);scnprintf=crc(f4386284!=96848186);jiffies_to_msecs=crc(693ab53d!=37befc70);__kmalloc_noprof=crc(27865ec7!=52c5c991)
thermal_pause,thermal_pause,/home/jmulesa/android/lineage/device/oneplus/infiniti-kernel/thermal_pause.ko,thermal,0,0,34,0,0,0,2,32,mismatch(e976b219!=21d0f8b0),load-fail-module-layout,load-fail-crc,blocking_notifier_chain_register=crc(bde3e279!=d9051672);blocking_notifier_chain_unregister=crc(bde3e279!=3e54ac69);__platform_driver_register=crc(26d0cf2d!=12db679a);platform_driver_unregister=crc(8af50346!=6fc35f2b);of_get_next_available_child=crc(f2308994!=796ead29);__cpu_possible_mask=crc(4e994f70!=de7ece30);__list_add_valid_or_report=crc(6fabd45b!=7e19152a);of_phandle_iterator_init=crc(bd6d62b7!=461afebf)
tmecom-intf_dlkm,tmecom_intf_dlkm,/home/jmulesa/android/lineage/device/oneplus/infiniti-kernel/tmecom-intf_dlkm.ko,misc,0,0,27,0,0,0,0,27,mismatch(e976b219!=21d0f8b0),load-fail-module-layout,load-fail-crc,_printk=crc(16b5b21d!=92997ed8);_dev_err=crc(6b10178d!=b4ce05a5);mutex_lock=crc(995658e3!=d5977bfb);memcpy=crc(8a7493b2!=4829a47e);mbox_send_message=crc(df009b30!=273ac0d0);init_wait_entry=crc(6668f05d!=fe487975);prepare_to_wait_event=crc(a29be00c!=8c26d495);schedule_timeout=crc(0bac81a1!=8ddd8aad)
tz_log_dlkm,tz_log_dlkm,/home/jmulesa/android/lineage/device/oneplus/infiniti-kernel/tz_log_dlkm.ko,secure,1,0,52,0,0,0,1,51,mismatch(e976b219!=21d0f8b0),load-fail-module-layout,load-fail-crc,mem_alloc_profiling_key=crc(8ee1928d!=0f05f001);kmalloc_caches=crc(d6ce5659!=efe8a82e);__kmalloc_cache_noprof=crc(6cc46e45!=e17134b6);mutex_lock=crc(995658e3!=d5977bfb);mutex_unlock=crc(995658e3!=ed55cabd);single_open=crc(d34d4b7a!=8b9c34da);kfree=crc(31359e90!=037a0cba);__list_del_entry_valid_or_report=crc(802f8919!=9a835040)
ua_cpu_ioctl,ua_cpu_ioctl,/home/jmulesa/android/lineage/device/oneplus/infiniti-kernel/ua_cpu_ioctl.ko,misc,0,0,113,0,0,0,70,43,mismatch(e976b219!=21d0f8b0),load-fail-module-layout,load-fail-crc,proc_mkdir=crc(17dad4e0!=7518b5f0);proc_create=crc(bcb84f5d!=b4028d67);input_register_handler=crc(db6bf94a!=afe83224);remove_proc_entry=crc(1b68847f!=330c0b0f);single_open=crc(d34d4b7a!=8b9c34da);_raw_spin_lock_irqsave=crc(aa615763!=34db050b);seq_printf=crc(8b6a8169!=c8f2ae9d);_raw_spin_unlock_irqrestore=crc(582af1c8!=d35cce70)
ucsi_qti_glink,ucsi_qti_glink,/home/jmulesa/android/lineage/device/oneplus/infiniti-kernel/ucsi_qti_glink.ko,misc,1,0,39,0,0,0,3,36,mismatch(e976b219!=21d0f8b0),load-fail-module-layout,load-fail-crc,__platform_driver_register=crc(26d0cf2d!=12db679a);platform_driver_unregister=crc(8af50346!=6fc35f2b);devm_kmalloc=crc(d1263f9d!=c8c7229e);__mutex_init=crc(81d49dc6!=a571f6b0);__init_swait_queue_head=crc(d4e429b7!=608741b5);pmic_glink_register_client=crc(b0110b62!=800b9c77);_dev_err=crc(6b10178d!=b4ce05a5);pmic_glink_unregister_client=crc(d1634642!=56e3edd9)
ufcs_class,ufcs_class,/home/jmulesa/android/lineage/device/oneplus/infiniti-kernel/ufcs_class.ko,charger,1,0,72,0,0,0,0,72,mismatch(e976b219!=21d0f8b0),load-fail-module-layout,load-fail-crc,_printk=crc(16b5b21d!=92997ed8);mem_alloc_profiling_key=crc(8ee1928d!=0f05f001);kmalloc_caches=crc(d6ce5659!=efe8a82e);__kmalloc_cache_noprof=crc(6cc46e45!=e17134b6);device_initialize=crc(2aa807c4!=47e3e4b0);__kfifo_alloc=crc(8cf44413!=139f2189);dev_set_name=crc(d18d4c79!=ba860d3c);device_set_wakeup_capable=crc(07ce4252!=7a4b1be7)
ufs-oplus-dbg,ufs_oplus_dbg,/home/jmulesa/android/lineage/device/oneplus/infiniti-kernel/ufs-oplus-dbg.ko,misc,0,0,62,0,0,0,2,60,mismatch(e976b219!=21d0f8b0),load-fail-module-layout,load-fail-crc,ktime_get=crc(ff9a6e5c!=b43f9365);proc_mkdir=crc(17dad4e0!=7518b5f0);proc_create_data=crc(a7a03b02!=a2fa95a0);remove_proc_entry=crc(1b68847f!=330c0b0f);rtc_class_open=crc(3d044b82!=44a6a486);rtc_read_time=crc(ae01c9ec!=c705ab5d);rtc_valid_tm=crc(8fb082d9!=5838f6c9);rtc_class_close=crc(89c67ec4!=92dce3b7)
ufs-qcom,ufs_qcom,/home/jmulesa/android/lineage/device/oneplus/infiniti-kernel/ufs-qcom.ko,misc,0,0,228,0,0,0,12,216,mismatch(e976b219!=21d0f8b0),load-fail-module-layout,load-fail-crc,strlen=crc(90d19584!=98cf60b3);trace_event_buffer_reserve=crc(40964d00!=29eba14a);memcpy=crc(8a7493b2!=4829a47e);trace_event_buffer_commit=crc(ffe3783c!=2fc1082e);__trace_trigger_soft_disabled=crc(cb5e01d7!=0fd10466);__stack_chk_fail=crc(d272d446!=f0fdf6cb);perf_trace_buf_alloc=crc(231ad1b8!=2d2c902f);perf_trace_run_bpf_submit=crc(2a290ade!=c61f330d)
ufshcd-crypto-qti,ufshcd_crypto_qti,/home/jmulesa/android/lineage/device/oneplus/infiniti-kernel/ufshcd-crypto-qti.ko,misc,0,0,15,0,0,0,0,15,mismatch(e976b219!=21d0f8b0),load-fail-module-layout,load-fail-crc,devm_kmalloc=crc(d1263f9d!=c8c7229e);devm_blk_crypto_profile_init=crc(78adf832!=740a9f63);log_read_mmio=crc(f5e9ca2e!=6b722180);log_post_read_mmio=crc(ec62c96b!=0c1a5ee3);memcpy=crc(8a7493b2!=4829a47e);ufshcd_hold=crc(5b9334fd!=ca705e00);qcom_ice_program_key_hwkm=crc(b4c11670!=5d6afcf0);ufshcd_release=crc(5b9334fd!=cf1400ef)
usb_f_ccid,usb_f_ccid,/home/jmulesa/android/lineage/device/oneplus/infiniti-kernel/usb_f_ccid.ko,usb,1,0,50,0,0,0,0,50,mismatch(e976b219!=21d0f8b0),load-fail-module-layout,load-fail-crc,usb_function_register=crc(a28e2bd1!=ff599125);usb_function_unregister=crc(d9315b46!=171152f5);mem_alloc_profiling_key=crc(8ee1928d!=0f05f001);kmalloc_caches=crc(d6ce5659!=efe8a82e);__kmalloc_cache_noprof=crc(6cc46e45!=e17134b6);config_group_init_type_name=crc(c7acfe4b!=54935b09);strlen=crc(90d19584!=98cf60b3);__init_waitqueue_head=crc(de463212!=d9a5ea54)
usb_f_cdev,usb_f_cdev,/home/jmulesa/android/lineage/device/oneplus/infiniti-kernel/usb_f_cdev.ko,usb,1,0,75,0,0,0,0,75,mismatch(e976b219!=21d0f8b0),load-fail-module-layout,load-fail-crc,_raw_spin_lock_irqsave=crc(aa615763!=34db050b);_raw_spin_unlock_irqrestore=crc(582af1c8!=d35cce70);usb_ep_queue=crc(5d806e7e!=a6cda142);_printk=crc(16b5b21d!=92997ed8);get_device=crc(2d56d2a6!=c2749a62);init_wait_entry=crc(6668f05d!=fe487975);prepare_to_wait_event=crc(a29be00c!=8c26d495);schedule=crc(d272d446!=01000e51)
usb_f_gsi,usb_f_gsi,/home/jmulesa/android/lineage/device/oneplus/infiniti-kernel/usb_f_gsi.ko,usb,1,0,109,0,0,0,5,104,mismatch(e976b219!=21d0f8b0),load-fail-module-layout,load-fail-crc,complete_all=crc(7da92691!=93d6dd8c);alloc_workqueue=crc(c531e61f!=49cd25ed);__mutex_init=crc(81d49dc6!=a571f6b0);class_create=crc(934914c3!=6fe9dcd4);alloc_chrdev_region=crc(a5dac1ce!=e3ec2f2b);debugfs_create_dir=crc(85212c97!=5cf4d4de);debugfs_create_file=crc(d0616c24!=4e870156);debugfs_create_bool=crc(4dc74bab!=70cc6ff8)
usb_f_qdss,usb_f_qdss,/home/jmulesa/android/lineage/device/oneplus/infiniti-kernel/usb_f_qdss.ko,usb,1,0,54,0,0,0,8,46,mismatch(e976b219!=21d0f8b0),load-fail-module-layout,load-fail-crc,mutex_lock=crc(995658e3!=d5977bfb);mutex_unlock=crc(995658e3!=ed55cabd);_printk=crc(16b5b21d!=92997ed8);_raw_spin_lock_irqsave=crc(aa615763!=34db050b);usb_ep_free_request=crc(9ef6ce06!=f6c3e5d4);kfree=crc(31359e90!=037a0cba);__list_del_entry_valid_or_report=crc(802f8919!=9a835040);ipc_log_string=missing
videocc-canoe,videocc_canoe,/home/jmulesa/android/lineage/device/oneplus/infiniti-kernel/videocc-canoe.ko,misc,0,0,26,0,0,0,0,26,mismatch(e976b219!=21d0f8b0),load-fail-module-layout,load-fail-crc,__platform_driver_register=crc(26d0cf2d!=12db679a);platform_driver_unregister=crc(8af50346!=6fc35f2b);qcom_cc_map=crc(60e78d81!=f59859d2);qcom_cc_runtime_init=crc(40df0093!=a27db1f5);__pm_runtime_resume=crc(cc47d0a5!=4eb4c414);clk_lucid_evo_pll_configure=crc(0d118103!=09e0378c);of_get_property=crc(25eb83ce!=3b1b6444);regmap_update_bits_base=crc(807ee877!=576b05bf)
wcd9378_dlkm,wcd9378_dlkm,/home/jmulesa/android/lineage/device/oneplus/infiniti-kernel/wcd9378_dlkm.ko,audio,1,0,109,0,0,0,38,71,mismatch(e976b219!=21d0f8b0),load-fail-module-layout,load-fail-crc,_printk=crc(16b5b21d!=92997ed8);___ratelimit=crc(a3384a5c!=f5edea2e);memset=crc(110f4d3a!=dcb764ad);scnprintf=crc(f4386284!=96848186);upload_mm_fb_kevent_limit=missing;oplus_is_daemon_event_id=missing;oplus_audio_daemon_feedback_event=missing;__stack_chk_fail=crc(d272d446!=f0fdf6cb)
wcd9378_slave_dlkm,wcd9378_slave_dlkm,/home/jmulesa/android/lineage/device/oneplus/infiniti-kernel/wcd9378_slave_dlkm.ko,audio,1,0,30,0,0,0,6,24,mismatch(e976b219!=21d0f8b0),load-fail-module-layout,load-fail-crc,swr_driver_register=missing;swr_driver_unregister=missing;devm_kmalloc=crc(d1263f9d!=c8c7229e);debugfs_create_dir=crc(85212c97!=5cf4d4de);debugfs_create_file=crc(d0616c24!=4e870156);component_add=crc(82073af5!=5df1d53f);debugfs_remove=crc(608c0df3!=b7c7d237);component_del=crc(8a276d80!=f6efd5a0)
wcd938x_dlkm,wcd938x_dlkm,/home/jmulesa/android/lineage/device/oneplus/infiniti-kernel/wcd938x_dlkm.ko,audio,1,0,103,0,0,0,36,67,mismatch(e976b219!=21d0f8b0),load-fail-module-layout,load-fail-crc,___ratelimit=crc(a3384a5c!=f5edea2e);_printk=crc(16b5b21d!=92997ed8);mutex_lock=crc(995658e3!=d5977bfb);snd_soc_component_read=crc(73f80fd0!=e41bbfbc);snd_soc_component_update_bits=crc(9f9e884d!=78202da6);usleep_range_state=crc(fdbae8c6!=c3055d20);mutex_unlock=crc(995658e3!=ed55cabd);_dev_err=crc(6b10178d!=b4ce05a5)
wcd938x_slave_dlkm,wcd938x_slave_dlkm,/home/jmulesa/android/lineage/device/oneplus/infiniti-kernel/wcd938x_slave_dlkm.ko,audio,1,0,29,0,0,0,6,23,mismatch(e976b219!=21d0f8b0),load-fail-module-layout,load-fail-crc,swr_driver_register=missing;swr_driver_unregister=missing;devm_kmalloc=crc(d1263f9d!=c8c7229e);debugfs_create_dir=crc(85212c97!=5cf4d4de);debugfs_create_file=crc(d0616c24!=4e870156);component_add=crc(82073af5!=5df1d53f);debugfs_remove=crc(608c0df3!=b7c7d237);component_del=crc(8a276d80!=f6efd5a0)
wcd939x_dlkm,wcd939x_dlkm,/home/jmulesa/android/lineage/device/oneplus/infiniti-kernel/wcd939x_dlkm.ko,audio,1,0,138,0,0,0,41,97,mismatch(e976b219!=21d0f8b0),load-fail-module-layout,load-fail-crc,___ratelimit=crc(a3384a5c!=f5edea2e);_printk=crc(16b5b21d!=92997ed8);mutex_lock=crc(995658e3!=d5977bfb);snd_soc_component_read=crc(73f80fd0!=e41bbfbc);snd_soc_component_update_bits=crc(9f9e884d!=78202da6);usleep_range_state=crc(fdbae8c6!=c3055d20);mutex_unlock=crc(995658e3!=ed55cabd);swr_device_wakeup_vote=missing
wcd939x_slave_dlkm,wcd939x_slave_dlkm,/home/jmulesa/android/lineage/device/oneplus/infiniti-kernel/wcd939x_slave_dlkm.ko,audio,1,0,29,0,0,0,6,23,mismatch(e976b219!=21d0f8b0),load-fail-module-layout,load-fail-crc,swr_driver_register=missing;swr_driver_unregister=missing;devm_kmalloc=crc(d1263f9d!=c8c7229e);debugfs_create_dir=crc(85212c97!=5cf4d4de);debugfs_create_file=crc(d0616c24!=4e870156);component_add=crc(82073af5!=5df1d53f);debugfs_remove=crc(608c0df3!=b7c7d237);component_del=crc(8a276d80!=f6efd5a0)
wcd9xxx_dlkm,wcd9xxx_dlkm,/home/jmulesa/android/lineage/device/oneplus/infiniti-kernel/wcd9xxx_dlkm.ko,audio,1,0,33,0,0,0,2,31,mismatch(e976b219!=21d0f8b0),load-fail-module-layout,load-fail-crc,mutex_lock=crc(995658e3!=d5977bfb);mutex_unlock=crc(995658e3!=ed55cabd);_printk=crc(16b5b21d!=92997ed8);__platform_driver_register=crc(26d0cf2d!=12db679a);platform_driver_unregister=crc(8af50346!=6fc35f2b);devm_kmalloc=crc(d1263f9d!=c8c7229e);of_property_read_variable_u32_array=crc(5de0294f!=e136f93c);of_property_read_string=crc(fc9f25c0!=af7cb74b)
wcd_core_dlkm,wcd_core_dlkm,/home/jmulesa/android/lineage/device/oneplus/infiniti-kernel/wcd_core_dlkm.ko,audio,1,0,57,0,0,0,0,57,mismatch(e976b219!=21d0f8b0),load-fail-module-layout,load-fail-crc,_printk=crc(16b5b21d!=92997ed8);__stack_chk_fail=crc(d272d446!=f0fdf6cb);gpio_to_desc=crc(a49e2188!=07183fe6);gpiod_get_raw_value_cansleep=crc(8fdfd4d8!=520a36f8);of_find_device_by_node=crc(65e45ac5!=a823db6e);___ratelimit=crc(a3384a5c!=f5edea2e);_dev_err=crc(6b10178d!=b4ce05a5);pinctrl_select_state=crc(5be6d775!=54325131)
wcd_usbss_i2c,wcd_usbss_i2c,/home/jmulesa/android/lineage/device/oneplus/infiniti-kernel/wcd_usbss_i2c.ko,audio,1,0,81,0,0,0,1,80,mismatch(e976b219!=21d0f8b0),load-fail-module-layout,load-fail-crc,__devm_regmap_init=crc(ed49dd68!=96a71dd8);mutex_lock=crc(995658e3!=d5977bfb);mutex_unlock=crc(995658e3!=ed55cabd);_dev_err=crc(6b10178d!=b4ce05a5);__stack_chk_fail=crc(d272d446!=f0fdf6cb);i2c_transfer=crc(a293b777!=e3fa5191);_printk=crc(16b5b21d!=92997ed8);scnprintf=crc(f4386284!=96848186)
wlan_firmware_service,wlan_firmware_service,/home/jmulesa/android/lineage/device/oneplus/infiniti-kernel/wlan_firmware_service.ko,wlan,1,0,4,0,0,0,0,4,mismatch(e976b219!=21d0f8b0),load-fail-module-layout,load-fail-crc,qmi_response_type_v01_ei=crc(77b5c22d!=4cd2fe40);of_find_node_with_property=crc(8896e902!=e0eec6c6);of_device_is_available=crc(7a32b0be!=946de52f);module_layout=crc(e976b219!=21d0f8b0)
wsa883x_dlkm,wsa883x_dlkm,/home/jmulesa/android/lineage/device/oneplus/infiniti-kernel/wsa883x_dlkm.ko,misc,1,0,91,0,0,0,26,65,mismatch(e976b219!=21d0f8b0),load-fail-module-layout,load-fail-crc,snprintf=crc(f4386284!=656e4a6e);snd_info_create_module_entry=crc(bfb773bd!=db219ad6);snd_info_register=crc(d1a855d5!=0176659a);snd_info_create_card_entry=crc(07562544!=8330d99f);snd_info_free_entry=crc(d8d5c206!=4d64ca4f);__stack_chk_fail=crc(d272d446!=f0fdf6cb);_printk=crc(16b5b21d!=92997ed8);__sw_hweight8=crc(e6b91231!=dc3fcbc9)
wsa884x_dlkm,wsa884x_dlkm,/home/jmulesa/android/lineage/device/oneplus/infiniti-kernel/wsa884x_dlkm.ko,misc,1,0,95,0,0,0,25,70,mismatch(e976b219!=21d0f8b0),load-fail-module-layout,load-fail-crc,snprintf=crc(f4386284!=656e4a6e);snd_info_create_module_entry=crc(bfb773bd!=db219ad6);snd_info_register=crc(d1a855d5!=0176659a);snd_info_create_card_entry=crc(07562544!=8330d99f);snd_info_free_entry=crc(d8d5c206!=4d64ca4f);__stack_chk_fail=crc(d272d446!=f0fdf6cb);___ratelimit=crc(a3384a5c!=f5edea2e);_printk=crc(16b5b21d!=92997ed8)
zram,zram,/home/jmulesa/android/lineage/device/oneplus/infiniti-kernel/zram.ko,misc,1,0,200,0,0,0,1,199,mismatch(e976b219!=21d0f8b0),load-fail-module-layout,load-fail-crc,crypto_has_alg=crc(0d32a81c!=951a2773);strcmp=crc(f5df0401!=e2d5255a);scnprintf=crc(f4386284!=96848186);preempt_schedule=crc(d272d446!=43b0c9c3);crypto_comp_compress=crc(ca5e84a3!=366335ef);crypto_comp_decompress=crc(ca5e84a3!=6396a73c);__stack_chk_fail=crc(d272d446!=f0fdf6cb);__per_cpu_offset=crc(0de4cab5!=280f9f14)
zsmalloc,zsmalloc,/home/jmulesa/android/lineage/device/oneplus/infiniti-kernel/zsmalloc.ko,misc,1,0,46,0,0,0,0,46,mismatch(e976b219!=21d0f8b0),load-fail-module-layout,load-fail-crc,_raw_read_lock=crc(e7251b3a!=fe8c61f0);memstart_addr=crc(c9a2f5d2!=9688de8b);_raw_read_unlock=crc(e7251b3a!=dd4d55b6);kasan_flag_enabled=crc(8ee1928d!=a6f6226c);memcpy=crc(8a7493b2!=4829a47e);preempt_schedule=crc(d272d446!=43b0c9c3);__stack_chk_fail=crc(d272d446!=f0fdf6cb);mem_alloc_profiling_key=crc(8ee1928d!=0f05f001)
6lowpan,6lowpan,/home/jmulesa/android/lineage/out/target/product/infiniti/system_dlkm/lib/modules/6lowpan.ko,misc,1,0,29,29,0,0,0,0,match,load-clean,load-clean,
8021q,8021q,/home/jmulesa/android/lineage/out/target/product/infiniti/system_dlkm/lib/modules/8021q.ko,misc,1,0,99,97,2,0,0,0,match,load-clean,load-clean,
9pnet,9pnet,/home/jmulesa/android/lineage/out/target/product/infiniti/system_dlkm/lib/modules/9pnet.ko,misc,1,0,84,75,9,0,0,0,match,load-clean,load-clean,
9pnet_fd,9pnet_fd,/home/jmulesa/android/lineage/out/target/product/infiniti/system_dlkm/lib/modules/9pnet_fd.ko,misc,1,0,45,32,4,9,0,0,match,load-clean,load-clean,
aqc111,aqc111,/home/jmulesa/android/lineage/out/target/product/infiniti/system_dlkm/lib/modules/aqc111.ko,misc,1,0,53,35,10,8,0,0,match,load-clean,load-clean,
asix,asix,/home/jmulesa/android/lineage/out/target/product/infiniti/system_dlkm/lib/modules/asix.ko,misc,1,0,98,66,12,20,0,0,match,load-clean,load-clean,
ax88179_178a,ax88179_178a,/home/jmulesa/android/lineage/out/target/product/infiniti/system_dlkm/lib/modules/ax88179_178a.ko,misc,1,0,58,32,14,12,0,0,match,load-clean,load-clean,
bluetooth,bluetooth,/home/jmulesa/android/lineage/out/target/product/infiniti/system_dlkm/lib/modules/bluetooth.ko,bt,1,0,237,229,8,0,0,0,match,load-clean,load-clean,
bsd_comp,bsd_comp,/home/jmulesa/android/lineage/out/target/product/infiniti/system_dlkm/lib/modules/bsd_comp.ko,misc,1,0,10,9,1,0,0,0,match,load-clean,load-clean,
btbcm,btbcm,/home/jmulesa/android/lineage/out/target/product/infiniti/system_dlkm/lib/modules/btbcm.ko,bt,1,0,21,20,1,0,0,0,match,load-clean,load-clean,
btqca,btqca,/home/jmulesa/android/lineage/out/target/product/infiniti/system_dlkm/lib/modules/btqca.ko,bt,1,0,31,30,1,0,0,0,match,load-clean,load-clean,
btsdio,btsdio,/home/jmulesa/android/lineage/out/target/product/infiniti/system_dlkm/lib/modules/btsdio.ko,bt,1,0,33,32,1,0,0,0,match,load-clean,load-clean,
can-bcm,can_bcm,/home/jmulesa/android/lineage/out/target/product/infiniti/system_dlkm/lib/modules/can-bcm.ko,misc,1,0,75,74,1,0,0,0,match,load-clean,load-clean,
can-dev,can_dev,/home/jmulesa/android/lineage/out/target/product/infiniti/system_dlkm/lib/modules/can-dev.ko,misc,1,0,62,62,0,0,0,0,match,load-clean,load-clean,
can-gw,can_gw,/home/jmulesa/android/lineage/out/target/product/infiniti/system_dlkm/lib/modules/can-gw.ko,misc,1,0,42,40,2,0,0,0,match,load-clean,load-clean,
can-raw,can_raw,/home/jmulesa/android/lineage/out/target/product/infiniti/system_dlkm/lib/modules/can-raw.ko,misc,1,0,59,57,2,0,0,0,match,load-clean,load-clean,
can,can,/home/jmulesa/android/lineage/out/target/product/infiniti/system_dlkm/lib/modules/can.ko,misc,1,0,59,57,2,0,0,0,match,load-clean,load-clean,
cctrng,cctrng,/home/jmulesa/android/lineage/out/target/product/infiniti/system_dlkm/lib/modules/cctrng.ko,misc,1,0,37,37,0,0,0,0,match,load-clean,load-clean,
cdc-acm,cdc_acm,/home/jmulesa/android/lineage/out/target/product/infiniti/system_dlkm/lib/modules/cdc-acm.ko,misc,1,0,96,95,1,0,0,0,match,load-clean,load-clean,
cdc_eem,cdc_eem,/home/jmulesa/android/lineage/out/target/product/infiniti/system_dlkm/lib/modules/cdc_eem.ko,misc,1,0,24,17,5,2,0,0,match,load-clean,load-clean,
cdc_ether,cdc_ether,/home/jmulesa/android/lineage/out/target/product/infiniti/system_dlkm/lib/modules/cdc_ether.ko,misc,1,0,30,16,4,10,0,0,match,load-clean,load-clean,
cdc_ncm,cdc_ncm,/home/jmulesa/android/lineage/out/target/product/infiniti/system_dlkm/lib/modules/cdc_ncm.ko,misc,1,0,72,47,10,15,0,0,match,load-clean,load-clean,
clk-gate_test,clk_gate_test,/home/jmulesa/android/lineage/out/target/product/infiniti/system_dlkm/lib/modules/clk-gate_test.ko,misc,0,0,27,15,10,2,0,0,match,load-clean,load-clean,
clk-test,clk_test,/home/jmulesa/android/lineage/out/target/product/infiniti/system_dlkm/lib/modules/clk-test.ko,misc,0,0,45,26,10,9,0,0,match,load-clean,load-clean,
clk_kunit_helpers,clk_kunit_helpers,/home/jmulesa/android/lineage/out/target/product/infiniti/system_dlkm/lib/modules/clk_kunit_helpers.ko,misc,1,0,13,9,3,1,0,0,match,load-clean,load-clean,
dev_addr_lists_test,dev_addr_lists_test,/home/jmulesa/android/lineage/out/target/product/infiniti/system_dlkm/lib/modules/dev_addr_lists_test.ko,misc,0,0,21,11,7,3,0,0,match,load-clean,load-clean,
ext4-inode-test,ext4_inode_test,/home/jmulesa/android/lineage/out/target/product/infiniti/system_dlkm/lib/modules/ext4-inode-test.ko,misc,0,0,5,3,2,0,0,0,match,load-clean,load-clean,
fat_test,fat_test,/home/jmulesa/android/lineage/out/target/product/infiniti/system_dlkm/lib/modules/fat_test.ko,misc,0,0,7,3,4,0,0,0,match,load-clean,load-clean,
ftdi_sio,ftdi_sio,/home/jmulesa/android/lineage/out/target/product/infiniti/system_dlkm/lib/modules/ftdi_sio.ko,misc,1,0,47,45,2,0,0,0,match,load-clean,load-clean,
hci_uart,hci_uart,/home/jmulesa/android/lineage/out/target/product/infiniti/system_dlkm/lib/modules/hci_uart.ko,misc,1,0,180,169,11,0,0,0,match,load-clean,load-clean,
hid-uclogic-test,hid_uclogic_test,/home/jmulesa/android/lineage/out/target/product/infiniti/system_dlkm/lib/modules/hid-uclogic-test.ko,misc,0,0,10,5,4,1,0,0,match,load-clean,load-clean,
hidp,hidp,/home/jmulesa/android/lineage/out/target/product/infiniti/system_dlkm/lib/modules/hidp.ko,misc,1,0,106,104,2,0,0,0,match,load-clean,load-clean,
ieee802154,ieee802154,/home/jmulesa/android/lineage/out/target/product/infiniti/system_dlkm/lib/modules/ieee802154.ko,misc,1,0,96,95,1,0,0,0,match,load-clean,load-clean,
ieee802154_6lowpan,ieee802154_6lowpan,/home/jmulesa/android/lineage/out/target/product/infiniti/system_dlkm/lib/modules/ieee802154_6lowpan.ko,misc,1,0,65,64,1,0,0,0,match,load-clean,load-clean,
ieee802154_socket,ieee802154_socket,/home/jmulesa/android/lineage/out/target/product/infiniti/system_dlkm/lib/modules/ieee802154_socket.ko,misc,1,0,74,74,0,0,0,0,match,load-clean,load-clean,
iio-test-format,iio_test_format,/home/jmulesa/android/lineage/out/target/product/infiniti/system_dlkm/lib/modules/iio-test-format.ko,misc,0,0,11,4,7,0,0,0,match,load-clean,load-clean,
input_test,input_test,/home/jmulesa/android/lineage/out/target/product/infiniti/system_dlkm/lib/modules/input_test.ko,misc,0,0,24,10,12,2,0,0,match,load-clean,load-clean,
kheaders,kheaders,/home/jmulesa/android/lineage/out/target/product/infiniti/system_dlkm/lib/modules/kheaders.ko,misc,1,0,5,5,0,0,0,0,match,load-clean,load-clean,
kunit-example-test,kunit_example_test,/home/jmulesa/android/lineage/out/target/product/infiniti/system_dlkm/lib/modules/kunit-example-test.ko,misc,0,0,18,5,7,6,0,0,match,load-clean,load-clean,
kunit-test,kunit_test,/home/jmulesa/android/lineage/out/target/product/infiniti/system_dlkm/lib/modules/kunit-test.ko,misc,0,0,41,14,9,18,0,0,match,load-clean,load-clean,
kunit,kunit,/home/jmulesa/android/lineage/out/target/product/infiniti/system_dlkm/lib/modules/kunit.ko,misc,0,0,89,74,15,0,0,0,match,load-clean,load-clean,
l2tp_core,l2tp_core,/home/jmulesa/android/lineage/out/target/product/infiniti/system_dlkm/lib/modules/l2tp_core.ko,misc,1,0,84,81,3,0,0,0,match,load-clean,load-clean,
l2tp_ppp,l2tp_ppp,/home/jmulesa/android/lineage/out/target/product/infiniti/system_dlkm/lib/modules/l2tp_ppp.ko,misc,1,0,78,74,0,4,0,0,match,load-clean,load-clean,
lib_test,lib_test,/home/jmulesa/android/lineage/out/target/product/infiniti/system_dlkm/lib/modules/lib_test.ko,misc,0,0,7,3,4,0,0,0,match,load-clean,load-clean,
libarc4,libarc4,/home/jmulesa/android/lineage/out/target/product/infiniti/system_dlkm/lib/modules/libarc4.ko,misc,1,0,1,1,0,0,0,0,match,load-clean,load-clean,
mac802154,mac802154,/home/jmulesa/android/lineage/out/target/product/infiniti/system_dlkm/lib/modules/mac802154.ko,misc,1,0,142,130,1,11,0,0,match,load-clean,load-clean,
macsec,macsec,/home/jmulesa/android/lineage/out/target/product/infiniti/system_dlkm/lib/modules/macsec.ko,misc,1,0,100,98,2,0,0,0,match,load-clean,load-clean,
mii,mii,/home/jmulesa/android/lineage/out/target/product/infiniti/system_dlkm/lib/modules/mii.ko,misc,1,0,7,7,0,0,0,0,match,load-clean,load-clean,
netfs,netfs,/home/jmulesa/android/lineage/out/target/product/infiniti/system_dlkm/lib/modules/netfs.ko,misc,1,0,137,79,58,0,0,0,match,load-clean,load-clean,
nfc,nfc,/home/jmulesa/android/lineage/out/target/product/infiniti/system_dlkm/lib/modules/nfc.ko,misc,1,0,129,128,1,0,0,0,match,load-clean,load-clean,
nhc_dest,nhc_dest,/home/jmulesa/android/lineage/out/target/product/infiniti/system_dlkm/lib/modules/nhc_dest.ko,misc,1,0,3,3,0,0,0,0,match,load-clean,load-clean,
nhc_fragment,nhc_fragment,/home/jmulesa/android/lineage/out/target/product/infiniti/system_dlkm/lib/modules/nhc_fragment.ko,misc,1,0,3,3,0,0,0,0,match,load-clean,load-clean,
nhc_hop,nhc_hop,/home/jmulesa/android/lineage/out/target/product/infiniti/system_dlkm/lib/modules/nhc_hop.ko,misc,1,0,3,3,0,0,0,0,match,load-clean,load-clean,
nhc_ipv6,nhc_ipv6,/home/jmulesa/android/lineage/out/target/product/infiniti/system_dlkm/lib/modules/nhc_ipv6.ko,misc,1,0,3,3,0,0,0,0,match,load-clean,load-clean,
nhc_mobility,nhc_mobility,/home/jmulesa/android/lineage/out/target/product/infiniti/system_dlkm/lib/modules/nhc_mobility.ko,misc,1,0,3,3,0,0,0,0,match,load-clean,load-clean,
nhc_routing,nhc_routing,/home/jmulesa/android/lineage/out/target/product/infiniti/system_dlkm/lib/modules/nhc_routing.ko,misc,1,0,3,3,0,0,0,0,match,load-clean,load-clean,
nhc_udp,nhc_udp,/home/jmulesa/android/lineage/out/target/product/infiniti/system_dlkm/lib/modules/nhc_udp.ko,misc,1,0,7,7,0,0,0,0,match,load-clean,load-clean,
open-dice,open_dice,/home/jmulesa/android/lineage/out/target/product/infiniti/system_dlkm/lib/modules/open-dice.ko,misc,1,0,19,15,4,0,0,0,match,load-clean,load-clean,
ppp_deflate,ppp_deflate,/home/jmulesa/android/lineage/out/target/product/infiniti/system_dlkm/lib/modules/ppp_deflate.ko,misc,1,0,21,20,1,0,0,0,match,load-clean,load-clean,
ppp_generic,ppp_generic,/home/jmulesa/android/lineage/out/target/product/infiniti/system_dlkm/lib/modules/ppp_generic.ko,misc,1,0,109,108,1,0,0,0,match,load-clean,load-clean,
ppp_mppe,ppp_mppe,/home/jmulesa/android/lineage/out/target/product/infiniti/system_dlkm/lib/modules/ppp_mppe.ko,misc,1,0,19,18,1,0,0,0,match,load-clean,load-clean,
pppox,pppox,/home/jmulesa/android/lineage/out/target/product/infiniti/system_dlkm/lib/modules/pppox.ko,misc,1,0,10,10,0,0,0,0,match,load-clean,load-clean,
pps_core,pps_core,/home/jmulesa/android/lineage/out/target/product/infiniti/system_dlkm/lib/modules/pps_core.ko,misc,1,0,44,43,1,0,0,0,match,load-clean,load-clean,
pptp,pptp,/home/jmulesa/android/lineage/out/target/product/infiniti/system_dlkm/lib/modules/pptp.ko,misc,1,0,58,57,1,0,0,0,match,load-clean,load-clean,
ptp,ptp,/home/jmulesa/android/lineage/out/target/product/infiniti/system_dlkm/lib/modules/ptp.ko,misc,1,0,78,74,4,0,0,0,match,load-clean,load-clean,
ptp_kvm,ptp_kvm,/home/jmulesa/android/lineage/out/target/product/infiniti/system_dlkm/lib/modules/ptp_kvm.ko,misc,1,0,12,10,2,0,0,0,match,load-clean,load-clean,
pwrseq-core,pwrseq_core,/home/jmulesa/android/lineage/out/target/product/infiniti/system_dlkm/lib/modules/pwrseq-core.ko,misc,1,0,54,51,3,0,0,0,match,load-clean,load-clean,
r8152,r8152,/home/jmulesa/android/lineage/out/target/product/infiniti/system_dlkm/lib/modules/r8152.ko,misc,1,0,133,125,8,0,0,0,match,load-clean,load-clean,
r8153_ecm,r8153_ecm,/home/jmulesa/android/lineage/out/target/product/infiniti/system_dlkm/lib/modules/r8153_ecm.ko,misc,1,0,15,4,5,6,0,0,match,load-clean,load-clean,
regmap-kunit,regmap_kunit,/home/jmulesa/android/lineage/out/target/product/infiniti/system_dlkm/lib/modules/regmap-kunit.ko,misc,0,0,40,18,16,6,0,0,match,load-clean,load-clean,
regmap-ram,regmap_ram,/home/jmulesa/android/lineage/out/target/product/infiniti/system_dlkm/lib/modules/regmap-ram.ko,misc,0,0,6,5,1,0,0,0,match,load-clean,load-clean,
regmap-raw-ram,regmap_raw_ram,/home/jmulesa/android/lineage/out/target/product/infiniti/system_dlkm/lib/modules/regmap-raw-ram.ko,misc,0,0,7,6,1,0,0,0,match,load-clean,load-clean,
rfcomm,rfcomm,/home/jmulesa/android/lineage/out/target/product/infiniti/system_dlkm/lib/modules/rfcomm.ko,misc,1,0,146,144,2,0,0,0,match,load-clean,load-clean,
rfkill,rfkill,/home/jmulesa/android/lineage/out/target/product/infiniti/system_dlkm/lib/modules/rfkill.ko,misc,1,0,57,56,1,0,0,0,match,load-clean,load-clean,
rtl8150,rtl8150,/home/jmulesa/android/lineage/out/target/product/infiniti/system_dlkm/lib/modules/rtl8150.ko,misc,1,0,53,51,2,0,0,0,match,load-clean,load-clean,
slcan,slcan,/home/jmulesa/android/lineage/out/target/product/infiniti/system_dlkm/lib/modules/slcan.ko,misc,1,0,53,52,1,0,0,0,match,load-clean,load-clean,
slhc,slhc,/home/jmulesa/android/lineage/out/target/product/infiniti/system_dlkm/lib/modules/slhc.ko,misc,1,0,11,10,1,0,0,0,match,load-clean,load-clean,
soc-topology-test,soc_topology_test,/home/jmulesa/android/lineage/out/target/product/infiniti/system_dlkm/lib/modules/soc-topology-test.ko,misc,0,0,18,7,9,2,0,0,match,load-clean,load-clean,
soc-utils-test,soc_utils_test,/home/jmulesa/android/lineage/out/target/product/infiniti/system_dlkm/lib/modules/soc-utils-test.ko,misc,0,0,9,4,5,0,0,0,match,load-clean,load-clean,
time_test,time_test,/home/jmulesa/android/lineage/out/target/product/infiniti/system_dlkm/lib/modules/time_test.ko,misc,0,0,6,3,3,0,0,0,match,load-clean,load-clean,
tipc,tipc,/home/jmulesa/android/lineage/out/target/product/infiniti/system_dlkm/lib/modules/tipc.ko,misc,1,0,247,245,2,0,0,0,match,load-clean,load-clean,
tls,tls,/home/jmulesa/android/lineage/out/target/product/infiniti/system_dlkm/lib/modules/tls.ko,misc,1,0,147,109,38,0,0,0,match,load-clean,load-clean,
usbmon,usbmon,/home/jmulesa/android/lineage/out/target/product/infiniti/system_dlkm/lib/modules/usbmon.ko,misc,1,0,62,57,5,0,0,0,match,load-clean,load-clean,
usbnet,usbnet,/home/jmulesa/android/lineage/out/target/product/infiniti/system_dlkm/lib/modules/usbnet.ko,misc,1,0,93,88,4,1,0,0,match,load-clean,load-clean,
usbserial,usbserial,/home/jmulesa/android/lineage/out/target/product/infiniti/system_dlkm/lib/modules/usbserial.ko,misc,1,0,107,106,1,0,0,0,match,load-clean,load-clean,
vcan,vcan,/home/jmulesa/android/lineage/out/target/product/infiniti/system_dlkm/lib/modules/vcan.ko,misc,1,0,16,16,0,0,0,0,match,load-clean,load-clean,
vcpu_stall_detector,vcpu_stall_detector,/home/jmulesa/android/lineage/out/target/product/infiniti/system_dlkm/lib/modules/vcpu_stall_detector.ko,misc,1,0,23,22,1,0,0,0,match,load-clean,load-clean,
virtio_balloon,virtio_balloon,/home/jmulesa/android/lineage/out/target/product/infiniti/system_dlkm/lib/modules/virtio_balloon.ko,misc,1,0,82,68,14,0,0,0,match,load-clean,load-clean,
virtio_blk,virtio_blk,/home/jmulesa/android/lineage/out/target/product/infiniti/system_dlkm/lib/modules/virtio_blk.ko,misc,1,0,84,79,5,0,0,0,match,load-clean,load-clean,
virtio_console,virtio_console,/home/jmulesa/android/lineage/out/target/product/infiniti/system_dlkm/lib/modules/virtio_console.ko,misc,1,0,100,96,4,0,0,0,match,load-clean,load-clean,
virtio_pci,virtio_pci,/home/jmulesa/android/lineage/out/target/product/infiniti/system_dlkm/lib/modules/virtio_pci.ko,misc,1,0,104,63,10,31,0,0,match,load-clean,load-clean,
virtio_pci_legacy_dev,virtio_pci_legacy_dev,/home/jmulesa/android/lineage/out/target/product/infiniti/system_dlkm/lib/modules/virtio_pci_legacy_dev.ko,misc,1,0,12,12,0,0,0,0,match,load-clean,load-clean,
virtio_pci_modern_dev,virtio_pci_modern_dev,/home/jmulesa/android/lineage/out/target/product/infiniti/system_dlkm/lib/modules/virtio_pci_modern_dev.ko,misc,1,0,20,14,6,0,0,0,match,load-clean,load-clean,
vmw_vsock_virtio_transport,vmw_vsock_virtio_transport,/home/jmulesa/android/lineage/out/target/product/infiniti/system_dlkm/lib/modules/vmw_vsock_virtio_transport.ko,misc,1,0,79,37,42,0,0,0,match,load-clean,load-clean,
wwan,wwan,/home/jmulesa/android/lineage/out/target/product/infiniti/system_dlkm/lib/modules/wwan.ko,misc,1,0,76,75,1,0,0,0,match,load-clean,load-clean,
